ISO-10303-21;
HEADER;
FILE_DESCRIPTION (( 'STEP AP203' ),
    '1' );
FILE_NAME ('8174.STEP',
    '2011-06-14T17:21:54',
    ( '' ),
    ( '' ),
    'SwSTEP 2.0',
    'SolidWorks 2009',
    '' );
FILE_SCHEMA (( 'CONFIG_CONTROL_DESIGN' ));
ENDSEC;

DATA;
#1 = EDGE_CURVE ( 'NONE', #5, #305, #1740, .T. ) ;
#2 = ORIENTED_EDGE ( 'NONE', *, *, #1, .T. ) ;
#3 = VERTEX_POINT ( 'NONE', #1735 ) ;
#4 = ORIENTED_EDGE ( 'NONE', *, *, #6, .F. ) ;
#5 = VERTEX_POINT ( 'NONE', #1734 ) ;
#6 = EDGE_CURVE ( 'NONE', #5, #3, #1733, .T. ) ;
#7 = EDGE_LOOP ( 'NONE', ( #4, #2, #176, #55 ) ) ;
#8 = ADVANCED_FACE ( 'NONE', ( #1729 ), #1728, .T. ) ;
#9 = ORIENTED_EDGE ( 'NONE', *, *, #323, .T. ) ;
#10 = ORIENTED_EDGE ( 'NONE', *, *, #73, .T. ) ;
#11 = ORIENTED_EDGE ( 'NONE', *, *, #156, .T. ) ;
#12 = VERTEX_POINT ( 'NONE', #1723 ) ;
#13 = ORIENTED_EDGE ( 'NONE', *, *, #311, .F. ) ;
#14 = VERTEX_POINT ( 'NONE', #1722 ) ;
#15 = EDGE_LOOP ( 'NONE', ( #18, #16, #167, #166 ) ) ;
#16 = ORIENTED_EDGE ( 'NONE', *, *, #171, .T. ) ;
#17 = EDGE_CURVE ( 'NONE', #12, #14, #1721, .T. ) ;
#18 = ORIENTED_EDGE ( 'NONE', *, *, #17, .T. ) ;
#19 = ADVANCED_FACE ( 'NONE', ( #1716 ), #1713, .F. ) ;
#20 = EDGE_CURVE ( 'NONE', #392, #175, #1771, .T. ) ;
#21 = ORIENTED_EDGE ( 'NONE', *, *, #130, .F. ) ;
#22 = EDGE_LOOP ( 'NONE', ( #21, #47, #45, #63 ) ) ;
#23 = ORIENTED_EDGE ( 'NONE', *, *, #20, .F. ) ;
#24 = ORIENTED_EDGE ( 'NONE', *, *, #173, .T. ) ;
#25 = ORIENTED_EDGE ( 'NONE', *, *, #27, .F. ) ;
#26 = EDGE_CURVE ( 'NONE', #4306, #220, #1767, .T. ) ;
#27 = EDGE_CURVE ( 'NONE', #637, #107, #1762, .T. ) ;
#28 = ADVANCED_FACE ( 'NONE', ( #1757 ), #1756, .T. ) ;
#29 = ORIENTED_EDGE ( 'NONE', *, *, #4309, .F. ) ;
#30 = EDGE_LOOP ( 'NONE', ( #25, #125, #112, #126 ) ) ;
#31 = EDGE_CURVE ( 'NONE', #32, #148, #1751, .T. ) ;
#32 = VERTEX_POINT ( 'NONE', #1747 ) ;
#33 = EDGE_LOOP ( 'NONE', ( #380, #384, #386, #387 ) ) ;
#34 = EDGE_CURVE ( 'NONE', #69, #3, #1746, .T. ) ;
#35 = ORIENTED_EDGE ( 'NONE', *, *, #4307, .F. ) ;
#36 = EDGE_CURVE ( 'NONE', #392, #32, #1742, .T. ) ;
#37 = ADVANCED_FACE ( 'NONE', ( #1800 ), #1799, .T. ) ;
#38 = ORIENTED_EDGE ( 'NONE', *, *, #31, .T. ) ;
#39 = EDGE_CURVE ( 'NONE', #48, #5, #1794, .T. ) ;
#40 = ORIENTED_EDGE ( 'NONE', *, *, #34, .F. ) ;
#41 = ORIENTED_EDGE ( 'NONE', *, *, #6, .T. ) ;
#42 = ORIENTED_EDGE ( 'NONE', *, *, #123, .F. ) ;
#43 = ADVANCED_FACE ( 'NONE', ( #1790 ), #1789, .T. ) ;
#44 = ORIENTED_EDGE ( 'NONE', *, *, #39, .T. ) ;
#45 = ORIENTED_EDGE ( 'NONE', *, *, #73, .F. ) ;
#46 = EDGE_CURVE ( 'NONE', #48, #69, #1787, .T. ) ;
#47 = ORIENTED_EDGE ( 'NONE', *, *, #65, .F. ) ;
#48 = VERTEX_POINT ( 'NONE', #1780 ) ;
#49 = EDGE_CURVE ( 'NONE', #163, #54, #1778, .T. ) ;
#50 = EDGE_CURVE ( 'NONE', #3, #346, #1836, .T. ) ;
#51 = ORIENTED_EDGE ( 'NONE', *, *, #365, .F. ) ;
#52 = ADVANCED_FACE ( 'NONE', ( #1832 ), #1831, .T. ) ;
#53 = ORIENTED_EDGE ( 'NONE', *, *, #398, .T. ) ;
#54 = VERTEX_POINT ( 'NONE', #1826 ) ;
#55 = ORIENTED_EDGE ( 'NONE', *, *, #50, .F. ) ;
#56 = EDGE_LOOP ( 'NONE', ( #57, #44, #41, #40 ) ) ;
#57 = ORIENTED_EDGE ( 'NONE', *, *, #46, .F. ) ;
#58 = EDGE_CURVE ( 'NONE', #71, #4312, #1825, .T. ) ;
#59 = ORIENTED_EDGE ( 'NONE', *, *, #61, .F. ) ;
#60 = VERTEX_POINT ( 'NONE', #1820 ) ;
#61 = EDGE_CURVE ( 'NONE', #68, #71, #1819, .T. ) ;
#62 = VERTEX_POINT ( 'NONE', #1815 ) ;
#63 = ORIENTED_EDGE ( 'NONE', *, *, #76, .T. ) ;
#64 = EDGE_LOOP ( 'NONE', ( #95, #91, #89, #84 ) ) ;
#65 = EDGE_CURVE ( 'NONE', #230, #122, #1814, .T. ) ;
#66 = ORIENTED_EDGE ( 'NONE', *, *, #179, .F. ) ;
#67 = EDGE_LOOP ( 'NONE', ( #88, #82, #90, #80 ) ) ;
#68 = VERTEX_POINT ( 'NONE', #1809 ) ;
#69 = VERTEX_POINT ( 'NONE', #1808 ) ;
#70 = ORIENTED_EDGE ( 'NONE', *, *, #58, .F. ) ;
#71 = VERTEX_POINT ( 'NONE', #1807 ) ;
#72 = EDGE_CURVE ( 'NONE', #306, #347, #1806, .T. ) ;
#73 = EDGE_CURVE ( 'NONE', #350, #230, #1866, .T. ) ;
#74 = ADVANCED_FACE ( 'NONE', ( #1862 ), #1860, .T. ) ;
#75 = EDGE_LOOP ( 'NONE', ( #70, #59, #42, #35 ) ) ;
#76 = EDGE_CURVE ( 'NONE', #350, #62, #1861, .T. ) ;
#77 = ORIENTED_EDGE ( 'NONE', *, *, #49, .F. ) ;
#78 = VERTEX_POINT ( 'NONE', #1851 ) ;
#79 = EDGE_CURVE ( 'NONE', #62, #86, #1850, .T. ) ;
#80 = ORIENTED_EDGE ( 'NONE', *, *, #79, .T. ) ;
#81 = VERTEX_POINT ( 'NONE', #1846 ) ;
#82 = ORIENTED_EDGE ( 'NONE', *, *, #100, .F. ) ;
#83 = EDGE_LOOP ( 'NONE', ( #77, #53, #51, #367 ) ) ;
#84 = ORIENTED_EDGE ( 'NONE', *, *, #99, .F. ) ;
#85 = EDGE_CURVE ( 'NONE', #78, #81, #1845, .T. ) ;
#86 = VERTEX_POINT ( 'NONE', #1841 ) ;
#87 = EDGE_CURVE ( 'NONE', #86, #60, #1840, .T. ) ;
#88 = ORIENTED_EDGE ( 'NONE', *, *, #87, .T. ) ;
#89 = ORIENTED_EDGE ( 'NONE', *, *, #85, .F. ) ;
#90 = ORIENTED_EDGE ( 'NONE', *, *, #130, .T. ) ;
#91 = ORIENTED_EDGE ( 'NONE', *, *, #93, .T. ) ;
#92 = ORIENTED_EDGE ( 'NONE', *, *, #354, .F. ) ;
#93 = EDGE_CURVE ( 'NONE', #306, #81, #1898, .T. ) ;
#94 = ORIENTED_EDGE ( 'NONE', *, *, #345, .F. ) ;
#95 = ORIENTED_EDGE ( 'NONE', *, *, #72, .F. ) ;
#96 = ORIENTED_EDGE ( 'NONE', *, *, #103, .T. ) ;
#97 = ADVANCED_FACE ( 'NONE', ( #1893 ), #1892, .T. ) ;
#98 = ORIENTED_EDGE ( 'NONE', *, *, #72, .T. ) ;
#99 = EDGE_CURVE ( 'NONE', #347, #78, #1890, .T. ) ;
#100 = EDGE_CURVE ( 'NONE', #122, #60, #1882, .T. ) ;
#101 = EDGE_LOOP ( 'NONE', ( #102, #98, #94, #96 ) ) ;
#102 = ORIENTED_EDGE ( 'NONE', *, *, #304, .T. ) ;
#103 = EDGE_CURVE ( 'NONE', #346, #305, #1878, .T. ) ;
#104 = ADVANCED_FACE ( 'NONE', ( #1874 ), #1872, .T. ) ;
#105 = EDGE_CURVE ( 'NONE', #217, #225, #1873, .T. ) ;
#106 = ORIENTED_EDGE ( 'NONE', *, *, #121, .T. ) ;
#107 = VERTEX_POINT ( 'NONE', #1928 ) ;
#108 = EDGE_CURVE ( 'NONE', #128, #7067, #1927, .T. ) ;
#109 = EDGE_LOOP ( 'NONE', ( #115, #4315, #4311, #66 ) ) ;
#110 = EDGE_LOOP ( 'NONE', ( #132, #111, #120, #29 ) ) ;
#111 = ORIENTED_EDGE ( 'NONE', *, *, #357, .F. ) ;
#112 = ORIENTED_EDGE ( 'NONE', *, *, #113, .F. ) ;
#113 = EDGE_CURVE ( 'NONE', #117, #627, #1922, .T. ) ;
#114 = ORIENTED_EDGE ( 'NONE', *, *, #133, .T. ) ;
#115 = ORIENTED_EDGE ( 'NONE', *, *, #131, .F. ) ;
#116 = EDGE_CURVE ( 'NONE', #107, #117, #1917, .T. ) ;
#117 = VERTEX_POINT ( 'NONE', #1913 ) ;
#118 = VERTEX_POINT ( 'NONE', #1912 ) ;
#119 = ORIENTED_EDGE ( 'NONE', *, *, #4309, .T. ) ;
#120 = ORIENTED_EDGE ( 'NONE', *, *, #26, .F. ) ;
#121 = EDGE_CURVE ( 'NONE', #7063, #118, #1911, .T. ) ;
#122 = VERTEX_POINT ( 'NONE', #1906 ) ;
#123 = EDGE_CURVE ( 'NONE', #128, #68, #1903, .T. ) ;
#124 = ADVANCED_FACE ( 'NONE', ( #1960 ), #1959, .T. ) ;
#125 = ORIENTED_EDGE ( 'NONE', *, *, #605, .F. ) ;
#126 = ORIENTED_EDGE ( 'NONE', *, *, #116, .F. ) ;
#127 = ADVANCED_FACE ( 'NONE', ( #1957 ), #1953, .T. ) ;
#128 = VERTEX_POINT ( 'NONE', #1951 ) ;
#129 = ORIENTED_EDGE ( 'NONE', *, *, #108, .T. ) ;
#130 = EDGE_CURVE ( 'NONE', #122, #62, #1947, .T. ) ;
#131 = EDGE_CURVE ( 'NONE', #4310, #180, #1943, .T. ) ;
#132 = ORIENTED_EDGE ( 'NONE', *, *, #121, .F. ) ;
#133 = EDGE_CURVE ( 'NONE', #569, #118, #1938, .T. ) ;
#134 = EDGE_LOOP ( 'NONE', ( #13, #11, #9, #10 ) ) ;
#135 = ORIENTED_EDGE ( 'NONE', *, *, #133, .F. ) ;
#136 = ORIENTED_EDGE ( 'NONE', *, *, #573, .T. ) ;
#137 = ORIENTED_EDGE ( 'NONE', *, *, #291, .F. ) ;
#138 = CARTESIAN_POINT ( 'NONE',  ( 1.481742259976409600, 14.52879999999999900, 3.280757740023590300 ) ) ;
#139 = VERTEX_POINT ( 'NONE', #1933 ) ;
#140 = ORIENTED_EDGE ( 'NONE', *, *, #1299, .T. ) ;
#141 = ORIENTED_EDGE ( 'NONE', *, *, #296, .F. ) ;
#142 = CARTESIAN_POINT ( 'NONE',  ( 2.095499999999998600, 14.57959999999999700, 3.894515480047178600 ) ) ;
#143 = CARTESIAN_POINT ( 'NONE',  ( 2.095499999999999500, 14.63039999999999800, 4.762500000000000200 ) ) ;
#144 = CARTESIAN_POINT ( 'NONE',  ( 2.095499999999998600, 14.68119999999999700, 5.630484519952821300 ) ) ;
#145 = EDGE_CURVE ( 'NONE', #148, #324, #1993, .T. ) ;
#146 = ORIENTED_EDGE ( 'NONE', *, *, #145, .T. ) ;
#147 = ADVANCED_FACE ( 'NONE', ( #1932 ), #1988, .T. ) ;
#148 = VERTEX_POINT ( 'NONE', #1983 ) ;
#149 = CARTESIAN_POINT ( 'NONE',  ( 0.0000000000000000000, 14.83359999999999900, 6.857999999999999700 ) ) ;
#150 = CARTESIAN_POINT ( 'NONE',  ( 1.481742259976410100, 14.73199999999999900, 6.244242259976410000 ) ) ;
#151 = CARTESIAN_POINT ( 'NONE',  ( 0.8679845199528218900, 14.78279999999999800, 6.857999999999999700 ) ) ;
#152 = ORIENTED_EDGE ( 'NONE', *, *, #154, .F. ) ;
#153 = EDGE_LOOP ( 'NONE', ( #155, #152, #174, #146 ) ) ;
#154 = EDGE_CURVE ( 'NONE', #175, #309, #1982, .T. ) ;
#155 = ORIENTED_EDGE ( 'NONE', *, *, #156, .F. ) ;
#156 = EDGE_CURVE ( 'NONE', #309, #324, #1977, .T. ) ;
#157 = ADVANCED_FACE ( 'NONE', ( #1973 ), #1971, .T. ) ;
#158 = EDGE_CURVE ( 'NONE', #393, #162, #1966, .T. ) ;
#159 = EDGE_CURVE ( 'NONE', #162, #163, #1962, .T. ) ;
#160 = ORIENTED_EDGE ( 'NONE', *, *, #158, .F. ) ;
#161 = EDGE_LOOP ( 'NONE', ( #164, #160, #394, #397 ) ) ;
#162 = VERTEX_POINT ( 'NONE', #2021 ) ;
#163 = VERTEX_POINT ( 'NONE', #2020 ) ;
#164 = ORIENTED_EDGE ( 'NONE', *, *, #159, .F. ) ;
#165 = EDGE_CURVE ( 'NONE', #172, #168, #2019, .T. ) ;
#166 = ORIENTED_EDGE ( 'NONE', *, *, #169, .T. ) ;
#167 = ORIENTED_EDGE ( 'NONE', *, *, #165, .T. ) ;
#168 = VERTEX_POINT ( 'NONE', #2015 ) ;
#169 = EDGE_CURVE ( 'NONE', #168, #12, #2014, .T. ) ;
#170 = ADVANCED_FACE ( 'NONE', ( #2010 ), #2009, .T. ) ;
#171 = EDGE_CURVE ( 'NONE', #14, #172, #2004, .T. ) ;
#172 = VERTEX_POINT ( 'NONE', #2000 ) ;
#173 = EDGE_CURVE ( 'NONE', #148, #175, #1999, .T. ) ;
#174 = ORIENTED_EDGE ( 'NONE', *, *, #173, .F. ) ;
#175 = VERTEX_POINT ( 'NONE', #1995 ) ;
#176 = ORIENTED_EDGE ( 'NONE', *, *, #103, .F. ) ;
#177 = PRODUCT_RELATED_PRODUCT_CATEGORY ( 'detail', '', ( #6835 ) ) ;
#178 =( GEOMETRIC_REPRESENTATION_CONTEXT ( 3 ) GLOBAL_UNCERTAINTY_ASSIGNED_CONTEXT ( ( #6739 ) ) GLOBAL_UNIT_ASSIGNED_CONTEXT ( ( #6745, #6741, #6740 ) ) REPRESENTATION_CONTEXT ( 'NONE', 'WORKASPACE' ) );
#179 = EDGE_CURVE ( 'NONE', #180, #312, #1994, .T. ) ;
#180 = VERTEX_POINT ( 'NONE', #2051 ) ;
#181 = ORIENTED_EDGE ( 'NONE', *, *, #179, .T. ) ;
#182 = EDGE_LOOP ( 'NONE', ( #183, #187, #214, #209 ) ) ;
#183 = ORIENTED_EDGE ( 'NONE', *, *, #185, .F. ) ;
#184 = VERTEX_POINT ( 'NONE', #2050 ) ;
#185 = EDGE_CURVE ( 'NONE', #320, #184, #2049, .T. ) ;
#186 = EDGE_CURVE ( 'NONE', #336, #180, #2044, .T. ) ;
#187 = ORIENTED_EDGE ( 'NONE', *, *, #195, .T. ) ;
#188 = VERTEX_POINT ( 'NONE', #2040 ) ;
#189 = ORIENTED_EDGE ( 'NONE', *, *, #186, .T. ) ;
#190 = EDGE_CURVE ( 'NONE', #194, #191, #2039, .T. ) ;
#191 = VERTEX_POINT ( 'NONE', #2035 ) ;
#192 = ORIENTED_EDGE ( 'NONE', *, *, #190, .F. ) ;
#193 = ORIENTED_EDGE ( 'NONE', *, *, #195, .F. ) ;
#194 = VERTEX_POINT ( 'NONE', #2034 ) ;
#195 = EDGE_CURVE ( 'NONE', #320, #194, #2033, .T. ) ;
#196 = ADVANCED_FACE ( 'NONE', ( #2029 ), #2028, .T. ) ;
#197 = EDGE_CURVE ( 'NONE', #191, #319, #2086, .T. ) ;
#198 = VERTEX_POINT ( 'NONE', #2081 ) ;
#199 = ORIENTED_EDGE ( 'NONE', *, *, #197, .F. ) ;
#200 = EDGE_CURVE ( 'NONE', #201, #198, #2080, .T. ) ;
#201 = VERTEX_POINT ( 'NONE', #2076 ) ;
#202 = ORIENTED_EDGE ( 'NONE', *, *, #200, .T. ) ;
#203 = ORIENTED_EDGE ( 'NONE', *, *, #207, .F. ) ;
#204 = EDGE_LOOP ( 'NONE', ( #205, #203, #202, #213 ) ) ;
#205 = ORIENTED_EDGE ( 'NONE', *, *, #614, .F. ) ;
#206 = ADVANCED_FACE ( 'NONE', ( #2075 ), #2074, .T. ) ;
#207 = EDGE_CURVE ( 'NONE', #201, #679, #2069, .T. ) ;
#208 = EDGE_CURVE ( 'NONE', #184, #188, #2064, .T. ) ;
#209 = ORIENTED_EDGE ( 'NONE', *, *, #208, .F. ) ;
#210 = EDGE_CURVE ( 'NONE', #188, #194, #2060, .T. ) ;
#211 = EDGE_CURVE ( 'NONE', #681, #217, #2055, .T. ) ;
#212 = ORIENTED_EDGE ( 'NONE', *, *, #211, .F. ) ;
#213 = ORIENTED_EDGE ( 'NONE', *, *, #266, .F. ) ;
#214 = ORIENTED_EDGE ( 'NONE', *, *, #210, .F. ) ;
#215 = ORIENTED_EDGE ( 'NONE', *, *, #226, .F. ) ;
#216 = EDGE_LOOP ( 'NONE', ( #212, #218, #215, #223 ) ) ;
#217 = VERTEX_POINT ( 'NONE', #2114 ) ;
#218 = ORIENTED_EDGE ( 'NONE', *, *, #685, .T. ) ;
#219 = ADVANCED_FACE ( 'NONE', ( #2113 ), #2112, .T. ) ;
#220 = VERTEX_POINT ( 'NONE', #2111 ) ;
#221 = VERTEX_POINT ( 'NONE', #2106 ) ;
#222 = ADVANCED_FACE ( 'NONE', ( #2105 ), #2104, .F. ) ;
#223 = ORIENTED_EDGE ( 'NONE', *, *, #7066, .F. ) ;
#224 = EDGE_LOOP ( 'NONE', ( #356, #7060, #7068, #7064 ) ) ;
#225 = VERTEX_POINT ( 'NONE', #2103 ) ;
#226 = EDGE_CURVE ( 'NONE', #221, #608, #2098, .T. ) ;
#227 = EDGE_LOOP ( 'NONE', ( #7071, #114, #119, #7062 ) ) ;
#228 = ADVANCED_FACE ( 'NONE', ( #2094 ), #2093, .F. ) ;
#229 = VERTEX_POINT ( 'NONE', #2091 ) ;
#230 = VERTEX_POINT ( 'NONE', #2087 ) ;
#231 = EDGE_CURVE ( 'NONE', #260, #595, #2143, .T. ) ;
#232 = ORIENTED_EDGE ( 'NONE', *, *, #256, .T. ) ;
#233 = ORIENTED_EDGE ( 'NONE', *, *, #234, .T. ) ;
#234 = EDGE_CURVE ( 'NONE', #230, #306, #2142, .T. ) ;
#235 = EDGE_LOOP ( 'NONE', ( #236, #237 ) ) ;
#236 = ORIENTED_EDGE ( 'NONE', *, *, #586, .T. ) ;
#237 = ORIENTED_EDGE ( 'NONE', *, *, #291, .T. ) ;
#238 = ORIENTED_EDGE ( 'NONE', *, *, #552, .F. ) ;
#239 = ORIENTED_EDGE ( 'NONE', *, *, #231, .F. ) ;
#240 = VERTEX_POINT ( 'NONE', #2128 ) ;
#241 = EDGE_CURVE ( 'NONE', #242, #259, #2127, .T. ) ;
#242 = VERTEX_POINT ( 'NONE', #2123 ) ;
#243 = ORIENTED_EDGE ( 'NONE', *, *, #515, .F. ) ;
#244 = ORIENTED_EDGE ( 'NONE', *, *, #241, .T. ) ;
#245 = EDGE_LOOP ( 'NONE', ( #253, #255, #249, #250, #254, #243, #267, #238, #239, #232, #299 ) ) ;
#246 = ADVANCED_FACE ( 'NONE', ( #2122 ), #2121, .F. ) ;
#247 = EDGE_CURVE ( 'NONE', #263, #242, #2261, .T. ) ;
#248 = ORIENTED_EDGE ( 'NONE', *, *, #247, .T. ) ;
#249 = ORIENTED_EDGE ( 'NONE', *, *, #680, .F. ) ;
#250 = ORIENTED_EDGE ( 'NONE', *, *, #516, .F. ) ;
#251 = EDGE_CURVE ( 'NONE', #229, #252, #2270, .T. ) ;
#252 = VERTEX_POINT ( 'NONE', #2269 ) ;
#253 = ORIENTED_EDGE ( 'NONE', *, *, #251, .F. ) ;
#254 = ORIENTED_EDGE ( 'NONE', *, *, #661, .F. ) ;
#255 = ORIENTED_EDGE ( 'NONE', *, *, #450, .F. ) ;
#256 = EDGE_CURVE ( 'NONE', #260, #258, #2263, .T. ) ;
#257 = ORIENTED_EDGE ( 'NONE', *, *, #256, .F. ) ;
#258 = VERTEX_POINT ( 'NONE', #2262 ) ;
#259 = VERTEX_POINT ( 'NONE', #2264 ) ;
#260 = VERTEX_POINT ( 'NONE', #2357 ) ;
#261 = ORIENTED_EDGE ( 'NONE', *, *, #262, .F. ) ;
#262 = EDGE_CURVE ( 'NONE', #263, #260, #2356, .T. ) ;
#263 = VERTEX_POINT ( 'NONE', #2355 ) ;
#264 = ORIENTED_EDGE ( 'NONE', *, *, #265, .F. ) ;
#265 = EDGE_CURVE ( 'NONE', #258, #259, #2354, .T. ) ;
#266 = EDGE_CURVE ( 'NONE', #687, #198, #2384, .T. ) ;
#267 = ORIENTED_EDGE ( 'NONE', *, *, #656, .F. ) ;
#268 = ORIENTED_EDGE ( 'NONE', *, *, #353, .F. ) ;
#269 = ORIENTED_EDGE ( 'NONE', *, *, #271, .F. ) ;
#270 = ADVANCED_FACE ( 'NONE', ( #2379 ), #2376, .F. ) ;
#271 = EDGE_CURVE ( 'NONE', #598, #229, #2378, .T. ) ;
#272 = EDGE_LOOP ( 'NONE', ( #264, #257, #261, #248, #244 ) ) ;
#273 = ADVANCED_FACE ( 'NONE', ( #2440 ), #2501, .F. ) ;
#274 = EDGE_LOOP ( 'NONE', ( #275, #268, #351, #352, #337, #338, #339, #340, #341 ) ) ;
#275 = ORIENTED_EDGE ( 'NONE', *, *, #276, .F. ) ;
#276 = EDGE_CURVE ( 'NONE', #277, #263, #2563, .T. ) ;
#277 = VERTEX_POINT ( 'NONE', #2502 ) ;
#278 = ORIENTED_EDGE ( 'NONE', *, *, #284, .F. ) ;
#279 = EDGE_LOOP ( 'NONE', ( #282, #283 ) ) ;
#280 = EDGE_CURVE ( 'NONE', #297, #259, #2562, .T. ) ;
#281 = ADVANCED_FACE ( 'NONE', ( #2613, #2612 ), #2611, .F. ) ;
#282 = ORIENTED_EDGE ( 'NONE', *, *, #549, .F. ) ;
#283 = ORIENTED_EDGE ( 'NONE', *, *, #289, .F. ) ;
#284 = EDGE_CURVE ( 'NONE', #676, #242, #2606, .T. ) ;
#285 = EDGE_CURVE ( 'NONE', #558, #546, #2602, .T. ) ;
#286 = ORIENTED_EDGE ( 'NONE', *, *, #560, .F. ) ;
#287 = ORIENTED_EDGE ( 'NONE', *, *, #285, .F. ) ;
#288 = ORIENTED_EDGE ( 'NONE', *, *, #241, .F. ) ;
#289 = EDGE_CURVE ( 'NONE', #550, #484, #2597, .T. ) ;
#290 = EDGE_LOOP ( 'NONE', ( #287, #286 ) ) ;
#291 = EDGE_CURVE ( 'NONE', #589, #571, #2591, .T. ) ;
#292 = ADVANCED_FACE ( 'NONE', ( #2592 ), #2652, .T. ) ;
#293 = EDGE_LOOP ( 'NONE', ( #294, #295, #298, #288, #278 ) ) ;
#294 = ORIENTED_EDGE ( 'NONE', *, *, #673, .F. ) ;
#295 = ORIENTED_EDGE ( 'NONE', *, *, #296, .T. ) ;
#296 = EDGE_CURVE ( 'NONE', #522, #297, #2647, .T. ) ;
#297 = VERTEX_POINT ( 'NONE', #2643 ) ;
#298 = ORIENTED_EDGE ( 'NONE', *, *, #280, .T. ) ;
#299 = ORIENTED_EDGE ( 'NONE', *, *, #300, .F. ) ;
#300 = EDGE_CURVE ( 'NONE', #252, #258, #2640, .T. ) ;
#301 = ADVANCED_FACE ( 'NONE', ( #2642, #2641 ), #2621, .T. ) ;
#302 = EDGE_LOOP ( 'NONE', ( #303, #307, #310, #233 ) ) ;
#303 = ORIENTED_EDGE ( 'NONE', *, *, #304, .F. ) ;
#304 = EDGE_CURVE ( 'NONE', #305, #306, #2684, .T. ) ;
#305 = VERTEX_POINT ( 'NONE', #2680 ) ;
#306 = VERTEX_POINT ( 'NONE', #2679 ) ;
#307 = ORIENTED_EDGE ( 'NONE', *, *, #308, .F. ) ;
#308 = EDGE_CURVE ( 'NONE', #309, #305, #2678, .T. ) ;
#309 = VERTEX_POINT ( 'NONE', #2674 ) ;
#310 = ORIENTED_EDGE ( 'NONE', *, *, #311, .T. ) ;
#311 = EDGE_CURVE ( 'NONE', #309, #230, #2673, .T. ) ;
#312 = VERTEX_POINT ( 'NONE', #2669 ) ;
#313 = ORIENTED_EDGE ( 'NONE', *, *, #314, .T. ) ;
#314 = EDGE_CURVE ( 'NONE', #312, #335, #2668, .T. ) ;
#315 = ADVANCED_FACE ( 'NONE', ( #2664 ), #2663, .T. ) ;
#316 = EDGE_LOOP ( 'NONE', ( #317, #199, #192, #193 ) ) ;
#317 = ORIENTED_EDGE ( 'NONE', *, *, #318, .F. ) ;
#318 = EDGE_CURVE ( 'NONE', #319, #320, #2661, .T. ) ;
#319 = VERTEX_POINT ( 'NONE', #2653 ) ;
#320 = VERTEX_POINT ( 'NONE', #2654 ) ;
#321 = ORIENTED_EDGE ( 'NONE', *, *, #323, .F. ) ;
#322 = ORIENTED_EDGE ( 'NONE', *, *, #105, .T. ) ;
#323 = EDGE_CURVE ( 'NONE', #324, #350, #2714, .T. ) ;
#324 = VERTEX_POINT ( 'NONE', #2710 ) ;
#325 = ORIENTED_EDGE ( 'NONE', *, *, #326, .T. ) ;
#326 = EDGE_CURVE ( 'NONE', #324, #346, #2709, .T. ) ;
#327 = EDGE_LOOP ( 'NONE', ( #328, #329 ) ) ;
#328 = ORIENTED_EDGE ( 'NONE', *, *, #533, .F. ) ;
#329 = ORIENTED_EDGE ( 'NONE', *, *, #330, .F. ) ;
#330 = EDGE_CURVE ( 'NONE', #545, #534, #2705, .T. ) ;
#331 = ADVANCED_FACE ( 'NONE', ( #2700 ), #2699, .F. ) ;
#332 = EDGE_LOOP ( 'NONE', ( #333, #189, #181, #313 ) ) ;
#333 = ORIENTED_EDGE ( 'NONE', *, *, #334, .T. ) ;
#334 = EDGE_CURVE ( 'NONE', #335, #336, #2697, .T. ) ;
#335 = VERTEX_POINT ( 'NONE', #2689 ) ;
#336 = VERTEX_POINT ( 'NONE', #2688 ) ;
#337 = ORIENTED_EDGE ( 'NONE', *, *, #444, .T. ) ;
#338 = ORIENTED_EDGE ( 'NONE', *, *, #647, .T. ) ;
#339 = ORIENTED_EDGE ( 'NONE', *, *, #510, .T. ) ;
#340 = ORIENTED_EDGE ( 'NONE', *, *, #284, .T. ) ;
#341 = ORIENTED_EDGE ( 'NONE', *, *, #247, .F. ) ;
#342 = ADVANCED_FACE ( 'NONE', ( #2687, #2686 ), #2685, .F. ) ;
#343 = EDGE_LOOP ( 'NONE', ( #344, #348, #321, #325 ) ) ;
#344 = ORIENTED_EDGE ( 'NONE', *, *, #345, .T. ) ;
#345 = EDGE_CURVE ( 'NONE', #346, #347, #2741, .T. ) ;
#346 = VERTEX_POINT ( 'NONE', #2737 ) ;
#347 = VERTEX_POINT ( 'NONE', #2736 ) ;
#348 = ORIENTED_EDGE ( 'NONE', *, *, #349, .F. ) ;
#349 = EDGE_CURVE ( 'NONE', #350, #347, #2735, .T. ) ;
#350 = VERTEX_POINT ( 'NONE', #2731 ) ;
#351 = ORIENTED_EDGE ( 'NONE', *, *, #506, .T. ) ;
#352 = ORIENTED_EDGE ( 'NONE', *, *, #665, .T. ) ;
#353 = EDGE_CURVE ( 'NONE', #519, #277, #2730, .T. ) ;
#354 = EDGE_CURVE ( 'NONE', #7063, #225, #2729, .T. ) ;
#355 = EDGE_CURVE ( 'NONE', #7069, #220, #2721, .T. ) ;
#356 = ORIENTED_EDGE ( 'NONE', *, *, #357, .T. ) ;
#357 = EDGE_CURVE ( 'NONE', #220, #7063, #2716, .T. ) ;
#358 = VERTEX_POINT ( 'NONE', #2118 ) ;
#359 = ORIENTED_EDGE ( 'NONE', *, *, #100, .T. ) ;
#360 = ORIENTED_EDGE ( 'NONE', *, *, #434, .F. ) ;
#361 = EDGE_CURVE ( 'NONE', #358, #366, #2439, .T. ) ;
#362 = ORIENTED_EDGE ( 'NONE', *, *, #636, .F. ) ;
#363 = ORIENTED_EDGE ( 'NONE', *, *, #760, .F. ) ;
#364 = ORIENTED_EDGE ( 'NONE', *, *, #27, .T. ) ;
#365 = EDGE_CURVE ( 'NONE', #366, #396, #2776, .T. ) ;
#366 = VERTEX_POINT ( 'NONE', #2771 ) ;
#367 = ORIENTED_EDGE ( 'NONE', *, *, #368, .F. ) ;
#368 = EDGE_CURVE ( 'NONE', #54, #366, #2770, .T. ) ;
#369 = ADVANCED_FACE ( 'NONE', ( #2766 ), #2764, .T. ) ;
#370 = EDGE_LOOP ( 'NONE', ( #371, #374, #376, #377, #359, #360, #438, #436, #437, #440, #413, #415 ) ) ;
#371 = ORIENTED_EDGE ( 'NONE', *, *, #372, .F. ) ;
#372 = EDGE_CURVE ( 'NONE', #373, #188, #2765, .T. ) ;
#373 = VERTEX_POINT ( 'NONE', #2756 ) ;
#374 = ORIENTED_EDGE ( 'NONE', *, *, #375, .F. ) ;
#375 = EDGE_CURVE ( 'NONE', #383, #373, #2755, .T. ) ;
#376 = ORIENTED_EDGE ( 'NONE', *, *, #388, .F. ) ;
#377 = ORIENTED_EDGE ( 'NONE', *, *, #378, .F. ) ;
#378 = EDGE_CURVE ( 'NONE', #122, #81, #2751, .T. ) ;
#379 = ADVANCED_FACE ( 'NONE', ( #2747 ), #2746, .T. ) ;
#380 = ORIENTED_EDGE ( 'NONE', *, *, #381, .F. ) ;
#381 = EDGE_CURVE ( 'NONE', #382, #383, #2803, .T. ) ;
#382 = VERTEX_POINT ( 'NONE', #2799 ) ;
#383 = VERTEX_POINT ( 'NONE', #2798 ) ;
#384 = ORIENTED_EDGE ( 'NONE', *, *, #385, .F. ) ;
#385 = EDGE_CURVE ( 'NONE', #78, #382, #2797, .T. ) ;
#386 = ORIENTED_EDGE ( 'NONE', *, *, #85, .T. ) ;
#387 = ORIENTED_EDGE ( 'NONE', *, *, #388, .T. ) ;
#388 = EDGE_CURVE ( 'NONE', #81, #383, #2793, .T. ) ;
#389 = ADVANCED_FACE ( 'NONE', ( #2789 ), #2788, .T. ) ;
#390 = EDGE_LOOP ( 'NONE', ( #391, #38, #24, #23 ) ) ;
#391 = ORIENTED_EDGE ( 'NONE', *, *, #36, .T. ) ;
#392 = VERTEX_POINT ( 'NONE', #2783 ) ;
#393 = VERTEX_POINT ( 'NONE', #2782 ) ;
#394 = ORIENTED_EDGE ( 'NONE', *, *, #395, .F. ) ;
#395 = EDGE_CURVE ( 'NONE', #396, #393, #2781, .T. ) ;
#396 = VERTEX_POINT ( 'NONE', #2777 ) ;
#397 = ORIENTED_EDGE ( 'NONE', *, *, #398, .F. ) ;
#398 = EDGE_CURVE ( 'NONE', #163, #396, #2837, .T. ) ;
#399 = ADVANCED_FACE ( 'NONE', ( #2833 ), #2832, .T. ) ;
#400 = EDGE_LOOP ( 'NONE', ( #834, #835, #837, #838, #839, #840, #841, #842, #843, #823, #824, #825 ) ) ;
#401 = ORIENTED_EDGE ( 'NONE', *, *, #308, .T. ) ;
#402 = ADVANCED_FACE ( 'NONE', ( #2830 ), #2826, .T. ) ;
#403 = EDGE_LOOP ( 'NONE', ( #404, #466, #467, #470, #407, #458, #461, #464, #473, #474, #475, #476 ) ) ;
#404 = ORIENTED_EDGE ( 'NONE', *, *, #405, .F. ) ;
#405 = EDGE_CURVE ( 'NONE', #198, #406, #2824, .T. ) ;
#406 = VERTEX_POINT ( 'NONE', #2817 ) ;
#407 = ORIENTED_EDGE ( 'NONE', *, *, #408, .F. ) ;
#408 = EDGE_CURVE ( 'NONE', #409, #472, #2816, .T. ) ;
#409 = VERTEX_POINT ( 'NONE', #2812 ) ;
#410 = ORIENTED_EDGE ( 'NONE', *, *, #411, .F. ) ;
#411 = EDGE_CURVE ( 'NONE', #175, #5, #2811, .T. ) ;
#412 = ORIENTED_EDGE ( 'NONE', *, *, #154, .T. ) ;
#413 = ORIENTED_EDGE ( 'NONE', *, *, #414, .F. ) ;
#414 = EDGE_CURVE ( 'NONE', #184, #240, #2869, .T. ) ;
#415 = ORIENTED_EDGE ( 'NONE', *, *, #208, .T. ) ;
#416 = ADVANCED_FACE ( 'NONE', ( #2865 ), #2863, .T. ) ;
#417 = EDGE_LOOP ( 'NONE', ( #418, #419, #420, #421 ) ) ;
#418 = ORIENTED_EDGE ( 'NONE', *, *, #93, .F. ) ;
#419 = ORIENTED_EDGE ( 'NONE', *, *, #234, .F. ) ;
#420 = ORIENTED_EDGE ( 'NONE', *, *, #65, .T. ) ;
#421 = ORIENTED_EDGE ( 'NONE', *, *, #378, .T. ) ;
#422 = ADVANCED_FACE ( 'NONE', ( #2864 ), #2858, .T. ) ;
#423 = EDGE_LOOP ( 'NONE', ( #424, #410, #412, #401 ) ) ;
#424 = ORIENTED_EDGE ( 'NONE', *, *, #1, .F. ) ;
#425 = ORIENTED_EDGE ( 'NONE', *, *, #426, .F. ) ;
#426 = EDGE_CURVE ( 'NONE', #617, #427, #2853, .T. ) ;
#427 = VERTEX_POINT ( 'NONE', #2849 ) ;
#428 = ORIENTED_EDGE ( 'NONE', *, *, #621, .T. ) ;
#429 = ORIENTED_EDGE ( 'NONE', *, *, #430, .F. ) ;
#430 = EDGE_CURVE ( 'NONE', #431, #565, #2848, .T. ) ;
#431 = VERTEX_POINT ( 'NONE', #2844 ) ;
#432 = ORIENTED_EDGE ( 'NONE', *, *, #433, .F. ) ;
#433 = EDGE_CURVE ( 'NONE', #427, #431, #2842, .T. ) ;
#434 = EDGE_CURVE ( 'NONE', #435, #60, #2843, .T. ) ;
#435 = VERTEX_POINT ( 'NONE', #2888 ) ;
#436 = ORIENTED_EDGE ( 'NONE', *, *, #368, .T. ) ;
#437 = ORIENTED_EDGE ( 'NONE', *, *, #361, .F. ) ;
#438 = ORIENTED_EDGE ( 'NONE', *, *, #439, .F. ) ;
#439 = EDGE_CURVE ( 'NONE', #54, #435, #2887, .T. ) ;
#440 = ORIENTED_EDGE ( 'NONE', *, *, #441, .F. ) ;
#441 = EDGE_CURVE ( 'NONE', #240, #358, #2883, .T. ) ;
#442 = ORIENTED_EDGE ( 'NONE', *, *, #516, .T. ) ;
#443 = EDGE_LOOP ( 'NONE', ( #518, #446, #521, #505 ) ) ;
#444 = EDGE_CURVE ( 'NONE', #667, #648, #2879, .T. ) ;
#445 = ORIENTED_EDGE ( 'NONE', *, *, #726, .F. ) ;
#446 = ORIENTED_EDGE ( 'NONE', *, *, #515, .T. ) ;
#447 = EDGE_CURVE ( 'NONE', #469, #758, #2915, .T. ) ;
#448 = ORIENTED_EDGE ( 'NONE', *, *, #674, .F. ) ;
#449 = ORIENTED_EDGE ( 'NONE', *, *, #450, .T. ) ;
#450 = EDGE_CURVE ( 'NONE', #683, #229, #2909, .T. ) ;
#451 = ORIENTED_EDGE ( 'NONE', *, *, #447, .F. ) ;
#452 = ADVANCED_FACE ( 'NONE', ( #2911 ), #2910, .F. ) ;
#453 = ORIENTED_EDGE ( 'NONE', *, *, #630, .F. ) ;
#454 = ORIENTED_EDGE ( 'NONE', *, *, #455, .F. ) ;
#455 = EDGE_CURVE ( 'NONE', #460, #616, #2899, .T. ) ;
#456 = ORIENTED_EDGE ( 'NONE', *, *, #459, .T. ) ;
#457 = EDGE_LOOP ( 'NONE', ( #425, #428, #429, #432 ) ) ;
#458 = ORIENTED_EDGE ( 'NONE', *, *, #459, .F. ) ;
#459 = EDGE_CURVE ( 'NONE', #460, #409, #2892, .T. ) ;
#460 = VERTEX_POINT ( 'NONE', #2944 ) ;
#461 = ORIENTED_EDGE ( 'NONE', *, *, #462, .F. ) ;
#462 = EDGE_CURVE ( 'NONE', #463, #460, #2943, .T. ) ;
#463 = VERTEX_POINT ( 'NONE', #2939 ) ;
#464 = ORIENTED_EDGE ( 'NONE', *, *, #465, .F. ) ;
#465 = EDGE_CURVE ( 'NONE', #392, #463, #2938, .T. ) ;
#466 = ORIENTED_EDGE ( 'NONE', *, *, #200, .F. ) ;
#467 = ORIENTED_EDGE ( 'NONE', *, *, #468, .F. ) ;
#468 = EDGE_CURVE ( 'NONE', #469, #201, #2934, .T. ) ;
#469 = VERTEX_POINT ( 'NONE', #2930 ) ;
#470 = ORIENTED_EDGE ( 'NONE', *, *, #471, .F. ) ;
#471 = EDGE_CURVE ( 'NONE', #472, #469, #2929, .T. ) ;
#472 = VERTEX_POINT ( 'NONE', #2925 ) ;
#473 = ORIENTED_EDGE ( 'NONE', *, *, #20, .T. ) ;
#474 = ORIENTED_EDGE ( 'NONE', *, *, #411, .T. ) ;
#475 = ORIENTED_EDGE ( 'NONE', *, *, #39, .F. ) ;
#476 = ORIENTED_EDGE ( 'NONE', *, *, #477, .F. ) ;
#477 = EDGE_CURVE ( 'NONE', #406, #48, #2924, .T. ) ;
#478 = ADVANCED_FACE ( 'NONE', ( #2920 ), #2919, .T. ) ;
#479 = EDGE_LOOP ( 'NONE', ( #453, #454, #456, #480 ) ) ;
#480 = ORIENTED_EDGE ( 'NONE', *, *, #481, .F. ) ;
#481 = EDGE_CURVE ( 'NONE', #619, #409, #2977, .T. ) ;
#482 = ADVANCED_FACE ( 'NONE', ( #2972 ), #2971, .T. ) ;
#483 = EDGE_CURVE ( 'NONE', #580, #558, #2966, .T. ) ;
#484 = VERTEX_POINT ( 'NONE', #2962 ) ;
#485 = EDGE_LOOP ( 'NONE', ( #548, #526, #527, #528 ) ) ;
#486 = ORIENTED_EDGE ( 'NONE', *, *, #552, .T. ) ;
#487 = EDGE_CURVE ( 'NONE', #221, #7069, #2961, .T. ) ;
#488 = ORIENTED_EDGE ( 'NONE', *, *, #207, .T. ) ;
#489 = ORIENTED_EDGE ( 'NONE', *, *, #611, .T. ) ;
#490 = EDGE_LOOP ( 'NONE', ( #498, #488, #489, #494, #322, #92, #106, #135, #362, #364, #363, #451 ) ) ;
#491 = ORIENTED_EDGE ( 'NONE', *, *, #477, .T. ) ;
#492 = ADVANCED_FACE ( 'NONE', ( #2957 ), #2956, .F. ) ;
#493 = ORIENTED_EDGE ( 'NONE', *, *, #487, .F. ) ;
#494 = ORIENTED_EDGE ( 'NONE', *, *, #211, .T. ) ;
#495 = ORIENTED_EDGE ( 'NONE', *, *, #606, .T. ) ;
#496 = ORIENTED_EDGE ( 'NONE', *, *, #46, .T. ) ;
#497 = ORIENTED_EDGE ( 'NONE', *, *, #1679, .F. ) ;
#498 = ORIENTED_EDGE ( 'NONE', *, *, #468, .T. ) ;
#499 = ORIENTED_EDGE ( 'NONE', *, *, #266, .T. ) ;
#500 = EDGE_LOOP ( 'NONE', ( #491, #496, #503, #497 ) ) ;
#501 = ORIENTED_EDGE ( 'NONE', *, *, #226, .T. ) ;
#502 = ADVANCED_FACE ( 'NONE', ( #2950 ), #2954, .F. ) ;
#503 = ORIENTED_EDGE ( 'NONE', *, *, #692, .F. ) ;
#504 = ADVANCED_FACE ( 'NONE', ( #2997 ), #2996, .F. ) ;
#505 = ORIENTED_EDGE ( 'NONE', *, *, #444, .F. ) ;
#506 = EDGE_CURVE ( 'NONE', #519, #657, #2991, .T. ) ;
#507 = EDGE_LOOP ( 'NONE', ( #445, #442, #508, #509 ) ) ;
#508 = ORIENTED_EDGE ( 'NONE', *, *, #677, .T. ) ;
#509 = ORIENTED_EDGE ( 'NONE', *, *, #510, .F. ) ;
#510 = EDGE_CURVE ( 'NONE', #649, #676, #2981, .T. ) ;
#511 = ADVANCED_FACE ( 'NONE', ( #2980 ), #2979, .F. ) ;
#512 = EDGE_LOOP ( 'NONE', ( #448, #449, #269 ) ) ;
#513 = EDGE_CURVE ( 'NONE', #584, #519, #3008, .T. ) ;
#514 = ORIENTED_EDGE ( 'NONE', *, *, #506, .F. ) ;
#515 = EDGE_CURVE ( 'NONE', #663, #653, #3001, .T. ) ;
#516 = EDGE_CURVE ( 'NONE', #652, #604, #3036, .T. ) ;
#517 = ORIENTED_EDGE ( 'NONE', *, *, #668, .T. ) ;
#518 = ORIENTED_EDGE ( 'NONE', *, *, #654, .F. ) ;
#519 = VERTEX_POINT ( 'NONE', #3037 ) ;
#520 = ADVANCED_FACE ( 'NONE', ( #3038 ), #3026, .F. ) ;
#521 = ORIENTED_EDGE ( 'NONE', *, *, #728, .T. ) ;
#522 = VERTEX_POINT ( 'NONE', #3025 ) ;
#523 = ORIENTED_EDGE ( 'NONE', *, *, #524, .T. ) ;
#524 = EDGE_CURVE ( 'NONE', #545, #535, #3024, .T. ) ;
#525 = EDGE_CURVE ( 'NONE', #550, #535, #3075, .T. ) ;
#526 = ORIENTED_EDGE ( 'NONE', *, *, #525, .T. ) ;
#527 = ORIENTED_EDGE ( 'NONE', *, *, #544, .F. ) ;
#528 = ORIENTED_EDGE ( 'NONE', *, *, #530, .F. ) ;
#529 = EDGE_LOOP ( 'NONE', ( #532, #523, #536, #538 ) ) ;
#530 = EDGE_CURVE ( 'NONE', #484, #543, #3067, .T. ) ;
#531 = ADVANCED_FACE ( 'NONE', ( #3063 ), #3061, .F. ) ;
#532 = ORIENTED_EDGE ( 'NONE', *, *, #533, .T. ) ;
#533 = EDGE_CURVE ( 'NONE', #534, #545, #3062, .T. ) ;
#534 = VERTEX_POINT ( 'NONE', #3052 ) ;
#535 = VERTEX_POINT ( 'NONE', #3051 ) ;
#536 = ORIENTED_EDGE ( 'NONE', *, *, #537, .T. ) ;
#537 = EDGE_CURVE ( 'NONE', #535, #543, #3049, .T. ) ;
#538 = ORIENTED_EDGE ( 'NONE', *, *, #539, .F. ) ;
#539 = EDGE_CURVE ( 'NONE', #534, #543, #3105, .T. ) ;
#540 = ADVANCED_FACE ( 'NONE', ( #3101 ), #3100, .F. ) ;
#541 = EDGE_LOOP ( 'NONE', ( #542, #631, #638, #640 ) ) ;
#542 = ORIENTED_EDGE ( 'NONE', *, *, #633, .T. ) ;
#543 = VERTEX_POINT ( 'NONE', #3098 ) ;
#544 = EDGE_CURVE ( 'NONE', #543, #535, #3094, .T. ) ;
#545 = VERTEX_POINT ( 'NONE', #3089 ) ;
#546 = VERTEX_POINT ( 'NONE', #3088 ) ;
#547 = ADVANCED_FACE ( 'NONE', ( #3087 ), #3086, .T. ) ;
#548 = ORIENTED_EDGE ( 'NONE', *, *, #549, .T. ) ;
#549 = EDGE_CURVE ( 'NONE', #484, #550, #3085, .T. ) ;
#550 = VERTEX_POINT ( 'NONE', #3076 ) ;
#551 = EDGE_LOOP ( 'NONE', ( #666, #658, #664, #662, #669 ) ) ;
#552 = EDGE_CURVE ( 'NONE', #595, #583, #3130, .T. ) ;
#553 = ORIENTED_EDGE ( 'NONE', *, *, #579, .F. ) ;
#554 = ADVANCED_FACE ( 'NONE', ( #3132 ), #3131, .F. ) ;
#555 = EDGE_LOOP ( 'NONE', ( #553, #556, #559, #561 ) ) ;
#556 = ORIENTED_EDGE ( 'NONE', *, *, #557, .T. ) ;
#557 = EDGE_CURVE ( 'NONE', #577, #546, #3121, .T. ) ;
#558 = VERTEX_POINT ( 'NONE', #3117 ) ;
#559 = ORIENTED_EDGE ( 'NONE', *, *, #560, .T. ) ;
#560 = EDGE_CURVE ( 'NONE', #546, #558, #3116, .T. ) ;
#561 = ORIENTED_EDGE ( 'NONE', *, *, #483, .F. ) ;
#562 = VERTEX_POINT ( 'NONE', #3111 ) ;
#563 = EDGE_CURVE ( 'NONE', #620, #642, #3110, .T. ) ;
#564 = ORIENTED_EDGE ( 'NONE', *, *, #566, .F. ) ;
#565 = VERTEX_POINT ( 'NONE', #3106 ) ;
#566 = EDGE_CURVE ( 'NONE', #565, #619, #3165, .T. ) ;
#567 = ORIENTED_EDGE ( 'NONE', *, *, #621, .F. ) ;
#568 = EDGE_LOOP ( 'NONE', ( #635, #623, #625, #686 ) ) ;
#569 = VERTEX_POINT ( 'NONE', #3160 ) ;
#570 = VERTEX_POINT ( 'NONE', #3159 ) ;
#571 = VERTEX_POINT ( 'NONE', #3158 ) ;
#572 = ORIENTED_EDGE ( 'NONE', *, *, #573, .F. ) ;
#573 = EDGE_CURVE ( 'NONE', #522, #571, #3157, .T. ) ;
#574 = ADVANCED_FACE ( 'NONE', ( #3153 ), #3152, .F. ) ;
#575 = EDGE_LOOP ( 'NONE', ( #581, #600, #578, #590, #593, #486 ) ) ;
#576 = EDGE_CURVE ( 'NONE', #584, #577, #3147, .T. ) ;
#577 = VERTEX_POINT ( 'NONE', #3143 ) ;
#578 = ORIENTED_EDGE ( 'NONE', *, *, #579, .T. ) ;
#579 = EDGE_CURVE ( 'NONE', #577, #580, #3142, .T. ) ;
#580 = VERTEX_POINT ( 'NONE', #3137 ) ;
#581 = ORIENTED_EDGE ( 'NONE', *, *, #582, .T. ) ;
#582 = EDGE_CURVE ( 'NONE', #583, #584, #3135, .T. ) ;
#583 = VERTEX_POINT ( 'NONE', #3136 ) ;
#584 = VERTEX_POINT ( 'NONE', #3194 ) ;
#585 = ORIENTED_EDGE ( 'NONE', *, *, #586, .F. ) ;
#586 = EDGE_CURVE ( 'NONE', #571, #589, #3193, .T. ) ;
#587 = ORIENTED_EDGE ( 'NONE', *, *, #588, .T. ) ;
#588 = EDGE_CURVE ( 'NONE', #598, #589, #3188, .T. ) ;
#589 = VERTEX_POINT ( 'NONE', #3184 ) ;
#590 = ORIENTED_EDGE ( 'NONE', *, *, #591, .F. ) ;
#591 = EDGE_CURVE ( 'NONE', #592, #580, #3183, .T. ) ;
#592 = VERTEX_POINT ( 'NONE', #3179 ) ;
#593 = ORIENTED_EDGE ( 'NONE', *, *, #594, .F. ) ;
#594 = EDGE_CURVE ( 'NONE', #595, #592, #3177, .T. ) ;
#595 = VERTEX_POINT ( 'NONE', #3178 ) ;
#596 = EDGE_CURVE ( 'NONE', #522, #598, #3172, .T. ) ;
#597 = MANIFOLD_SOLID_BREP ( 'NONE', #983 ) ;
#598 = VERTEX_POINT ( 'NONE', #3167 ) ;
#599 = EDGE_LOOP ( 'NONE', ( #602, #587, #585, #572 ) ) ;
#600 = ORIENTED_EDGE ( 'NONE', *, *, #576, .T. ) ;
#601 = ADVANCED_FACE ( 'NONE', ( #3166 ), #3225, .F. ) ;
#602 = ORIENTED_EDGE ( 'NONE', *, *, #596, .T. ) ;
#603 = ORIENTED_EDGE ( 'NONE', *, *, #680, .T. ) ;
#604 = VERTEX_POINT ( 'NONE', #3226 ) ;
#605 = EDGE_CURVE ( 'NONE', #627, #637, #3220, .T. ) ;
#606 = EDGE_CURVE ( 'NONE', #608, #687, #3216, .T. ) ;
#607 = ORIENTED_EDGE ( 'NONE', *, *, #606, .F. ) ;
#608 = VERTEX_POINT ( 'NONE', #3211 ) ;
#609 = ADVANCED_FACE ( 'NONE', ( #3210 ), #3209, .F. ) ;
#610 = EDGE_LOOP ( 'NONE', ( #603, #671, #675, #672, #670 ) ) ;
#611 = EDGE_CURVE ( 'NONE', #679, #681, #3207, .T. ) ;
#612 = ADVANCED_FACE ( 'NONE', ( #3199 ), #3198, .T. ) ;
#613 = EDGE_LOOP ( 'NONE', ( #615, #682, #607, #684 ) ) ;
#614 = EDGE_CURVE ( 'NONE', #679, #687, #3254, .T. ) ;
#615 = ORIENTED_EDGE ( 'NONE', *, *, #611, .F. ) ;
#616 = VERTEX_POINT ( 'NONE', #3250 ) ;
#617 = VERTEX_POINT ( 'NONE', #3249 ) ;
#618 = ORIENTED_EDGE ( 'NONE', *, *, #630, .T. ) ;
#619 = VERTEX_POINT ( 'NONE', #3248 ) ;
#620 = VERTEX_POINT ( 'NONE', #3247 ) ;
#621 = EDGE_CURVE ( 'NONE', #617, #565, #3246, .T. ) ;
#622 = ADVANCED_FACE ( 'NONE', ( #3242 ), #3241, .F. ) ;
#623 = ORIENTED_EDGE ( 'NONE', *, *, #624, .T. ) ;
#624 = EDGE_CURVE ( 'NONE', #569, #570, #3236, .T. ) ;
#625 = ORIENTED_EDGE ( 'NONE', *, *, #626, .T. ) ;
#626 = EDGE_CURVE ( 'NONE', #570, #627, #3232, .T. ) ;
#627 = VERTEX_POINT ( 'NONE', #3227 ) ;
#628 = ORIENTED_EDGE ( 'NONE', *, *, #629, .F. ) ;
#629 = EDGE_CURVE ( 'NONE', #616, #617, #3288, .T. ) ;
#630 = EDGE_CURVE ( 'NONE', #616, #619, #3283, .T. ) ;
#631 = ORIENTED_EDGE ( 'NONE', *, *, #634, .T. ) ;
#632 = ADVANCED_FACE ( 'NONE', ( #3279 ), #3277, .T. ) ;
#633 = EDGE_CURVE ( 'NONE', #642, #643, #3278, .T. ) ;
#634 = EDGE_CURVE ( 'NONE', #643, #562, #3268, .T. ) ;
#635 = ORIENTED_EDGE ( 'NONE', *, *, #636, .T. ) ;
#636 = EDGE_CURVE ( 'NONE', #637, #569, #3264, .T. ) ;
#637 = VERTEX_POINT ( 'NONE', #3259 ) ;
#638 = ORIENTED_EDGE ( 'NONE', *, *, #639, .T. ) ;
#639 = EDGE_CURVE ( 'NONE', #562, #620, #3258, .T. ) ;
#640 = ORIENTED_EDGE ( 'NONE', *, *, #563, .T. ) ;
#641 = EDGE_LOOP ( 'NONE', ( #628, #618, #564, #567 ) ) ;
#642 = VERTEX_POINT ( 'NONE', #3312 ) ;
#643 = VERTEX_POINT ( 'NONE', #3311 ) ;
#644 = ADVANCED_FACE ( 'NONE', ( #3310 ), #3309, .F. ) ;
#645 = EDGE_LOOP ( 'NONE', ( #651, #517, #514 ) ) ;
#646 = ORIENTED_EDGE ( 'NONE', *, *, #647, .F. ) ;
#647 = EDGE_CURVE ( 'NONE', #648, #649, #3304, .T. ) ;
#648 = VERTEX_POINT ( 'NONE', #3303 ) ;
#649 = VERTEX_POINT ( 'NONE', #3302 ) ;
#650 = ORIENTED_EDGE ( 'NONE', *, *, #726, .T. ) ;
#651 = ORIENTED_EDGE ( 'NONE', *, *, #513, .F. ) ;
#652 = VERTEX_POINT ( 'NONE', #3292 ) ;
#653 = VERTEX_POINT ( 'NONE', #3291 ) ;
#654 = EDGE_CURVE ( 'NONE', #663, #667, #3290, .T. ) ;
#655 = EDGE_LOOP ( 'NONE', ( #660, #650, #646, #727 ) ) ;
#656 = EDGE_CURVE ( 'NONE', #583, #663, #3335, .T. ) ;
#657 = VERTEX_POINT ( 'NONE', #3334 ) ;
#658 = ORIENTED_EDGE ( 'NONE', *, *, #654, .T. ) ;
#659 = ADVANCED_FACE ( 'NONE', ( #3324 ), #3323, .F. ) ;
#660 = ORIENTED_EDGE ( 'NONE', *, *, #661, .T. ) ;
#661 = EDGE_CURVE ( 'NONE', #653, #652, #3318, .T. ) ;
#662 = ORIENTED_EDGE ( 'NONE', *, *, #668, .F. ) ;
#663 = VERTEX_POINT ( 'NONE', #3317 ) ;
#664 = ORIENTED_EDGE ( 'NONE', *, *, #665, .F. ) ;
#665 = EDGE_CURVE ( 'NONE', #657, #667, #3350, .T. ) ;
#666 = ORIENTED_EDGE ( 'NONE', *, *, #656, .T. ) ;
#667 = VERTEX_POINT ( 'NONE', #3351 ) ;
#668 = EDGE_CURVE ( 'NONE', #584, #657, #3340, .T. ) ;
#669 = ORIENTED_EDGE ( 'NONE', *, *, #582, .F. ) ;
#670 = ORIENTED_EDGE ( 'NONE', *, *, #677, .F. ) ;
#671 = ORIENTED_EDGE ( 'NONE', *, *, #674, .T. ) ;
#672 = ORIENTED_EDGE ( 'NONE', *, *, #673, .T. ) ;
#673 = EDGE_CURVE ( 'NONE', #522, #676, #3384, .T. ) ;
#674 = EDGE_CURVE ( 'NONE', #683, #598, #3380, .T. ) ;
#675 = ORIENTED_EDGE ( 'NONE', *, *, #596, .F. ) ;
#676 = VERTEX_POINT ( 'NONE', #3376 ) ;
#677 = EDGE_CURVE ( 'NONE', #604, #676, #3375, .T. ) ;
#678 = ADVANCED_FACE ( 'NONE', ( #3371 ), #3369, .F. ) ;
#679 = VERTEX_POINT ( 'NONE', #3370 ) ;
#680 = EDGE_CURVE ( 'NONE', #604, #683, #3364, .T. ) ;
#681 = VERTEX_POINT ( 'NONE', #3363 ) ;
#682 = ORIENTED_EDGE ( 'NONE', *, *, #614, .T. ) ;
#683 = VERTEX_POINT ( 'NONE', #3410 ) ;
#684 = ORIENTED_EDGE ( 'NONE', *, *, #685, .F. ) ;
#685 = EDGE_CURVE ( 'NONE', #681, #608, #3409, .T. ) ;
#686 = ORIENTED_EDGE ( 'NONE', *, *, #605, .T. ) ;
#687 = VERTEX_POINT ( 'NONE', #3405 ) ;
#688 = ADVANCED_FACE ( 'NONE', ( #3404 ), #3403, .F. ) ;
#689 = ORIENTED_EDGE ( 'NONE', *, *, #50, .T. ) ;
#690 = ORIENTED_EDGE ( 'NONE', *, *, #762, .F. ) ;
#691 = VERTEX_POINT ( 'NONE', #3402 ) ;
#692 = EDGE_CURVE ( 'NONE', #704, #69, #3397, .T. ) ;
#693 = ORIENTED_EDGE ( 'NONE', *, *, #34, .T. ) ;
#694 = ORIENTED_EDGE ( 'NONE', *, *, #634, .F. ) ;
#695 = ORIENTED_EDGE ( 'NONE', *, *, #696, .T. ) ;
#696 = EDGE_CURVE ( 'NONE', #643, #697, #3393, .T. ) ;
#697 = VERTEX_POINT ( 'NONE', #3388 ) ;
#698 = VERTEX_POINT ( 'NONE', #3387 ) ;
#699 = ORIENTED_EDGE ( 'NONE', *, *, #700, .T. ) ;
#700 = EDGE_CURVE ( 'NONE', #698, #562, #3448, .T. ) ;
#701 = ADVANCED_FACE ( 'NONE', ( #3443 ), #3442, .F. ) ;
#702 = EDGE_LOOP ( 'NONE', ( #703, #723, #725, #693, #690, #747, #748, #739, #744, #740, #743, #759 ) ) ;
#703 = ORIENTED_EDGE ( 'NONE', *, *, #116, .T. ) ;
#704 = VERTEX_POINT ( 'NONE', #3437 ) ;
#705 = ORIENTED_EDGE ( 'NONE', *, *, #706, .T. ) ;
#706 = EDGE_CURVE ( 'NONE', #713, #722, #3436, .T. ) ;
#707 = ADVANCED_FACE ( 'NONE', ( #3432 ), #3431, .F. ) ;
#708 = EDGE_CURVE ( 'NONE', #716, #713, #3429, .T. ) ;
#709 = EDGE_LOOP ( 'NONE', ( #694, #695, #720, #699 ) ) ;
#710 = ORIENTED_EDGE ( 'NONE', *, *, #711, .T. ) ;
#711 = EDGE_CURVE ( 'NONE', #717, #716, #3421, .T. ) ;
#712 = ORIENTED_EDGE ( 'NONE', *, *, #708, .T. ) ;
#713 = VERTEX_POINT ( 'NONE', #3480 ) ;
#714 = EDGE_CURVE ( 'NONE', #722, #717, #3479, .T. ) ;
#715 = ORIENTED_EDGE ( 'NONE', *, *, #714, .T. ) ;
#716 = VERTEX_POINT ( 'NONE', #3475 ) ;
#717 = VERTEX_POINT ( 'NONE', #3474 ) ;
#718 = EDGE_LOOP ( 'NONE', ( #715, #710, #712, #705 ) ) ;
#719 = ADVANCED_FACE ( 'NONE', ( #3473 ), #3472, .F. ) ;
#720 = ORIENTED_EDGE ( 'NONE', *, *, #721, .T. ) ;
#721 = EDGE_CURVE ( 'NONE', #697, #698, #3467, .T. ) ;
#722 = VERTEX_POINT ( 'NONE', #3463 ) ;
#723 = ORIENTED_EDGE ( 'NONE', *, *, #724, .T. ) ;
#724 = EDGE_CURVE ( 'NONE', #117, #704, #3462, .T. ) ;
#725 = ORIENTED_EDGE ( 'NONE', *, *, #692, .T. ) ;
#726 = EDGE_CURVE ( 'NONE', #652, #649, #3458, .T. ) ;
#727 = ORIENTED_EDGE ( 'NONE', *, *, #728, .F. ) ;
#728 = EDGE_CURVE ( 'NONE', #653, #648, #3454, .T. ) ;
#729 = ADVANCED_FACE ( 'NONE', ( #3450 ), #3449, .F. ) ;
#730 = ORIENTED_EDGE ( 'NONE', *, *, #731, .T. ) ;
#731 = EDGE_CURVE ( 'NONE', #71, #806, #3503, .T. ) ;
#732 = EDGE_CURVE ( 'NONE', #753, #68, #3499, .T. ) ;
#733 = VERTEX_POINT ( 'NONE', #3495 ) ;
#734 = ORIENTED_EDGE ( 'NONE', *, *, #61, .T. ) ;
#735 = VERTEX_POINT ( 'NONE', #3494 ) ;
#736 = ORIENTED_EDGE ( 'NONE', *, *, #732, .T. ) ;
#737 = EDGE_CURVE ( 'NONE', #749, #691, #3493, .T. ) ;
#738 = EDGE_CURVE ( 'NONE', #32, #749, #3489, .T. ) ;
#739 = ORIENTED_EDGE ( 'NONE', *, *, #737, .T. ) ;
#740 = ORIENTED_EDGE ( 'NONE', *, *, #741, .T. ) ;
#741 = EDGE_CURVE ( 'NONE', #746, #742, #3485, .T. ) ;
#742 = VERTEX_POINT ( 'NONE', #3481 ) ;
#743 = ORIENTED_EDGE ( 'NONE', *, *, #757, .T. ) ;
#744 = ORIENTED_EDGE ( 'NONE', *, *, #745, .T. ) ;
#745 = EDGE_CURVE ( 'NONE', #691, #746, #3539, .T. ) ;
#746 = VERTEX_POINT ( 'NONE', #3535 ) ;
#747 = ORIENTED_EDGE ( 'NONE', *, *, #31, .F. ) ;
#748 = ORIENTED_EDGE ( 'NONE', *, *, #738, .T. ) ;
#749 = VERTEX_POINT ( 'NONE', #3534 ) ;
#750 = EDGE_LOOP ( 'NONE', ( #751, #736, #734, #730, #811, #801, #793, #795, #803, #792, #797, #798 ) ) ;
#751 = ORIENTED_EDGE ( 'NONE', *, *, #752, .T. ) ;
#752 = EDGE_CURVE ( 'NONE', #382, #753, #3533, .T. ) ;
#753 = VERTEX_POINT ( 'NONE', #3529 ) ;
#754 = ORIENTED_EDGE ( 'NONE', *, *, #76, .F. ) ;
#755 = ORIENTED_EDGE ( 'NONE', *, *, #349, .T. ) ;
#756 = ADVANCED_FACE ( 'NONE', ( #3528 ), #3527, .F. ) ;
#757 = EDGE_CURVE ( 'NONE', #742, #758, #3522, .T. ) ;
#758 = VERTEX_POINT ( 'NONE', #3518 ) ;
#759 = ORIENTED_EDGE ( 'NONE', *, *, #760, .T. ) ;
#760 = EDGE_CURVE ( 'NONE', #758, #107, #3517, .T. ) ;
#761 = EDGE_LOOP ( 'NONE', ( #689, #763, #764, #765 ) ) ;
#762 = EDGE_CURVE ( 'NONE', #148, #3, #3513, .T. ) ;
#763 = ORIENTED_EDGE ( 'NONE', *, *, #326, .F. ) ;
#764 = ORIENTED_EDGE ( 'NONE', *, *, #145, .F. ) ;
#765 = ORIENTED_EDGE ( 'NONE', *, *, #762, .T. ) ;
#766 = ADVANCED_FACE ( 'NONE', ( #3509 ), #3508, .F. ) ;
#767 = EDGE_LOOP ( 'NONE', ( #768, #769, #754, #755 ) ) ;
#768 = ORIENTED_EDGE ( 'NONE', *, *, #99, .T. ) ;
#769 = ORIENTED_EDGE ( 'NONE', *, *, #770, .F. ) ;
#770 = EDGE_CURVE ( 'NONE', #62, #78, #3567, .T. ) ;
#771 = EDGE_CURVE ( 'NONE', #168, #809, #3563, .T. ) ;
#772 = EDGE_LOOP ( 'NONE', ( #776, #782, #854, #852 ) ) ;
#773 = ORIENTED_EDGE ( 'NONE', *, *, #808, .F. ) ;
#774 = EDGE_CURVE ( 'NONE', #810, #779, #3558, .T. ) ;
#775 = ORIENTED_EDGE ( 'NONE', *, *, #165, .F. ) ;
#776 = ORIENTED_EDGE ( 'NONE', *, *, #781, .F. ) ;
#777 = ADVANCED_FACE ( 'NONE', ( #3553 ), #3552, .T. ) ;
#778 = EDGE_CURVE ( 'NONE', #785, #809, #3547, .T. ) ;
#779 = VERTEX_POINT ( 'NONE', #3542 ) ;
#780 = ORIENTED_EDGE ( 'NONE', *, *, #855, .T. ) ;
#781 = EDGE_CURVE ( 'NONE', #800, #779, #3541, .T. ) ;
#782 = ORIENTED_EDGE ( 'NONE', *, *, #794, .F. ) ;
#783 = ORIENTED_EDGE ( 'NONE', *, *, #778, .T. ) ;
#784 = EDGE_LOOP ( 'NONE', ( #787, #773, #786, #775 ) ) ;
#785 = VERTEX_POINT ( 'NONE', #3599 ) ;
#786 = ORIENTED_EDGE ( 'NONE', *, *, #771, .F. ) ;
#787 = ORIENTED_EDGE ( 'NONE', *, *, #788, .F. ) ;
#788 = EDGE_CURVE ( 'NONE', #810, #172, #3598, .T. ) ;
#789 = ADVANCED_FACE ( 'NONE', ( #3593 ), #3592, .T. ) ;
#790 = ORIENTED_EDGE ( 'NONE', *, *, #774, .T. ) ;
#791 = EDGE_CURVE ( 'NONE', #812, #86, #3587, .T. ) ;
#792 = ORIENTED_EDGE ( 'NONE', *, *, #79, .F. ) ;
#793 = ORIENTED_EDGE ( 'NONE', *, *, #794, .T. ) ;
#794 = EDGE_CURVE ( 'NONE', #802, #800, #3583, .T. ) ;
#795 = ORIENTED_EDGE ( 'NONE', *, *, #804, .T. ) ;
#796 = VERTEX_POINT ( 'NONE', #3579 ) ;
#797 = ORIENTED_EDGE ( 'NONE', *, *, #770, .T. ) ;
#798 = ORIENTED_EDGE ( 'NONE', *, *, #385, .T. ) ;
#799 = EDGE_LOOP ( 'NONE', ( #807, #790, #780, #783 ) ) ;
#800 = VERTEX_POINT ( 'NONE', #3578 ) ;
#801 = ORIENTED_EDGE ( 'NONE', *, *, #813, .T. ) ;
#802 = VERTEX_POINT ( 'NONE', #3577 ) ;
#803 = ORIENTED_EDGE ( 'NONE', *, *, #791, .T. ) ;
#804 = EDGE_CURVE ( 'NONE', #800, #812, #3576, .T. ) ;
#805 = EDGE_CURVE ( 'NONE', #806, #796, #3572, .T. ) ;
#806 = VERTEX_POINT ( 'NONE', #3632 ) ;
#807 = ORIENTED_EDGE ( 'NONE', *, *, #808, .T. ) ;
#808 = EDGE_CURVE ( 'NONE', #809, #810, #3631, .T. ) ;
#809 = VERTEX_POINT ( 'NONE', #3627 ) ;
#810 = VERTEX_POINT ( 'NONE', #3626 ) ;
#811 = ORIENTED_EDGE ( 'NONE', *, *, #805, .T. ) ;
#812 = VERTEX_POINT ( 'NONE', #3625 ) ;
#813 = EDGE_CURVE ( 'NONE', #796, #802, #3624, .T. ) ;
#814 = ORIENTED_EDGE ( 'NONE', *, *, #629, .T. ) ;
#815 = ORIENTED_EDGE ( 'NONE', *, *, #426, .T. ) ;
#816 = ORIENTED_EDGE ( 'NONE', *, *, #817, .T. ) ;
#817 = EDGE_CURVE ( 'NONE', #427, #716, #3620, .T. ) ;
#818 = ORIENTED_EDGE ( 'NONE', *, *, #711, .F. ) ;
#819 = ORIENTED_EDGE ( 'NONE', *, *, #1683, .T. ) ;
#820 = ORIENTED_EDGE ( 'NONE', *, *, #696, .F. ) ;
#821 = ORIENTED_EDGE ( 'NONE', *, *, #633, .F. ) ;
#822 = EDGE_CURVE ( 'NONE', #431, #713, #3616, .T. ) ;
#823 = ORIENTED_EDGE ( 'NONE', *, *, #430, .T. ) ;
#824 = ORIENTED_EDGE ( 'NONE', *, *, #566, .T. ) ;
#825 = ORIENTED_EDGE ( 'NONE', *, *, #481, .T. ) ;
#826 = ADVANCED_FACE ( 'NONE', ( #3612 ), #3610, .F. ) ;
#827 = EDGE_LOOP ( 'NONE', ( #828, #829, #830, #831 ) ) ;
#828 = ORIENTED_EDGE ( 'NONE', *, *, #471, .T. ) ;
#829 = ORIENTED_EDGE ( 'NONE', *, *, #447, .T. ) ;
#830 = ORIENTED_EDGE ( 'NONE', *, *, #757, .F. ) ;
#831 = ORIENTED_EDGE ( 'NONE', *, *, #836, .F. ) ;
#832 = ADVANCED_FACE ( 'NONE', ( #3605 ), #3611, .F. ) ;
#833 = EDGE_LOOP ( 'NONE', ( #894, #895, #814, #815, #816, #818, #819, #820, #821, #882, #883, #884 ) ) ;
#834 = ORIENTED_EDGE ( 'NONE', *, *, #408, .T. ) ;
#835 = ORIENTED_EDGE ( 'NONE', *, *, #836, .T. ) ;
#836 = EDGE_CURVE ( 'NONE', #472, #742, #3663, .T. ) ;
#837 = ORIENTED_EDGE ( 'NONE', *, *, #741, .F. ) ;
#838 = ORIENTED_EDGE ( 'NONE', *, *, #846, .T. ) ;
#839 = ORIENTED_EDGE ( 'NONE', *, *, #639, .F. ) ;
#840 = ORIENTED_EDGE ( 'NONE', *, *, #700, .F. ) ;
#841 = ORIENTED_EDGE ( 'NONE', *, *, #1685, .T. ) ;
#842 = ORIENTED_EDGE ( 'NONE', *, *, #706, .F. ) ;
#843 = ORIENTED_EDGE ( 'NONE', *, *, #822, .F. ) ;
#844 = ORIENTED_EDGE ( 'NONE', *, *, #563, .F. ) ;
#845 = ORIENTED_EDGE ( 'NONE', *, *, #846, .F. ) ;
#846 = EDGE_CURVE ( 'NONE', #746, #620, #3659, .T. ) ;
#847 = EDGE_CURVE ( 'NONE', #642, #691, #3654, .T. ) ;
#848 = ORIENTED_EDGE ( 'NONE', *, *, #847, .F. ) ;
#849 = EDGE_LOOP ( 'NONE', ( #1528, #1686, #1684, #1681 ) ) ;
#850 = EDGE_LOOP ( 'NONE', ( #848, #844, #845, #1451 ) ) ;
#851 = ADVANCED_FACE ( 'NONE', ( #3649 ), #3648, .T. ) ;
#852 = ORIENTED_EDGE ( 'NONE', *, *, #855, .F. ) ;
#853 = EDGE_CURVE ( 'NONE', #785, #802, #3643, .T. ) ;
#854 = ORIENTED_EDGE ( 'NONE', *, *, #853, .F. ) ;
#855 = EDGE_CURVE ( 'NONE', #779, #785, #3638, .T. ) ;
#856 = EDGE_LOOP ( 'NONE', ( #857, #915, #916, #917 ) ) ;
#857 = ORIENTED_EDGE ( 'NONE', *, *, #434, .T. ) ;
#858 = ORIENTED_EDGE ( 'NONE', *, *, #859, .T. ) ;
#859 = EDGE_CURVE ( 'NONE', #335, #191, #3695, .T. ) ;
#860 = ORIENTED_EDGE ( 'NONE', *, *, #197, .T. ) ;
#861 = ORIENTED_EDGE ( 'NONE', *, *, #862, .F. ) ;
#862 = EDGE_CURVE ( 'NONE', #336, #319, #3691, .T. ) ;
#863 = ORIENTED_EDGE ( 'NONE', *, *, #334, .F. ) ;
#864 = ADVANCED_FACE ( 'NONE', ( #3687 ), #3686, .T. ) ;
#865 = EDGE_LOOP ( 'NONE', ( #866, #868, #869, #928 ) ) ;
#866 = ORIENTED_EDGE ( 'NONE', *, *, #867, .T. ) ;
#867 = EDGE_CURVE ( 'NONE', #12, #393, #3681, .T. ) ;
#868 = ORIENTED_EDGE ( 'NONE', *, *, #158, .T. ) ;
#869 = ORIENTED_EDGE ( 'NONE', *, *, #927, .F. ) ;
#870 = ORIENTED_EDGE ( 'NONE', *, *, #433, .T. ) ;
#871 = ORIENTED_EDGE ( 'NONE', *, *, #822, .T. ) ;
#872 = ORIENTED_EDGE ( 'NONE', *, *, #708, .F. ) ;
#873 = ORIENTED_EDGE ( 'NONE', *, *, #817, .F. ) ;
#874 = ADVANCED_FACE ( 'NONE', ( #3677 ), #3676, .T. ) ;
#875 = EDGE_LOOP ( 'NONE', ( #876, #877, #878, #879 ) ) ;
#876 = ORIENTED_EDGE ( 'NONE', *, *, #7066, .T. ) ;
#877 = ORIENTED_EDGE ( 'NONE', *, *, #487, .T. ) ;
#878 = ORIENTED_EDGE ( 'NONE', *, *, #7065, .F. ) ;
#879 = ORIENTED_EDGE ( 'NONE', *, *, #105, .F. ) ;
#880 = ADVANCED_FACE ( 'NONE', ( #3674 ), #3670, .T. ) ;
#881 = EDGE_LOOP ( 'NONE', ( #858, #860, #861, #863 ) ) ;
#882 = ORIENTED_EDGE ( 'NONE', *, *, #847, .T. ) ;
#883 = ORIENTED_EDGE ( 'NONE', *, *, #737, .F. ) ;
#884 = ORIENTED_EDGE ( 'NONE', *, *, #885, .F. ) ;
#885 = EDGE_CURVE ( 'NONE', #463, #749, #3727, .T. ) ;
#886 = ADVANCED_FACE ( 'NONE', ( #3723 ), #3722, .F. ) ;
#887 = EDGE_LOOP ( 'NONE', ( #888, #889, #890, #891 ) ) ;
#888 = ORIENTED_EDGE ( 'NONE', *, *, #465, .T. ) ;
#889 = ORIENTED_EDGE ( 'NONE', *, *, #885, .T. ) ;
#890 = ORIENTED_EDGE ( 'NONE', *, *, #738, .F. ) ;
#891 = ORIENTED_EDGE ( 'NONE', *, *, #36, .F. ) ;
#892 = ADVANCED_FACE ( 'NONE', ( #3717 ), #3716, .T. ) ;
#893 = EDGE_LOOP ( 'NONE', ( #870, #871, #872, #873 ) ) ;
#894 = ORIENTED_EDGE ( 'NONE', *, *, #462, .T. ) ;
#895 = ORIENTED_EDGE ( 'NONE', *, *, #455, .T. ) ;
#896 = EDGE_LOOP ( 'NONE', ( #897, #898, #899, #900, #901, #902, #903, #963, #964, #965 ) ) ;
#897 = ORIENTED_EDGE ( 'NONE', *, *, #190, .T. ) ;
#898 = ORIENTED_EDGE ( 'NONE', *, *, #859, .F. ) ;
#899 = ORIENTED_EDGE ( 'NONE', *, *, #314, .F. ) ;
#900 = ORIENTED_EDGE ( 'NONE', *, *, #4314, .T. ) ;
#901 = ORIENTED_EDGE ( 'NONE', *, *, #108, .F. ) ;
#902 = ORIENTED_EDGE ( 'NONE', *, *, #123, .T. ) ;
#903 = ORIENTED_EDGE ( 'NONE', *, *, #732, .F. ) ;
#904 = ADVANCED_FACE ( 'NONE', ( #3714 ), #3710, .F. ) ;
#905 = EDGE_LOOP ( 'NONE', ( #906, #907, #908, #909, #910, #911, #912, #913, #914, #974 ) ) ;
#906 = ORIENTED_EDGE ( 'NONE', *, *, #318, .T. ) ;
#907 = ORIENTED_EDGE ( 'NONE', *, *, #185, .T. ) ;
#908 = ORIENTED_EDGE ( 'NONE', *, *, #414, .T. ) ;
#909 = ORIENTED_EDGE ( 'NONE', *, *, #926, .F. ) ;
#910 = ORIENTED_EDGE ( 'NONE', *, *, #731, .F. ) ;
#911 = ORIENTED_EDGE ( 'NONE', *, *, #58, .T. ) ;
#912 = ORIENTED_EDGE ( 'NONE', *, *, #4313, .F. ) ;
#913 = ORIENTED_EDGE ( 'NONE', *, *, #131, .T. ) ;
#914 = ORIENTED_EDGE ( 'NONE', *, *, #186, .F. ) ;
#915 = ORIENTED_EDGE ( 'NONE', *, *, #87, .F. ) ;
#916 = ORIENTED_EDGE ( 'NONE', *, *, #791, .F. ) ;
#917 = ORIENTED_EDGE ( 'NONE', *, *, #918, .T. ) ;
#918 = EDGE_CURVE ( 'NONE', #812, #435, #3708, .T. ) ;
#919 = ADVANCED_FACE ( 'NONE', ( #3701 ), #3700, .F. ) ;
#920 = EDGE_LOOP ( 'NONE', ( #921, #922, #924, #925 ) ) ;
#921 = ORIENTED_EDGE ( 'NONE', *, *, #441, .T. ) ;
#922 = ORIENTED_EDGE ( 'NONE', *, *, #923, .F. ) ;
#923 = EDGE_CURVE ( 'NONE', #796, #358, #3760, .T. ) ;
#924 = ORIENTED_EDGE ( 'NONE', *, *, #805, .F. ) ;
#925 = ORIENTED_EDGE ( 'NONE', *, *, #926, .T. ) ;
#926 = EDGE_CURVE ( 'NONE', #806, #240, #3756, .T. ) ;
#927 = EDGE_CURVE ( 'NONE', #14, #162, #3752, .T. ) ;
#928 = ORIENTED_EDGE ( 'NONE', *, *, #17, .F. ) ;
#929 = ADVANCED_FACE ( 'NONE', ( #3748 ), #3746, .F. ) ;
#930 = EDGE_LOOP ( 'NONE', ( #931, #932, #934, #935 ) ) ;
#931 = ORIENTED_EDGE ( 'NONE', *, *, #375, .T. ) ;
#932 = ORIENTED_EDGE ( 'NONE', *, *, #933, .F. ) ;
#933 = EDGE_CURVE ( 'NONE', #753, #373, #3747, .T. ) ;
#934 = ORIENTED_EDGE ( 'NONE', *, *, #752, .F. ) ;
#935 = ORIENTED_EDGE ( 'NONE', *, *, #381, .T. ) ;
#936 = ADVANCED_FACE ( 'NONE', ( #3738 ), #3736, .F. ) ;
#937 = ADVANCED_FACE ( 'NONE', ( #3731 ), #3730, .F. ) ;
#938 = EDGE_LOOP ( 'NONE', ( #939, #940, #996, #997 ) ) ;
#939 = ORIENTED_EDGE ( 'NONE', *, *, #557, .F. ) ;
#940 = ORIENTED_EDGE ( 'NONE', *, *, #941, .F. ) ;
#941 = EDGE_CURVE ( 'NONE', #580, #577, #3791, .T. ) ;
#942 = ORIENTED_EDGE ( 'NONE', *, *, #853, .T. ) ;
#943 = ORIENTED_EDGE ( 'NONE', *, *, #813, .F. ) ;
#944 = ORIENTED_EDGE ( 'NONE', *, *, #923, .T. ) ;
#945 = ORIENTED_EDGE ( 'NONE', *, *, #361, .T. ) ;
#946 = ORIENTED_EDGE ( 'NONE', *, *, #365, .T. ) ;
#947 = ADVANCED_FACE ( 'NONE', ( #3786 ), #3785, .F. ) ;
#948 = EDGE_LOOP ( 'NONE', ( #949, #950, #951, #1008 ) ) ;
#949 = ORIENTED_EDGE ( 'NONE', *, *, #524, .F. ) ;
#950 = ORIENTED_EDGE ( 'NONE', *, *, #330, .T. ) ;
#951 = ORIENTED_EDGE ( 'NONE', *, *, #539, .T. ) ;
#952 = ORIENTED_EDGE ( 'NONE', *, *, #774, .F. ) ;
#953 = ORIENTED_EDGE ( 'NONE', *, *, #788, .T. ) ;
#954 = ORIENTED_EDGE ( 'NONE', *, *, #171, .F. ) ;
#955 = ORIENTED_EDGE ( 'NONE', *, *, #927, .T. ) ;
#956 = ADVANCED_FACE ( 'NONE', ( #3783 ), #3779, .F. ) ;
#957 = EDGE_LOOP ( 'NONE', ( #958, #959, #960, #961, #962, #942, #943, #944, #945, #946 ) ) ;
#958 = ORIENTED_EDGE ( 'NONE', *, *, #395, .T. ) ;
#959 = ORIENTED_EDGE ( 'NONE', *, *, #867, .F. ) ;
#960 = ORIENTED_EDGE ( 'NONE', *, *, #169, .F. ) ;
#961 = ORIENTED_EDGE ( 'NONE', *, *, #771, .T. ) ;
#962 = ORIENTED_EDGE ( 'NONE', *, *, #778, .F. ) ;
#963 = ORIENTED_EDGE ( 'NONE', *, *, #933, .T. ) ;
#964 = ORIENTED_EDGE ( 'NONE', *, *, #372, .T. ) ;
#965 = ORIENTED_EDGE ( 'NONE', *, *, #210, .T. ) ;
#966 = ADVANCED_FACE ( 'NONE', ( #3777 ), #3773, .F. ) ;
#967 = EDGE_LOOP ( 'NONE', ( #968, #969, #970, #971, #972, #973, #952, #953, #954, #955 ) ) ;
#968 = ORIENTED_EDGE ( 'NONE', *, *, #159, .T. ) ;
#969 = ORIENTED_EDGE ( 'NONE', *, *, #49, .T. ) ;
#970 = ORIENTED_EDGE ( 'NONE', *, *, #439, .T. ) ;
#971 = ORIENTED_EDGE ( 'NONE', *, *, #918, .F. ) ;
#972 = ORIENTED_EDGE ( 'NONE', *, *, #804, .F. ) ;
#973 = ORIENTED_EDGE ( 'NONE', *, *, #781, .T. ) ;
#974 = ORIENTED_EDGE ( 'NONE', *, *, #862, .T. ) ;
#975 = ADVANCED_FACE ( 'NONE', ( #3767 ), #3771, .F. ) ;
#976 = ADVANCED_FACE ( 'NONE', ( #3764 ), #3761, .T. ) ;
#977 = EDGE_LOOP ( 'NONE', ( #978, #979, #980, #981 ) ) ;
#978 = ORIENTED_EDGE ( 'NONE', *, *, #300, .T. ) ;
#979 = ORIENTED_EDGE ( 'NONE', *, *, #265, .T. ) ;
#980 = ORIENTED_EDGE ( 'NONE', *, *, #280, .F. ) ;
#981 = ORIENTED_EDGE ( 'NONE', *, *, #1053, .F. ) ;
#982 = EDGE_LOOP ( 'NONE', ( #1040, #1043, #1046 ) ) ;
#983 = CLOSED_SHELL ( 'NONE', ( #601, #574, #554, #547, #531, #540, #632, #622, #612, #609, #678, #659, #644, #520, #504, #511, #270, #246, #301, #292, #281, #273, #342, #331, #315, #196, #206, #219, #222, #228, #7061, #124, #74, #37, #127, #28, #43, #97, #104, #157, #147, #8, #52, #379, #389, #19, #170, #399, #369, #416, #422, #402, #478, #482, #719, #707, #701, #688, #766, #756, #729, #777, #789, #851, #1452, #1682, #502, #492, #452, #826, #832, #886, #892, #874, #880, #864, #929, #936, #919, #904, #975, #966, #956, #947, #1009, #937, #998, #1006, #991, #976 ) ) ;
#984 = VERTEX_POINT ( 'NONE', #3817 ) ;
#985 = ORIENTED_EDGE ( 'NONE', *, *, #576, .F. ) ;
#986 = ORIENTED_EDGE ( 'NONE', *, *, #513, .T. ) ;
#987 = ORIENTED_EDGE ( 'NONE', *, *, #353, .T. ) ;
#988 = ORIENTED_EDGE ( 'NONE', *, *, #1005, .F. ) ;
#989 = ORIENTED_EDGE ( 'NONE', *, *, #591, .T. ) ;
#990 = ORIENTED_EDGE ( 'NONE', *, *, #941, .T. ) ;
#991 = ADVANCED_FACE ( 'NONE', ( #3816 ), #3815, .F. ) ;
#992 = EDGE_LOOP ( 'NONE', ( #993, #994, #995, #1052, #141, #136, #137 ) ) ;
#993 = ORIENTED_EDGE ( 'NONE', *, *, #588, .F. ) ;
#994 = ORIENTED_EDGE ( 'NONE', *, *, #271, .T. ) ;
#995 = ORIENTED_EDGE ( 'NONE', *, *, #251, .T. ) ;
#996 = ORIENTED_EDGE ( 'NONE', *, *, #483, .T. ) ;
#997 = ORIENTED_EDGE ( 'NONE', *, *, #285, .T. ) ;
#998 = ADVANCED_FACE ( 'NONE', ( #3814 ), #3813, .T. ) ;
#999 = EDGE_LOOP ( 'NONE', ( #1000, #1001, #1002, #1003, #1004 ) ) ;
#1000 = ORIENTED_EDGE ( 'NONE', *, *, #276, .T. ) ;
#1001 = ORIENTED_EDGE ( 'NONE', *, *, #262, .T. ) ;
#1002 = ORIENTED_EDGE ( 'NONE', *, *, #231, .T. ) ;
#1003 = ORIENTED_EDGE ( 'NONE', *, *, #594, .T. ) ;
#1004 = ORIENTED_EDGE ( 'NONE', *, *, #1005, .T. ) ;
#1005 = EDGE_CURVE ( 'NONE', #592, #277, #3803, .T. ) ;
#1006 = ADVANCED_FACE ( 'NONE', ( #3799 ), #3798, .F. ) ;
#1007 = EDGE_LOOP ( 'NONE', ( #985, #986, #987, #988, #989, #990 ) ) ;
#1008 = ORIENTED_EDGE ( 'NONE', *, *, #544, .T. ) ;
#1009 = ADVANCED_FACE ( 'NONE', ( #3796 ), #3852, .T. ) ;
#1010 = EDGE_LOOP ( 'NONE', ( #1011, #1012, #1013, #1014 ) ) ;
#1011 = ORIENTED_EDGE ( 'NONE', *, *, #525, .F. ) ;
#1012 = ORIENTED_EDGE ( 'NONE', *, *, #289, .T. ) ;
#1013 = ORIENTED_EDGE ( 'NONE', *, *, #530, .T. ) ;
#1014 = ORIENTED_EDGE ( 'NONE', *, *, #537, .F. ) ;
#1015 = ORIENTED_EDGE ( 'NONE', *, *, #1016, .F. ) ;
#1016 = EDGE_CURVE ( 'NONE', #1091, #1097, #3847, .T. ) ;
#1017 = ADVANCED_FACE ( 'NONE', ( #3843 ), #3842, .T. ) ;
#1018 = EDGE_LOOP ( 'NONE', ( #1019, #1076, #1079, #1082 ) ) ;
#1019 = ORIENTED_EDGE ( 'NONE', *, *, #1020, .T. ) ;
#1020 = EDGE_CURVE ( 'NONE', #1021, #1022, #3840, .T. ) ;
#1021 = VERTEX_POINT ( 'NONE', #3832 ) ;
#1022 = VERTEX_POINT ( 'NONE', #3831 ) ;
#1023 = VERTEX_POINT ( 'NONE', #3830 ) ;
#1024 = VERTEX_POINT ( 'NONE', #3829 ) ;
#1025 = ORIENTED_EDGE ( 'NONE', *, *, #1026, .T. ) ;
#1026 = EDGE_CURVE ( 'NONE', #1023, #1027, #3828, .T. ) ;
#1027 = VERTEX_POINT ( 'NONE', #3824 ) ;
#1028 = ORIENTED_EDGE ( 'NONE', *, *, #1029, .F. ) ;
#1029 = EDGE_CURVE ( 'NONE', #1030, #1027, #3823, .T. ) ;
#1030 = VERTEX_POINT ( 'NONE', #3880 ) ;
#1031 = ORIENTED_EDGE ( 'NONE', *, *, #1032, .F. ) ;
#1032 = EDGE_CURVE ( 'NONE', #1024, #1030, #3879, .T. ) ;
#1033 = ADVANCED_FACE ( 'NONE', ( #3875 ), #3873, .T. ) ;
#1034 = EDGE_LOOP ( 'NONE', ( #1035, #1092, #1095, #1015 ) ) ;
#1035 = ORIENTED_EDGE ( 'NONE', *, *, #1036, .F. ) ;
#1036 = EDGE_CURVE ( 'NONE', #1037, #1091, #3874, .T. ) ;
#1037 = VERTEX_POINT ( 'NONE', #3864 ) ;
#1038 = MANIFOLD_SOLID_BREP ( 'NONE', #1698 ) ;
#1039 = ADVANCED_FACE ( 'NONE', ( #3863 ), #3862, .F. ) ;
#1040 = ORIENTED_EDGE ( 'NONE', *, *, #1041, .F. ) ;
#1041 = EDGE_CURVE ( 'NONE', #984, #1042, #3857, .T. ) ;
#1042 = VERTEX_POINT ( 'NONE', #3853 ) ;
#1043 = ORIENTED_EDGE ( 'NONE', *, *, #1044, .T. ) ;
#1044 = EDGE_CURVE ( 'NONE', #984, #1045, #3910, .T. ) ;
#1045 = VERTEX_POINT ( 'NONE', #3906 ) ;
#1046 = ORIENTED_EDGE ( 'NONE', *, *, #1047, .T. ) ;
#1047 = EDGE_CURVE ( 'NONE', #1045, #1042, #3905, .T. ) ;
#1048 = ADVANCED_FACE ( 'NONE', ( #3900 ), #3899, .F. ) ;
#1049 = EDGE_LOOP ( 'NONE', ( #1050, #1025, #1028, #1031 ) ) ;
#1050 = ORIENTED_EDGE ( 'NONE', *, *, #1051, .F. ) ;
#1051 = EDGE_CURVE ( 'NONE', #1023, #1024, #3897, .T. ) ;
#1052 = ORIENTED_EDGE ( 'NONE', *, *, #1053, .T. ) ;
#1053 = EDGE_CURVE ( 'NONE', #252, #297, #3889, .T. ) ;
#1054 = EDGE_LOOP ( 'NONE', ( #1055, #1059, #1062, #1119 ) ) ;
#1055 = ORIENTED_EDGE ( 'NONE', *, *, #1056, .T. ) ;
#1056 = EDGE_CURVE ( 'NONE', #1057, #1058, #3936, .T. ) ;
#1057 = VERTEX_POINT ( 'NONE', #3938 ) ;
#1058 = VERTEX_POINT ( 'NONE', #3937 ) ;
#1059 = ORIENTED_EDGE ( 'NONE', *, *, #1060, .T. ) ;
#1060 = EDGE_CURVE ( 'NONE', #1058, #1061, #3926, .T. ) ;
#1061 = VERTEX_POINT ( 'NONE', #3922 ) ;
#1062 = ORIENTED_EDGE ( 'NONE', *, *, #1117, .F. ) ;
#1063 = EDGE_CURVE ( 'NONE', #1089, #1022, #3921, .T. ) ;
#1064 = ORIENTED_EDGE ( 'NONE', *, *, #1020, .F. ) ;
#1065 = ORIENTED_EDGE ( 'NONE', *, *, #1066, .F. ) ;
#1066 = EDGE_CURVE ( 'NONE', #1088, #1021, #3916, .T. ) ;
#1067 = ADVANCED_FACE ( 'NONE', ( #3911 ), #3967, .T. ) ;
#1068 = EDGE_LOOP ( 'NONE', ( #1069, #1073, #1132, #1135 ) ) ;
#1069 = ORIENTED_EDGE ( 'NONE', *, *, #1070, .T. ) ;
#1070 = EDGE_CURVE ( 'NONE', #1071, #1072, #3962, .T. ) ;
#1071 = VERTEX_POINT ( 'NONE', #3957 ) ;
#1072 = VERTEX_POINT ( 'NONE', #3956 ) ;
#1073 = ORIENTED_EDGE ( 'NONE', *, *, #1074, .T. ) ;
#1074 = EDGE_CURVE ( 'NONE', #1072, #1075, #3955, .T. ) ;
#1075 = VERTEX_POINT ( 'NONE', #3951 ) ;
#1076 = ORIENTED_EDGE ( 'NONE', *, *, #1077, .T. ) ;
#1077 = EDGE_CURVE ( 'NONE', #1022, #1078, #3950, .T. ) ;
#1078 = VERTEX_POINT ( 'NONE', #3946 ) ;
#1079 = ORIENTED_EDGE ( 'NONE', *, *, #1080, .F. ) ;
#1080 = EDGE_CURVE ( 'NONE', #1081, #1078, #3945, .T. ) ;
#1081 = VERTEX_POINT ( 'NONE', #3940 ) ;
#1082 = ORIENTED_EDGE ( 'NONE', *, *, #1083, .F. ) ;
#1083 = EDGE_CURVE ( 'NONE', #1021, #1081, #3939, .T. ) ;
#1084 = ADVANCED_FACE ( 'NONE', ( #3998 ), #3996, .T. ) ;
#1085 = EDGE_LOOP ( 'NONE', ( #1086, #1090, #1064, #1065 ) ) ;
#1086 = ORIENTED_EDGE ( 'NONE', *, *, #1087, .T. ) ;
#1087 = EDGE_CURVE ( 'NONE', #1088, #1089, #3997, .T. ) ;
#1088 = VERTEX_POINT ( 'NONE', #3987 ) ;
#1089 = VERTEX_POINT ( 'NONE', #3986 ) ;
#1090 = ORIENTED_EDGE ( 'NONE', *, *, #1063, .T. ) ;
#1091 = VERTEX_POINT ( 'NONE', #3985 ) ;
#1092 = ORIENTED_EDGE ( 'NONE', *, *, #1093, .T. ) ;
#1093 = EDGE_CURVE ( 'NONE', #1037, #1094, #3984, .T. ) ;
#1094 = VERTEX_POINT ( 'NONE', #3980 ) ;
#1095 = ORIENTED_EDGE ( 'NONE', *, *, #1096, .T. ) ;
#1096 = EDGE_CURVE ( 'NONE', #1094, #1097, #3979, .T. ) ;
#1097 = VERTEX_POINT ( 'NONE', #3974 ) ;
#1098 = VERTEX_POINT ( 'NONE', #3973 ) ;
#1099 = ORIENTED_EDGE ( 'NONE', *, *, #1155, .F. ) ;
#1100 = EDGE_LOOP ( 'NONE', ( #1157, #1161, #1164, #1167 ) ) ;
#1101 = ORIENTED_EDGE ( 'NONE', *, *, #1102, .F. ) ;
#1102 = EDGE_CURVE ( 'NONE', #1125, #735, #3972, .T. ) ;
#1103 = ADVANCED_FACE ( 'NONE', ( #3968 ), #4023, .T. ) ;
#1104 = EDGE_LOOP ( 'NONE', ( #1105, #1109, #1112, #1115 ) ) ;
#1105 = ORIENTED_EDGE ( 'NONE', *, *, #1106, .T. ) ;
#1106 = EDGE_CURVE ( 'NONE', #1107, #1108, #4018, .T. ) ;
#1107 = VERTEX_POINT ( 'NONE', #4017 ) ;
#1108 = VERTEX_POINT ( 'NONE', #4016 ) ;
#1109 = ORIENTED_EDGE ( 'NONE', *, *, #1110, .T. ) ;
#1110 = EDGE_CURVE ( 'NONE', #1108, #1111, #4006, .T. ) ;
#1111 = VERTEX_POINT ( 'NONE', #4002 ) ;
#1112 = ORIENTED_EDGE ( 'NONE', *, *, #1113, .F. ) ;
#1113 = EDGE_CURVE ( 'NONE', #1114, #1111, #4041, .T. ) ;
#1114 = VERTEX_POINT ( 'NONE', #4040 ) ;
#1115 = ORIENTED_EDGE ( 'NONE', *, *, #1116, .F. ) ;
#1116 = EDGE_CURVE ( 'NONE', #1107, #1114, #4039, .T. ) ;
#1117 = EDGE_CURVE ( 'NONE', #1118, #1061, #4026, .T. ) ;
#1118 = VERTEX_POINT ( 'NONE', #4025 ) ;
#1119 = ORIENTED_EDGE ( 'NONE', *, *, #1120, .F. ) ;
#1120 = EDGE_CURVE ( 'NONE', #1057, #1118, #4024, .T. ) ;
#1121 = ADVANCED_FACE ( 'NONE', ( #4056 ), #4055, .T. ) ;
#1122 = EDGE_LOOP ( 'NONE', ( #1123, #1127, #1130, #1101 ) ) ;
#1123 = ORIENTED_EDGE ( 'NONE', *, *, #1124, .T. ) ;
#1124 = EDGE_CURVE ( 'NONE', #1125, #1126, #4050, .T. ) ;
#1125 = VERTEX_POINT ( 'NONE', #4049 ) ;
#1126 = VERTEX_POINT ( 'NONE', #4048 ) ;
#1127 = ORIENTED_EDGE ( 'NONE', *, *, #1128, .T. ) ;
#1128 = EDGE_CURVE ( 'NONE', #1126, #1129, #4085, .T. ) ;
#1129 = VERTEX_POINT ( 'NONE', #4081 ) ;
#1130 = ORIENTED_EDGE ( 'NONE', *, *, #1131, .F. ) ;
#1131 = EDGE_CURVE ( 'NONE', #735, #1129, #4080, .T. ) ;
#1132 = ORIENTED_EDGE ( 'NONE', *, *, #1133, .F. ) ;
#1133 = EDGE_CURVE ( 'NONE', #1134, #1075, #4069, .T. ) ;
#1134 = VERTEX_POINT ( 'NONE', #4070 ) ;
#1135 = ORIENTED_EDGE ( 'NONE', *, *, #1136, .F. ) ;
#1136 = EDGE_CURVE ( 'NONE', #1071, #1134, #4107, .T. ) ;
#1137 = ADVANCED_FACE ( 'NONE', ( #4103 ), #4102, .T. ) ;
#1138 = EDGE_LOOP ( 'NONE', ( #1139, #1194, #1197, #1200 ) ) ;
#1139 = ORIENTED_EDGE ( 'NONE', *, *, #1191, .T. ) ;
#1140 = ADVANCED_FACE ( 'NONE', ( #4100 ), #4096, .T. ) ;
#1141 = EDGE_LOOP ( 'NONE', ( #1142, #1146, #1149, #1152 ) ) ;
#1142 = ORIENTED_EDGE ( 'NONE', *, *, #1143, .T. ) ;
#1143 = EDGE_CURVE ( 'NONE', #1144, #1145, #4137, .T. ) ;
#1144 = VERTEX_POINT ( 'NONE', #4139 ) ;
#1145 = VERTEX_POINT ( 'NONE', #4138 ) ;
#1146 = ORIENTED_EDGE ( 'NONE', *, *, #1147, .T. ) ;
#1147 = EDGE_CURVE ( 'NONE', #1145, #1148, #4127, .T. ) ;
#1148 = VERTEX_POINT ( 'NONE', #4123 ) ;
#1149 = ORIENTED_EDGE ( 'NONE', *, *, #1150, .F. ) ;
#1150 = EDGE_CURVE ( 'NONE', #1151, #1148, #4122, .T. ) ;
#1151 = VERTEX_POINT ( 'NONE', #4121 ) ;
#1152 = ORIENTED_EDGE ( 'NONE', *, *, #1153, .F. ) ;
#1153 = EDGE_CURVE ( 'NONE', #1144, #1151, #4120, .T. ) ;
#1154 = ADVANCED_FACE ( 'NONE', ( #4158 ), #4157, .T. ) ;
#1155 = EDGE_CURVE ( 'NONE', #1173, #1098, #4152, .T. ) ;
#1156 = ADVANCED_FACE ( 'NONE', ( #4148 ), #4147, .T. ) ;
#1157 = ORIENTED_EDGE ( 'NONE', *, *, #1158, .T. ) ;
#1158 = EDGE_CURVE ( 'NONE', #1159, #1160, #4141, .T. ) ;
#1159 = VERTEX_POINT ( 'NONE', #4142 ) ;
#1160 = VERTEX_POINT ( 'NONE', #4140 ) ;
#1161 = ORIENTED_EDGE ( 'NONE', *, *, #1162, .T. ) ;
#1162 = EDGE_CURVE ( 'NONE', #1160, #1163, #4178, .T. ) ;
#1163 = VERTEX_POINT ( 'NONE', #4174 ) ;
#1164 = ORIENTED_EDGE ( 'NONE', *, *, #1165, .F. ) ;
#1165 = EDGE_CURVE ( 'NONE', #1166, #1163, #4173, .T. ) ;
#1166 = VERTEX_POINT ( 'NONE', #4172 ) ;
#1167 = ORIENTED_EDGE ( 'NONE', *, *, #1168, .F. ) ;
#1168 = EDGE_CURVE ( 'NONE', #1159, #1166, #4171, .T. ) ;
#1169 = ADVANCED_FACE ( 'NONE', ( #4204 ), #4203, .T. ) ;
#1170 = EDGE_LOOP ( 'NONE', ( #1171, #1175, #1178, #1099 ) ) ;
#1171 = ORIENTED_EDGE ( 'NONE', *, *, #1172, .T. ) ;
#1172 = EDGE_CURVE ( 'NONE', #1173, #1174, #4197, .T. ) ;
#1173 = VERTEX_POINT ( 'NONE', #4198 ) ;
#1174 = VERTEX_POINT ( 'NONE', #4196 ) ;
#1175 = ORIENTED_EDGE ( 'NONE', *, *, #1176, .T. ) ;
#1176 = EDGE_CURVE ( 'NONE', #1174, #1177, #4233, .T. ) ;
#1177 = VERTEX_POINT ( 'NONE', #4229 ) ;
#1178 = ORIENTED_EDGE ( 'NONE', *, *, #1179, .F. ) ;
#1179 = EDGE_CURVE ( 'NONE', #1098, #1177, #4228, .T. ) ;
#1180 = EDGE_CURVE ( 'NONE', #1260, #1181, #4218, .T. ) ;
#1181 = VERTEX_POINT ( 'NONE', #4214 ) ;
#1182 = ORIENTED_EDGE ( 'NONE', *, *, #1183, .F. ) ;
#1183 = EDGE_CURVE ( 'NONE', #1184, #1181, #4256, .T. ) ;
#1184 = VERTEX_POINT ( 'NONE', #4255 ) ;
#1185 = ORIENTED_EDGE ( 'NONE', *, *, #1186, .F. ) ;
#1186 = EDGE_CURVE ( 'NONE', #1206, #1184, #4254, .T. ) ;
#1187 = ADVANCED_FACE ( 'NONE', ( #4241 ), #4240, .T. ) ;
#1188 = EDGE_LOOP ( 'NONE', ( #1189, #1247, #1250, #1253 ) ) ;
#1189 = ORIENTED_EDGE ( 'NONE', *, *, #1190, .T. ) ;
#1190 = EDGE_CURVE ( 'NONE', #1245, #1246, #4235, .T. ) ;
#1191 = EDGE_CURVE ( 'NONE', #1192, #1193, #4268, .T. ) ;
#1192 = VERTEX_POINT ( 'NONE', #4267 ) ;
#1193 = VERTEX_POINT ( 'NONE', #4266 ) ;
#1194 = ORIENTED_EDGE ( 'NONE', *, *, #1195, .T. ) ;
#1195 = EDGE_CURVE ( 'NONE', #1193, #1196, #4305, .T. ) ;
#1196 = VERTEX_POINT ( 'NONE', #4301 ) ;
#1197 = ORIENTED_EDGE ( 'NONE', *, *, #1198, .F. ) ;
#1198 = EDGE_CURVE ( 'NONE', #1199, #1196, #4300, .T. ) ;
#1199 = VERTEX_POINT ( 'NONE', #4299 ) ;
#1200 = ORIENTED_EDGE ( 'NONE', *, *, #1201, .F. ) ;
#1201 = EDGE_CURVE ( 'NONE', #1192, #1199, #4298, .T. ) ;
#1202 = ADVANCED_FACE ( 'NONE', ( #4285 ), #4282, .T. ) ;
#1203 = EDGE_LOOP ( 'NONE', ( #1204, #1261, #1182, #1185 ) ) ;
#1204 = ORIENTED_EDGE ( 'NONE', *, *, #1205, .T. ) ;
#1205 = EDGE_CURVE ( 'NONE', #1206, #1260, #4335, .T. ) ;
#1206 = VERTEX_POINT ( 'NONE', #4334 ) ;
#1207 = EDGE_LOOP ( 'NONE', ( #1208, #1212, #1215, #1218 ) ) ;
#1208 = ORIENTED_EDGE ( 'NONE', *, *, #1209, .T. ) ;
#1209 = EDGE_CURVE ( 'NONE', #1210, #1211, #4324, .T. ) ;
#1210 = VERTEX_POINT ( 'NONE', #4323 ) ;
#1211 = VERTEX_POINT ( 'NONE', #4322 ) ;
#1212 = ORIENTED_EDGE ( 'NONE', *, *, #1213, .T. ) ;
#1213 = EDGE_CURVE ( 'NONE', #1211, #1214, #4357, .T. ) ;
#1214 = VERTEX_POINT ( 'NONE', #4353 ) ;
#1215 = ORIENTED_EDGE ( 'NONE', *, *, #1216, .F. ) ;
#1216 = EDGE_CURVE ( 'NONE', #1217, #1214, #4352, .T. ) ;
#1217 = VERTEX_POINT ( 'NONE', #4351 ) ;
#1218 = ORIENTED_EDGE ( 'NONE', *, *, #1219, .F. ) ;
#1219 = EDGE_CURVE ( 'NONE', #1210, #1217, #4350, .T. ) ;
#1220 = ADVANCED_FACE ( 'NONE', ( #4337 ), #4336, .T. ) ;
#1221 = EDGE_LOOP ( 'NONE', ( #1222, #1223, #1225, #1226 ) ) ;
#1222 = ORIENTED_EDGE ( 'NONE', *, *, #1110, .F. ) ;
#1223 = ORIENTED_EDGE ( 'NONE', *, *, #1224, .T. ) ;
#1224 = EDGE_CURVE ( 'NONE', #1108, #1125, #4376, .T. ) ;
#1225 = ORIENTED_EDGE ( 'NONE', *, *, #1102, .T. ) ;
#1226 = ORIENTED_EDGE ( 'NONE', *, *, #1227, .F. ) ;
#1227 = EDGE_CURVE ( 'NONE', #1111, #735, #4366, .T. ) ;
#1228 = ADVANCED_FACE ( 'NONE', ( #4365 ), #4364, .T. ) ;
#1229 = EDGE_LOOP ( 'NONE', ( #1230, #1231, #1286, #1287 ) ) ;
#1230 = ORIENTED_EDGE ( 'NONE', *, *, #1176, .F. ) ;
#1231 = ORIENTED_EDGE ( 'NONE', *, *, #1285, .T. ) ;
#1232 = ORIENTED_EDGE ( 'NONE', *, *, #1233, .T. ) ;
#1233 = EDGE_CURVE ( 'NONE', #733, #1234, #4396, .T. ) ;
#1234 = VERTEX_POINT ( 'NONE', #4392 ) ;
#1235 = ORIENTED_EDGE ( 'NONE', *, *, #1236, .T. ) ;
#1236 = EDGE_CURVE ( 'NONE', #1234, #1259, #4391, .T. ) ;
#1237 = ADVANCED_FACE ( 'NONE', ( #4386 ), #4385, .T. ) ;
#1238 = EDGE_LOOP ( 'NONE', ( #1239, #1240, #1242, #1243 ) ) ;
#1239 = ORIENTED_EDGE ( 'NONE', *, *, #1128, .F. ) ;
#1240 = ORIENTED_EDGE ( 'NONE', *, *, #1241, .T. ) ;
#1241 = EDGE_CURVE ( 'NONE', #1126, #1057, #4428, .T. ) ;
#1242 = ORIENTED_EDGE ( 'NONE', *, *, #1120, .T. ) ;
#1243 = ORIENTED_EDGE ( 'NONE', *, *, #1244, .F. ) ;
#1244 = EDGE_CURVE ( 'NONE', #1129, #1118, #4418, .T. ) ;
#1245 = VERTEX_POINT ( 'NONE', #4417 ) ;
#1246 = VERTEX_POINT ( 'NONE', #4416 ) ;
#1247 = ORIENTED_EDGE ( 'NONE', *, *, #1248, .T. ) ;
#1248 = EDGE_CURVE ( 'NONE', #1246, #1249, #4453, .T. ) ;
#1249 = VERTEX_POINT ( 'NONE', #4449 ) ;
#1250 = ORIENTED_EDGE ( 'NONE', *, *, #1251, .F. ) ;
#1251 = EDGE_CURVE ( 'NONE', #1252, #1249, #4448, .T. ) ;
#1252 = VERTEX_POINT ( 'NONE', #4447 ) ;
#1253 = ORIENTED_EDGE ( 'NONE', *, *, #1254, .F. ) ;
#1254 = EDGE_CURVE ( 'NONE', #1245, #1252, #4446, .T. ) ;
#1255 = ADVANCED_FACE ( 'NONE', ( #4431 ), #4433, .T. ) ;
#1256 = EDGE_LOOP ( 'NONE', ( #1257, #1232, #1235 ) ) ;
#1257 = ORIENTED_EDGE ( 'NONE', *, *, #1258, .T. ) ;
#1258 = EDGE_CURVE ( 'NONE', #1259, #733, #4466, .T. ) ;
#1259 = VERTEX_POINT ( 'NONE', #4468 ) ;
#1260 = VERTEX_POINT ( 'NONE', #4467 ) ;
#1261 = ORIENTED_EDGE ( 'NONE', *, *, #1180, .T. ) ;
#1262 = EDGE_CURVE ( 'NONE', #1214, #1151, #4458, .T. ) ;
#1263 = ADVANCED_FACE ( 'NONE', ( #4457 ), #4456, .T. ) ;
#1264 = EDGE_LOOP ( 'NONE', ( #1265, #1266, #1268, #1269 ) ) ;
#1265 = ORIENTED_EDGE ( 'NONE', *, *, #1195, .F. ) ;
#1266 = ORIENTED_EDGE ( 'NONE', *, *, #1267, .T. ) ;
#1267 = EDGE_CURVE ( 'NONE', #1193, #1210, #4479, .T. ) ;
#1268 = ORIENTED_EDGE ( 'NONE', *, *, #1219, .T. ) ;
#1269 = ORIENTED_EDGE ( 'NONE', *, *, #1270, .F. ) ;
#1270 = EDGE_CURVE ( 'NONE', #1196, #1217, #4513, .T. ) ;
#1271 = ADVANCED_FACE ( 'NONE', ( #4512 ), #4511, .T. ) ;
#1272 = EDGE_LOOP ( 'NONE', ( #1327, #1328, #1330, #1331 ) ) ;
#1273 = ADVANCED_FACE ( 'NONE', ( #4499 ), #4496, .T. ) ;
#1274 = ORIENTED_EDGE ( 'NONE', *, *, #1147, .F. ) ;
#1275 = ORIENTED_EDGE ( 'NONE', *, *, #1276, .T. ) ;
#1276 = EDGE_CURVE ( 'NONE', #1145, #1159, #4536, .T. ) ;
#1277 = ORIENTED_EDGE ( 'NONE', *, *, #1168, .T. ) ;
#1278 = ORIENTED_EDGE ( 'NONE', *, *, #1279, .F. ) ;
#1279 = EDGE_CURVE ( 'NONE', #1148, #1166, #4526, .T. ) ;
#1280 = ADVANCED_FACE ( 'NONE', ( #4523 ), #4525, .T. ) ;
#1281 = EDGE_LOOP ( 'NONE', ( #1282, #1283, #1339, #1340 ) ) ;
#1282 = ORIENTED_EDGE ( 'NONE', *, *, #1213, .F. ) ;
#1283 = ORIENTED_EDGE ( 'NONE', *, *, #1284, .T. ) ;
#1284 = EDGE_CURVE ( 'NONE', #1211, #1144, #4548, .T. ) ;
#1285 = EDGE_CURVE ( 'NONE', #1174, #1107, #4538, .T. ) ;
#1286 = ORIENTED_EDGE ( 'NONE', *, *, #1116, .T. ) ;
#1287 = ORIENTED_EDGE ( 'NONE', *, *, #1288, .F. ) ;
#1288 = EDGE_CURVE ( 'NONE', #1177, #1114, #4567, .T. ) ;
#1289 = ADVANCED_FACE ( 'NONE', ( #4566 ), #4565, .T. ) ;
#1290 = EDGE_LOOP ( 'NONE', ( #1291, #1292, #1294, #1295 ) ) ;
#1291 = ORIENTED_EDGE ( 'NONE', *, *, #1162, .F. ) ;
#1292 = ORIENTED_EDGE ( 'NONE', *, *, #1293, .T. ) ;
#1293 = EDGE_CURVE ( 'NONE', #1160, #1173, #4595, .T. ) ;
#1294 = ORIENTED_EDGE ( 'NONE', *, *, #1155, .T. ) ;
#1295 = ORIENTED_EDGE ( 'NONE', *, *, #1296, .F. ) ;
#1296 = EDGE_CURVE ( 'NONE', #1163, #1098, #4584, .T. ) ;
#1297 = EDGE_LOOP ( 'NONE', ( #1274, #1275, #1277, #1278 ) ) ;
#1298 = ADVANCED_FACE ( 'NONE', ( #4585 ), #4624, .T. ) ;
#1299 = EDGE_CURVE ( 'NONE', #139, #1300, #4622, .T. ) ;
#1300 = VERTEX_POINT ( 'NONE', #4614 ) ;
#1301 = ORIENTED_EDGE ( 'NONE', *, *, #1302, .T. ) ;
#1302 = EDGE_CURVE ( 'NONE', #1325, #1234, #4613, .T. ) ;
#1303 = ADVANCED_FACE ( 'NONE', ( #4608 ), #4607, .T. ) ;
#1304 = ORIENTED_EDGE ( 'NONE', *, *, #1305, .T. ) ;
#1305 = EDGE_CURVE ( 'NONE', #1306, #1307, #4605, .T. ) ;
#1306 = VERTEX_POINT ( 'NONE', #4597 ) ;
#1307 = VERTEX_POINT ( 'NONE', #4596 ) ;
#1308 = ORIENTED_EDGE ( 'NONE', *, *, #1309, .T. ) ;
#1309 = EDGE_CURVE ( 'NONE', #1307, #1089, #4649, .T. ) ;
#1310 = ORIENTED_EDGE ( 'NONE', *, *, #1087, .F. ) ;
#1311 = ORIENTED_EDGE ( 'NONE', *, *, #1312, .F. ) ;
#1312 = EDGE_CURVE ( 'NONE', #1313, #1088, #4644, .T. ) ;
#1313 = VERTEX_POINT ( 'NONE', #4640 ) ;
#1314 = ORIENTED_EDGE ( 'NONE', *, *, #1373, .T. ) ;
#1315 = ORIENTED_EDGE ( 'NONE', *, *, #1316, .F. ) ;
#1316 = EDGE_CURVE ( 'NONE', #1249, #1184, #4639, .T. ) ;
#1317 = ADVANCED_FACE ( 'NONE', ( #4638 ), #4637, .T. ) ;
#1318 = EDGE_LOOP ( 'NONE', ( #1319, #1320, #1322, #1323, #1301 ) ) ;
#1319 = ORIENTED_EDGE ( 'NONE', *, *, #1233, .F. ) ;
#1320 = ORIENTED_EDGE ( 'NONE', *, *, #1321, .T. ) ;
#1321 = EDGE_CURVE ( 'NONE', #733, #1245, #4667, .T. ) ;
#1322 = ORIENTED_EDGE ( 'NONE', *, *, #1254, .T. ) ;
#1323 = ORIENTED_EDGE ( 'NONE', *, *, #1324, .F. ) ;
#1324 = EDGE_CURVE ( 'NONE', #1325, #1252, #4656, .T. ) ;
#1325 = VERTEX_POINT ( 'NONE', #4655 ) ;
#1326 = EDGE_LOOP ( 'NONE', ( #1304, #1308, #1310, #1311, #1314, #1375, #1378, #1381, #140, #1359, #1362, #1365 ) ) ;
#1327 = ORIENTED_EDGE ( 'NONE', *, *, #1180, .F. ) ;
#1328 = ORIENTED_EDGE ( 'NONE', *, *, #1329, .T. ) ;
#1329 = EDGE_CURVE ( 'NONE', #1260, #1192, #4689, .T. ) ;
#1330 = ORIENTED_EDGE ( 'NONE', *, *, #1201, .T. ) ;
#1331 = ORIENTED_EDGE ( 'NONE', *, *, #1332, .F. ) ;
#1332 = EDGE_CURVE ( 'NONE', #1181, #1199, #4679, .T. ) ;
#1333 = ADVANCED_FACE ( 'NONE', ( #4678 ), #4677, .T. ) ;
#1334 = EDGE_LOOP ( 'NONE', ( #1335, #1336, #1338, #1315 ) ) ;
#1335 = ORIENTED_EDGE ( 'NONE', *, *, #1248, .F. ) ;
#1336 = ORIENTED_EDGE ( 'NONE', *, *, #1337, .T. ) ;
#1337 = EDGE_CURVE ( 'NONE', #1246, #1206, #4701, .T. ) ;
#1338 = ORIENTED_EDGE ( 'NONE', *, *, #1186, .T. ) ;
#1339 = ORIENTED_EDGE ( 'NONE', *, *, #1153, .T. ) ;
#1340 = ORIENTED_EDGE ( 'NONE', *, *, #1262, .F. ) ;
#1341 = ORIENTED_EDGE ( 'NONE', *, *, #1342, .T. ) ;
#1342 = EDGE_CURVE ( 'NONE', #1426, #1343, #4691, .T. ) ;
#1343 = VERTEX_POINT ( 'NONE', #4690 ) ;
#1344 = EDGE_CURVE ( 'NONE', #1371, #1364, #4723, .T. ) ;
#1345 = ORIENTED_EDGE ( 'NONE', *, *, #1363, .F. ) ;
#1346 = ADVANCED_FACE ( 'NONE', ( #4722 ), #4721, .F. ) ;
#1347 = EDGE_LOOP ( 'NONE', ( #1348, #1351, #1353 ) ) ;
#1348 = ORIENTED_EDGE ( 'NONE', *, *, #1349, .T. ) ;
#1349 = EDGE_CURVE ( 'NONE', #1377, #1350, #4710, .T. ) ;
#1350 = VERTEX_POINT ( 'NONE', #4709 ) ;
#1351 = ORIENTED_EDGE ( 'NONE', *, *, #1352, .T. ) ;
#1352 = EDGE_CURVE ( 'NONE', #1350, #1380, #4752, .T. ) ;
#1353 = ORIENTED_EDGE ( 'NONE', *, *, #1379, .F. ) ;
#1354 = ADVANCED_FACE ( 'NONE', ( #4754 ), #4753, .F. ) ;
#1355 = EDGE_LOOP ( 'NONE', ( #1356, #1416, #1419 ) ) ;
#1356 = ORIENTED_EDGE ( 'NONE', *, *, #1357, .T. ) ;
#1357 = EDGE_CURVE ( 'NONE', #1358, #1415, #4739, .T. ) ;
#1358 = VERTEX_POINT ( 'NONE', #4738 ) ;
#1359 = ORIENTED_EDGE ( 'NONE', *, *, #1360, .T. ) ;
#1360 = EDGE_CURVE ( 'NONE', #1300, #1361, #4786, .T. ) ;
#1361 = VERTEX_POINT ( 'NONE', #4785 ) ;
#1362 = ORIENTED_EDGE ( 'NONE', *, *, #1363, .T. ) ;
#1363 = EDGE_CURVE ( 'NONE', #1361, #1364, #4778, .T. ) ;
#1364 = VERTEX_POINT ( 'NONE', #4779 ) ;
#1365 = ORIENTED_EDGE ( 'NONE', *, *, #1366, .T. ) ;
#1366 = EDGE_CURVE ( 'NONE', #1364, #1306, #4772, .T. ) ;
#1367 = ADVANCED_FACE ( 'NONE', ( #4773 ), #4766, .F. ) ;
#1368 = EDGE_LOOP ( 'NONE', ( #1369, #1372, #1345 ) ) ;
#1369 = ORIENTED_EDGE ( 'NONE', *, *, #1370, .T. ) ;
#1370 = EDGE_CURVE ( 'NONE', #1361, #1371, #4819, .T. ) ;
#1371 = VERTEX_POINT ( 'NONE', #4818 ) ;
#1372 = ORIENTED_EDGE ( 'NONE', *, *, #1344, .T. ) ;
#1373 = EDGE_CURVE ( 'NONE', #1313, #1374, #4817, .T. ) ;
#1374 = VERTEX_POINT ( 'NONE', #4804 ) ;
#1375 = ORIENTED_EDGE ( 'NONE', *, *, #1376, .T. ) ;
#1376 = EDGE_CURVE ( 'NONE', #1374, #1377, #4803, .T. ) ;
#1377 = VERTEX_POINT ( 'NONE', #4802 ) ;
#1378 = ORIENTED_EDGE ( 'NONE', *, *, #1379, .T. ) ;
#1379 = EDGE_CURVE ( 'NONE', #1377, #1380, #4795, .T. ) ;
#1380 = VERTEX_POINT ( 'NONE', #4796 ) ;
#1381 = ORIENTED_EDGE ( 'NONE', *, *, #1382, .T. ) ;
#1382 = EDGE_CURVE ( 'NONE', #1380, #139, #4840, .T. ) ;
#1383 = EDGE_LOOP ( 'NONE', ( #1384, #1385, #1387, #1388, #1453, #1454 ) ) ;
#1384 = ORIENTED_EDGE ( 'NONE', *, *, #1074, .F. ) ;
#1385 = ORIENTED_EDGE ( 'NONE', *, *, #1386, .T. ) ;
#1386 = EDGE_CURVE ( 'NONE', #1072, #1071, #4839, .T. ) ;
#1387 = ORIENTED_EDGE ( 'NONE', *, *, #1136, .T. ) ;
#1388 = ORIENTED_EDGE ( 'NONE', *, *, #1389, .F. ) ;
#1389 = EDGE_CURVE ( 'NONE', #1061, #1134, #4829, .T. ) ;
#1390 = EDGE_CURVE ( 'NONE', #1343, #1414, #4864, .T. ) ;
#1391 = ORIENTED_EDGE ( 'NONE', *, *, #1392, .T. ) ;
#1392 = EDGE_CURVE ( 'NONE', #1414, #1023, #4863, .T. ) ;
#1393 = ORIENTED_EDGE ( 'NONE', *, *, #1051, .T. ) ;
#1394 = ORIENTED_EDGE ( 'NONE', *, *, #1395, .T. ) ;
#1395 = EDGE_CURVE ( 'NONE', #1024, #1358, #4853, .T. ) ;
#1396 = ORIENTED_EDGE ( 'NONE', *, *, #1420, .T. ) ;
#1397 = ORIENTED_EDGE ( 'NONE', *, *, #1398, .T. ) ;
#1398 = EDGE_CURVE ( 'NONE', #1418, #1399, #4845, .T. ) ;
#1399 = VERTEX_POINT ( 'NONE', #4892 ) ;
#1400 = ORIENTED_EDGE ( 'NONE', *, *, #1401, .T. ) ;
#1401 = EDGE_CURVE ( 'NONE', #1399, #1313, #4891, .T. ) ;
#1402 = ORIENTED_EDGE ( 'NONE', *, *, #1403, .F. ) ;
#1403 = EDGE_CURVE ( 'NONE', #1425, #1343, #4886, .T. ) ;
#1404 = ADVANCED_FACE ( 'NONE', ( #4881 ), #4880, .T. ) ;
#1405 = EDGE_LOOP ( 'NONE', ( #1406, #1407, #1410, #1412, #1413, #1391, #1393, #1394, #1396, #1397, #1400, #1467, #1468 ) ) ;
#1406 = ORIENTED_EDGE ( 'NONE', *, *, #1309, .F. ) ;
#1407 = ORIENTED_EDGE ( 'NONE', *, *, #1408, .T. ) ;
#1408 = EDGE_CURVE ( 'NONE', #1307, #1409, #4878, .T. ) ;
#1409 = VERTEX_POINT ( 'NONE', #4870 ) ;
#1410 = ORIENTED_EDGE ( 'NONE', *, *, #1411, .T. ) ;
#1411 = EDGE_CURVE ( 'NONE', #1409, #1425, #4868, .T. ) ;
#1412 = ORIENTED_EDGE ( 'NONE', *, *, #1403, .T. ) ;
#1413 = ORIENTED_EDGE ( 'NONE', *, *, #1390, .T. ) ;
#1414 = VERTEX_POINT ( 'NONE', #4867 ) ;
#1415 = VERTEX_POINT ( 'NONE', #4869 ) ;
#1416 = ORIENTED_EDGE ( 'NONE', *, *, #1417, .T. ) ;
#1417 = EDGE_CURVE ( 'NONE', #1415, #1418, #4916, .T. ) ;
#1418 = VERTEX_POINT ( 'NONE', #4915 ) ;
#1419 = ORIENTED_EDGE ( 'NONE', *, *, #1420, .F. ) ;
#1420 = EDGE_CURVE ( 'NONE', #1358, #1418, #4905, .T. ) ;
#1421 = ADVANCED_FACE ( 'NONE', ( #4906 ), #4900, .F. ) ;
#1422 = EDGE_LOOP ( 'NONE', ( #1423, #1341, #1402 ) ) ;
#1423 = ORIENTED_EDGE ( 'NONE', *, *, #1424, .T. ) ;
#1424 = EDGE_CURVE ( 'NONE', #1425, #1426, #4895, .T. ) ;
#1425 = VERTEX_POINT ( 'NONE', #4893 ) ;
#1426 = VERTEX_POINT ( 'NONE', #4894 ) ;
#1427 = ORIENTED_EDGE ( 'NONE', *, *, #1183, .T. ) ;
#1428 = ORIENTED_EDGE ( 'NONE', *, *, #1332, .T. ) ;
#1429 = ORIENTED_EDGE ( 'NONE', *, *, #1198, .T. ) ;
#1430 = ORIENTED_EDGE ( 'NONE', *, *, #1270, .T. ) ;
#1431 = ORIENTED_EDGE ( 'NONE', *, *, #1284, .F. ) ;
#1432 = ORIENTED_EDGE ( 'NONE', *, *, #1209, .F. ) ;
#1433 = ORIENTED_EDGE ( 'NONE', *, *, #1267, .F. ) ;
#1434 = ORIENTED_EDGE ( 'NONE', *, *, #1191, .F. ) ;
#1435 = ORIENTED_EDGE ( 'NONE', *, *, #1329, .F. ) ;
#1436 = ORIENTED_EDGE ( 'NONE', *, *, #1205, .F. ) ;
#1437 = ORIENTED_EDGE ( 'NONE', *, *, #1337, .F. ) ;
#1438 = ORIENTED_EDGE ( 'NONE', *, *, #1190, .F. ) ;
#1439 = ORIENTED_EDGE ( 'NONE', *, *, #1321, .F. ) ;
#1440 = ORIENTED_EDGE ( 'NONE', *, *, #1258, .F. ) ;
#1441 = ORIENTED_EDGE ( 'NONE', *, *, #1241, .F. ) ;
#1442 = ORIENTED_EDGE ( 'NONE', *, *, #1124, .F. ) ;
#1443 = ORIENTED_EDGE ( 'NONE', *, *, #1224, .F. ) ;
#1444 = ORIENTED_EDGE ( 'NONE', *, *, #1106, .F. ) ;
#1445 = ORIENTED_EDGE ( 'NONE', *, *, #1285, .F. ) ;
#1446 = ORIENTED_EDGE ( 'NONE', *, *, #1172, .F. ) ;
#1447 = ORIENTED_EDGE ( 'NONE', *, *, #1293, .F. ) ;
#1448 = ORIENTED_EDGE ( 'NONE', *, *, #1158, .F. ) ;
#1449 = ORIENTED_EDGE ( 'NONE', *, *, #1276, .F. ) ;
#1450 = ORIENTED_EDGE ( 'NONE', *, *, #1143, .F. ) ;
#1451 = ORIENTED_EDGE ( 'NONE', *, *, #745, .F. ) ;
#1452 = ADVANCED_FACE ( 'NONE', ( #4942 ), #4933, .T. ) ;
#1453 = ORIENTED_EDGE ( 'NONE', *, *, #1060, .F. ) ;
#1454 = ORIENTED_EDGE ( 'NONE', *, *, #1455, .T. ) ;
#1455 = EDGE_CURVE ( 'NONE', #1058, #1075, #4928, .T. ) ;
#1456 = ADVANCED_FACE ( 'NONE', ( #4924 ), #4923, .F. ) ;
#1457 = EDGE_LOOP ( 'NONE', ( #1458, #1461, #1464, #1466, #1441, #1442, #1443, #1444, #1445, #1446, #1447, #1448, #1449, #1450, #1431, #1432, #1433, #1434, #1435, #1436, #1437, #1438, #1439, #1440 ) ) ;
#1458 = ORIENTED_EDGE ( 'NONE', *, *, #1459, .F. ) ;
#1459 = EDGE_CURVE ( 'NONE', #1460, #1259, #5291, .T. ) ;
#1460 = VERTEX_POINT ( 'NONE', #5290 ) ;
#1461 = ORIENTED_EDGE ( 'NONE', *, *, #1462, .T. ) ;
#1462 = EDGE_CURVE ( 'NONE', #1460, #1463, #5335, .T. ) ;
#1463 = VERTEX_POINT ( 'NONE', #5337 ) ;
#1464 = ORIENTED_EDGE ( 'NONE', *, *, #1465, .T. ) ;
#1465 = EDGE_CURVE ( 'NONE', #1463, #1058, #5334, .T. ) ;
#1466 = ORIENTED_EDGE ( 'NONE', *, *, #1056, .F. ) ;
#1467 = ORIENTED_EDGE ( 'NONE', *, *, #1312, .T. ) ;
#1468 = ORIENTED_EDGE ( 'NONE', *, *, #1469, .F. ) ;
#1469 = EDGE_CURVE ( 'NONE', #1089, #1088, #5406, .T. ) ;
#1470 = ADVANCED_FACE ( 'NONE', ( #5401 ), #5400, .T. ) ;
#1471 = EDGE_LOOP ( 'NONE', ( #1530, #1531 ) ) ;
#1472 = ADVANCED_FACE ( 'NONE', ( #5398 ), #5392, .F. ) ;
#1473 = ORIENTED_EDGE ( 'NONE', *, *, #1474, .F. ) ;
#1474 = EDGE_CURVE ( 'NONE', #1509, #1460, #5864, .T. ) ;
#1475 = ORIENTED_EDGE ( 'NONE', *, *, #1494, .T. ) ;
#1476 = ORIENTED_EDGE ( 'NONE', *, *, #1477, .T. ) ;
#1477 = EDGE_CURVE ( 'NONE', #1492, #1463, #5863, .T. ) ;
#1478 = ORIENTED_EDGE ( 'NONE', *, *, #1462, .F. ) ;
#1479 = ADVANCED_FACE ( 'NONE', ( #5862 ), #5854, .T. ) ;
#1480 = EDGE_LOOP ( 'NONE', ( #1481, #1482, #1483, #1540 ) ) ;
#1481 = ORIENTED_EDGE ( 'NONE', *, *, #1063, .F. ) ;
#1482 = ORIENTED_EDGE ( 'NONE', *, *, #1469, .T. ) ;
#1483 = ORIENTED_EDGE ( 'NONE', *, *, #1066, .T. ) ;
#1484 = ORIENTED_EDGE ( 'NONE', *, *, #1227, .T. ) ;
#1485 = ORIENTED_EDGE ( 'NONE', *, *, #1131, .T. ) ;
#1486 = ORIENTED_EDGE ( 'NONE', *, *, #1244, .T. ) ;
#1487 = ORIENTED_EDGE ( 'NONE', *, *, #1117, .T. ) ;
#1488 = ORIENTED_EDGE ( 'NONE', *, *, #1389, .T. ) ;
#1489 = ORIENTED_EDGE ( 'NONE', *, *, #1133, .T. ) ;
#1490 = ORIENTED_EDGE ( 'NONE', *, *, #1491, .T. ) ;
#1491 = EDGE_CURVE ( 'NONE', #1075, #1492, #5849, .T. ) ;
#1492 = VERTEX_POINT ( 'NONE', #5391 ) ;
#1493 = ORIENTED_EDGE ( 'NONE', *, *, #1494, .F. ) ;
#1494 = EDGE_CURVE ( 'NONE', #1509, #1492, #5902, .T. ) ;
#1495 = EDGE_LOOP ( 'NONE', ( #1473, #1475, #1476, #1478 ) ) ;
#1496 = ORIENTED_EDGE ( 'NONE', *, *, #1216, .T. ) ;
#1497 = ORIENTED_EDGE ( 'NONE', *, *, #1262, .T. ) ;
#1498 = ORIENTED_EDGE ( 'NONE', *, *, #1150, .T. ) ;
#1499 = ORIENTED_EDGE ( 'NONE', *, *, #1279, .T. ) ;
#1500 = ORIENTED_EDGE ( 'NONE', *, *, #1165, .T. ) ;
#1501 = ORIENTED_EDGE ( 'NONE', *, *, #1296, .T. ) ;
#1502 = ORIENTED_EDGE ( 'NONE', *, *, #1179, .T. ) ;
#1503 = ORIENTED_EDGE ( 'NONE', *, *, #1288, .T. ) ;
#1504 = ORIENTED_EDGE ( 'NONE', *, *, #1113, .T. ) ;
#1505 = ADVANCED_FACE ( 'NONE', ( #5903 ), #5980, .F. ) ;
#1506 = EDGE_LOOP ( 'NONE', ( #1507, #1510, #1511, #1512, #1427, #1428, #1429, #1430, #1496, #1497, #1498, #1499, #1500, #1501, #1502, #1503, #1504, #1484, #1485, #1486, #1487, #1488, #1489, #1490, #1493 ) ) ;
#1507 = ORIENTED_EDGE ( 'NONE', *, *, #1508, .F. ) ;
#1508 = EDGE_CURVE ( 'NONE', #1325, #1509, #6429, .T. ) ;
#1509 = VERTEX_POINT ( 'NONE', #6430 ) ;
#1510 = ORIENTED_EDGE ( 'NONE', *, *, #1324, .T. ) ;
#1511 = ORIENTED_EDGE ( 'NONE', *, *, #1251, .T. ) ;
#1512 = ORIENTED_EDGE ( 'NONE', *, *, #1316, .T. ) ;
#1513 = ORIENTED_EDGE ( 'NONE', *, *, #1514, .T. ) ;
#1514 = EDGE_CURVE ( 'NONE', #1371, #1515, #6431, .T. ) ;
#1515 = VERTEX_POINT ( 'NONE', #6411 ) ;
#1516 = ORIENTED_EDGE ( 'NONE', *, *, #1508, .T. ) ;
#1517 = ORIENTED_EDGE ( 'NONE', *, *, #1474, .T. ) ;
#1518 = ORIENTED_EDGE ( 'NONE', *, *, #1459, .T. ) ;
#1519 = ORIENTED_EDGE ( 'NONE', *, *, #1236, .F. ) ;
#1520 = ORIENTED_EDGE ( 'NONE', *, *, #1302, .F. ) ;
#1521 = EDGE_LOOP ( 'NONE', ( #1522, #1524 ) ) ;
#1522 = ORIENTED_EDGE ( 'NONE', *, *, #1523, .F. ) ;
#1523 = EDGE_CURVE ( 'NONE', #1097, #1094, #6409, .T. ) ;
#1524 = ORIENTED_EDGE ( 'NONE', *, *, #1096, .F. ) ;
#1525 = ADVANCED_FACE ( 'NONE', ( #6410 ), #6404, .T. ) ;
#1526 = EDGE_LOOP ( 'NONE', ( #1527, #1580, #1582, #1583 ) ) ;
#1527 = ORIENTED_EDGE ( 'NONE', *, *, #1093, .F. ) ;
#1528 = ORIENTED_EDGE ( 'NONE', *, *, #1683, .F. ) ;
#1529 = ORIENTED_EDGE ( 'NONE', *, *, #1548, .T. ) ;
#1530 = ORIENTED_EDGE ( 'NONE', *, *, #1070, .F. ) ;
#1531 = ORIENTED_EDGE ( 'NONE', *, *, #1386, .F. ) ;
#1532 = ADVANCED_FACE ( 'NONE', ( #6399 ), #6464, .T. ) ;
#1533 = EDGE_LOOP ( 'NONE', ( #1534, #1535, #1536, #1537 ) ) ;
#1534 = ORIENTED_EDGE ( 'NONE', *, *, #1465, .F. ) ;
#1535 = ORIENTED_EDGE ( 'NONE', *, *, #1477, .F. ) ;
#1536 = ORIENTED_EDGE ( 'NONE', *, *, #1491, .F. ) ;
#1537 = ORIENTED_EDGE ( 'NONE', *, *, #1455, .F. ) ;
#1538 = ADVANCED_FACE ( 'NONE', ( #6459, #6458 ), #6465, .T. ) ;
#1539 = EDGE_LOOP ( 'NONE', ( #1516, #1517, #1518, #1519, #1520 ) ) ;
#1540 = ORIENTED_EDGE ( 'NONE', *, *, #1541, .F. ) ;
#1541 = EDGE_CURVE ( 'NONE', #1022, #1021, #6452, .T. ) ;
#1542 = ADVANCED_FACE ( 'NONE', ( #6448 ), #6447, .T. ) ;
#1543 = EDGE_LOOP ( 'NONE', ( #1544, #1545, #1546, #1547 ) ) ;
#1544 = ORIENTED_EDGE ( 'NONE', *, *, #1077, .F. ) ;
#1545 = ORIENTED_EDGE ( 'NONE', *, *, #1541, .T. ) ;
#1546 = ORIENTED_EDGE ( 'NONE', *, *, #1083, .T. ) ;
#1547 = ORIENTED_EDGE ( 'NONE', *, *, #1548, .F. ) ;
#1548 = EDGE_CURVE ( 'NONE', #1078, #1081, #6442, .T. ) ;
#1549 = ADVANCED_FACE ( 'NONE', ( #6437, #6436 ), #6432, .T. ) ;
#1550 = EDGE_LOOP ( 'NONE', ( #1551, #1529 ) ) ;
#1551 = ORIENTED_EDGE ( 'NONE', *, *, #1080, .T. ) ;
#1552 = ADVANCED_FACE ( 'NONE', ( #6433 ), #6495, .T. ) ;
#1553 = EDGE_LOOP ( 'NONE', ( #1608, #1609, #1612, #1614, #1615 ) ) ;
#1554 = ORIENTED_EDGE ( 'NONE', *, *, #1555, .F. ) ;
#1555 = EDGE_CURVE ( 'NONE', #1515, #1579, #6493, .T. ) ;
#1556 = ORIENTED_EDGE ( 'NONE', *, *, #1514, .F. ) ;
#1557 = ORIENTED_EDGE ( 'NONE', *, *, #1370, .F. ) ;
#1558 = ADVANCED_FACE ( 'NONE', ( #6486 ), #6485, .F. ) ;
#1559 = EDGE_LOOP ( 'NONE', ( #1560, #1563, #1565, #1566 ) ) ;
#1560 = ORIENTED_EDGE ( 'NONE', *, *, #1561, .T. ) ;
#1561 = EDGE_CURVE ( 'NONE', #139, #1562, #6480, .T. ) ;
#1562 = VERTEX_POINT ( 'NONE', #6476 ) ;
#1563 = ORIENTED_EDGE ( 'NONE', *, *, #1564, .F. ) ;
#1564 = EDGE_CURVE ( 'NONE', #1579, #1562, #6475, .T. ) ;
#1565 = ORIENTED_EDGE ( 'NONE', *, *, #1578, .F. ) ;
#1566 = ORIENTED_EDGE ( 'NONE', *, *, #1299, .F. ) ;
#1567 = ORIENTED_EDGE ( 'NONE', *, *, #1568, .F. ) ;
#1568 = EDGE_CURVE ( 'NONE', #1569, #1515, #6470, .T. ) ;
#1569 = VERTEX_POINT ( 'NONE', #6466 ) ;
#1570 = ORIENTED_EDGE ( 'NONE', *, *, #1571, .F. ) ;
#1571 = EDGE_CURVE ( 'NONE', #1306, #1569, #6527, .T. ) ;
#1572 = ORIENTED_EDGE ( 'NONE', *, *, #1366, .F. ) ;
#1573 = ORIENTED_EDGE ( 'NONE', *, *, #1344, .F. ) ;
#1574 = ADVANCED_FACE ( 'NONE', ( #6523 ), #6522, .T. ) ;
#1575 = EDGE_LOOP ( 'NONE', ( #1576, #1577, #1554, #1556, #1557 ) ) ;
#1576 = ORIENTED_EDGE ( 'NONE', *, *, #1360, .F. ) ;
#1577 = ORIENTED_EDGE ( 'NONE', *, *, #1578, .T. ) ;
#1578 = EDGE_CURVE ( 'NONE', #1300, #1579, #6520, .T. ) ;
#1579 = VERTEX_POINT ( 'NONE', #6513 ) ;
#1580 = ORIENTED_EDGE ( 'NONE', *, *, #1581, .F. ) ;
#1581 = EDGE_CURVE ( 'NONE', #1091, #1037, #6512, .T. ) ;
#1582 = ORIENTED_EDGE ( 'NONE', *, *, #1016, .T. ) ;
#1583 = ORIENTED_EDGE ( 'NONE', *, *, #1523, .T. ) ;
#1584 = ADVANCED_FACE ( 'NONE', ( #6507 ), #6506, .T. ) ;
#1585 = EDGE_LOOP ( 'NONE', ( #1586, #1587 ) ) ;
#1586 = ORIENTED_EDGE ( 'NONE', *, *, #1581, .T. ) ;
#1587 = ORIENTED_EDGE ( 'NONE', *, *, #1036, .T. ) ;
#1588 = ADVANCED_FACE ( 'NONE', ( #6500 ), #6504, .T. ) ;
#1589 = EDGE_LOOP ( 'NONE', ( #1513, #1567, #1570, #1572, #1573 ) ) ;
#1590 = ORIENTED_EDGE ( 'NONE', *, *, #1032, .T. ) ;
#1591 = ORIENTED_EDGE ( 'NONE', *, *, #1592, .F. ) ;
#1592 = EDGE_CURVE ( 'NONE', #1605, #1030, #5979, .T. ) ;
#1593 = ORIENTED_EDGE ( 'NONE', *, *, #1604, .F. ) ;
#1594 = ORIENTED_EDGE ( 'NONE', *, *, #1357, .F. ) ;
#1595 = ADVANCED_FACE ( 'NONE', ( #6558 ), #6557, .F. ) ;
#1596 = ORIENTED_EDGE ( 'NONE', *, *, #1597, .F. ) ;
#1597 = EDGE_CURVE ( 'NONE', #1611, #1620, #6555, .T. ) ;
#1598 = ORIENTED_EDGE ( 'NONE', *, *, #1610, .F. ) ;
#1599 = ORIENTED_EDGE ( 'NONE', *, *, #1373, .F. ) ;
#1600 = ORIENTED_EDGE ( 'NONE', *, *, #1401, .F. ) ;
#1601 = ADVANCED_FACE ( 'NONE', ( #6547 ), #6546, .T. ) ;
#1602 = EDGE_LOOP ( 'NONE', ( #1603, #1606, #1665, #1666, #1667 ) ) ;
#1603 = ORIENTED_EDGE ( 'NONE', *, *, #1604, .T. ) ;
#1604 = EDGE_CURVE ( 'NONE', #1415, #1605, #6544, .T. ) ;
#1605 = VERTEX_POINT ( 'NONE', #6537 ) ;
#1606 = ORIENTED_EDGE ( 'NONE', *, *, #1607, .F. ) ;
#1607 = EDGE_CURVE ( 'NONE', #1620, #1605, #6536, .T. ) ;
#1608 = ORIENTED_EDGE ( 'NONE', *, *, #1376, .F. ) ;
#1609 = ORIENTED_EDGE ( 'NONE', *, *, #1610, .T. ) ;
#1610 = EDGE_CURVE ( 'NONE', #1374, #1611, #6532, .T. ) ;
#1611 = VERTEX_POINT ( 'NONE', #6528 ) ;
#1612 = ORIENTED_EDGE ( 'NONE', *, *, #1613, .F. ) ;
#1613 = EDGE_CURVE ( 'NONE', #1625, #1611, #6588, .T. ) ;
#1614 = ORIENTED_EDGE ( 'NONE', *, *, #1624, .F. ) ;
#1615 = ORIENTED_EDGE ( 'NONE', *, *, #1349, .F. ) ;
#1616 = ADVANCED_FACE ( 'NONE', ( #6584 ), #6583, .F. ) ;
#1617 = EDGE_LOOP ( 'NONE', ( #1618, #1596, #1598, #1599, #1600 ) ) ;
#1618 = ORIENTED_EDGE ( 'NONE', *, *, #1619, .T. ) ;
#1619 = EDGE_CURVE ( 'NONE', #1399, #1620, #6578, .T. ) ;
#1620 = VERTEX_POINT ( 'NONE', #6574 ) ;
#1621 = ADVANCED_FACE ( 'NONE', ( #6573 ), #6572, .T. ) ;
#1622 = EDGE_LOOP ( 'NONE', ( #1623, #1626, #1628, #1629, #1630 ) ) ;
#1623 = ORIENTED_EDGE ( 'NONE', *, *, #1624, .T. ) ;
#1624 = EDGE_CURVE ( 'NONE', #1350, #1625, #6567, .T. ) ;
#1625 = VERTEX_POINT ( 'NONE', #6563 ) ;
#1626 = ORIENTED_EDGE ( 'NONE', *, *, #1627, .F. ) ;
#1627 = EDGE_CURVE ( 'NONE', #1562, #1625, #6562, .T. ) ;
#1628 = ORIENTED_EDGE ( 'NONE', *, *, #1561, .F. ) ;
#1629 = ORIENTED_EDGE ( 'NONE', *, *, #1382, .F. ) ;
#1630 = ORIENTED_EDGE ( 'NONE', *, *, #1352, .F. ) ;
#1631 = EDGE_LOOP ( 'NONE', ( #1632, #1633, #1635, #1636, #1637 ) ) ;
#1632 = ORIENTED_EDGE ( 'NONE', *, *, #1571, .T. ) ;
#1633 = ORIENTED_EDGE ( 'NONE', *, *, #1634, .F. ) ;
#1634 = EDGE_CURVE ( 'NONE', #1648, #1569, #6620, .T. ) ;
#1635 = ORIENTED_EDGE ( 'NONE', *, *, #1647, .F. ) ;
#1636 = ORIENTED_EDGE ( 'NONE', *, *, #1408, .F. ) ;
#1637 = ORIENTED_EDGE ( 'NONE', *, *, #1305, .F. ) ;
#1638 = ADVANCED_FACE ( 'NONE', ( #6615, #6614 ), #6613, .T. ) ;
#1639 = EDGE_LOOP ( 'NONE', ( #1699, #1701 ) ) ;
#1640 = ORIENTED_EDGE ( 'NONE', *, *, #1654, .F. ) ;
#1641 = ORIENTED_EDGE ( 'NONE', *, *, #1390, .F. ) ;
#1642 = ORIENTED_EDGE ( 'NONE', *, *, #1342, .F. ) ;
#1643 = ADVANCED_FACE ( 'NONE', ( #6611 ), #6607, .T. ) ;
#1644 = EDGE_LOOP ( 'NONE', ( #1645, #1646, #1649, #1710, #1711 ) ) ;
#1645 = ORIENTED_EDGE ( 'NONE', *, *, #1411, .F. ) ;
#1646 = ORIENTED_EDGE ( 'NONE', *, *, #1647, .T. ) ;
#1647 = EDGE_CURVE ( 'NONE', #1409, #1648, #6605, .T. ) ;
#1648 = VERTEX_POINT ( 'NONE', #6598 ) ;
#1649 = ORIENTED_EDGE ( 'NONE', *, *, #1650, .F. ) ;
#1650 = EDGE_CURVE ( 'NONE', #1662, #1648, #6597, .T. ) ;
#1651 = ORIENTED_EDGE ( 'NONE', *, *, #1026, .F. ) ;
#1652 = ORIENTED_EDGE ( 'NONE', *, *, #1392, .F. ) ;
#1653 = ORIENTED_EDGE ( 'NONE', *, *, #1654, .T. ) ;
#1654 = EDGE_CURVE ( 'NONE', #1414, #1655, #6593, .T. ) ;
#1655 = VERTEX_POINT ( 'NONE', #6589 ) ;
#1656 = ORIENTED_EDGE ( 'NONE', *, *, #1657, .F. ) ;
#1657 = EDGE_CURVE ( 'NONE', #1027, #1655, #6652, .T. ) ;
#1658 = ADVANCED_FACE ( 'NONE', ( #6653 ), #6647, .T. ) ;
#1659 = EDGE_LOOP ( 'NONE', ( #1660, #1663, #1640, #1641, #1642 ) ) ;
#1660 = ORIENTED_EDGE ( 'NONE', *, *, #1661, .T. ) ;
#1661 = EDGE_CURVE ( 'NONE', #1426, #1662, #6642, .T. ) ;
#1662 = VERTEX_POINT ( 'NONE', #6638 ) ;
#1663 = ORIENTED_EDGE ( 'NONE', *, *, #1664, .F. ) ;
#1664 = EDGE_CURVE ( 'NONE', #1655, #1662, #6637, .T. ) ;
#1665 = ORIENTED_EDGE ( 'NONE', *, *, #1619, .F. ) ;
#1666 = ORIENTED_EDGE ( 'NONE', *, *, #1398, .F. ) ;
#1667 = ORIENTED_EDGE ( 'NONE', *, *, #1417, .F. ) ;
#1668 = ADVANCED_FACE ( 'NONE', ( #6633 ), #6632, .T. ) ;
#1669 = EDGE_LOOP ( 'NONE', ( #1670, #1590, #1591, #1593, #1594 ) ) ;
#1670 = ORIENTED_EDGE ( 'NONE', *, *, #1395, .F. ) ;
#1671 = EDGE_LOOP ( 'NONE', ( #1651, #1652, #1653, #1656 ) ) ;
#1672 = ORIENTED_EDGE ( 'NONE', *, *, #26, .T. ) ;
#1673 = EDGE_LOOP ( 'NONE', ( #1678, #1675, #1674, #1676, #1741, #1677, #1672, #1680, #493, #501, #495, #499 ) ) ;
#1674 = ORIENTED_EDGE ( 'NONE', *, *, #724, .F. ) ;
#1675 = ORIENTED_EDGE ( 'NONE', *, *, #1679, .T. ) ;
#1676 = ORIENTED_EDGE ( 'NONE', *, *, #113, .T. ) ;
#1677 = ORIENTED_EDGE ( 'NONE', *, *, #7058, .F. ) ;
#1678 = ORIENTED_EDGE ( 'NONE', *, *, #405, .T. ) ;
#1679 = EDGE_CURVE ( 'NONE', #406, #704, #6630, .T. ) ;
#1680 = ORIENTED_EDGE ( 'NONE', *, *, #355, .F. ) ;
#1681 = ORIENTED_EDGE ( 'NONE', *, *, #721, .F. ) ;
#1682 = ADVANCED_FACE ( 'NONE', ( #6621 ), #6623, .F. ) ;
#1683 = EDGE_CURVE ( 'NONE', #717, #697, #6683, .T. ) ;
#1684 = ORIENTED_EDGE ( 'NONE', *, *, #1685, .F. ) ;
#1685 = EDGE_CURVE ( 'NONE', #698, #722, #6675, .T. ) ;
#1686 = ORIENTED_EDGE ( 'NONE', *, *, #714, .F. ) ;
#1687 = ORIENTED_EDGE ( 'NONE', *, *, #1592, .T. ) ;
#1688 = ORIENTED_EDGE ( 'NONE', *, *, #1029, .T. ) ;
#1689 = ORIENTED_EDGE ( 'NONE', *, *, #1657, .T. ) ;
#1690 = ORIENTED_EDGE ( 'NONE', *, *, #1664, .T. ) ;
#1691 = ORIENTED_EDGE ( 'NONE', *, *, #1650, .T. ) ;
#1692 = ORIENTED_EDGE ( 'NONE', *, *, #1634, .T. ) ;
#1693 = ADVANCED_FACE ( 'NONE', ( #6670 ), #6669, .F. ) ;
#1694 = EDGE_LOOP ( 'NONE', ( #1695, #1696, #1697 ) ) ;
#1695 = ORIENTED_EDGE ( 'NONE', *, *, #1044, .F. ) ;
#1696 = ORIENTED_EDGE ( 'NONE', *, *, #1041, .T. ) ;
#1697 = ORIENTED_EDGE ( 'NONE', *, *, #1700, .T. ) ;
#1698 = CLOSED_SHELL ( 'NONE', ( #1039, #1048, #1033, #1017, #1084, #1067, #1137, #1121, #1103, #1169, #1156, #1140, #1154, #1220, #1202, #1187, #1255, #1237, #1298, #1228, #1289, #1273, #1280, #1263, #1271, #1333, #1317, #1303, #1367, #1346, #1354, #1421, #1404, #1470, #1456, #1505, #1472, #1479, #1542, #1549, #1532, #1538, #1525, #1584, #1588, #1574, #1558, #1621, #1552, #1616, #1601, #1668, #1595, #1658, #1643, #1712, #1638, #1693 ) ) ;
#1699 = ORIENTED_EDGE ( 'NONE', *, *, #1700, .F. ) ;
#1700 = EDGE_CURVE ( 'NONE', #1042, #1045, #6664, .T. ) ;
#1701 = ORIENTED_EDGE ( 'NONE', *, *, #1047, .F. ) ;
#1702 = EDGE_LOOP ( 'NONE', ( #1703, #1704, #1705, #1706, #1707, #1708, #1709, #1687, #1688, #1689, #1690, #1691, #1692 ) ) ;
#1703 = ORIENTED_EDGE ( 'NONE', *, *, #1568, .T. ) ;
#1704 = ORIENTED_EDGE ( 'NONE', *, *, #1555, .T. ) ;
#1705 = ORIENTED_EDGE ( 'NONE', *, *, #1564, .T. ) ;
#1706 = ORIENTED_EDGE ( 'NONE', *, *, #1627, .T. ) ;
#1707 = ORIENTED_EDGE ( 'NONE', *, *, #1613, .T. ) ;
#1708 = ORIENTED_EDGE ( 'NONE', *, *, #1597, .T. ) ;
#1709 = ORIENTED_EDGE ( 'NONE', *, *, #1607, .T. ) ;
#1710 = ORIENTED_EDGE ( 'NONE', *, *, #1661, .F. ) ;
#1711 = ORIENTED_EDGE ( 'NONE', *, *, #1424, .F. ) ;
#1712 = ADVANCED_FACE ( 'NONE', ( #6659 ), #6658, .F. ) ;
#1713 = PLANE ( 'NONE',  #1715 ) ;
#1714 = CARTESIAN_POINT ( 'NONE',  ( 3.924300000000000600, 0.0000000000000000000, 9.525000000000000400 ) ) ;
#1715 = AXIS2_PLACEMENT_3D ( 'NONE', #1714, #1773, #1772 ) ;
#1716 = FACE_OUTER_BOUND ( 'NONE', #15, .T. ) ;
#1717 = DIRECTION ( 'NONE',  ( 0.0000000000000000000, 0.0000000000000000000, -1.000000000000000000 ) ) ;
#1718 = DIRECTION ( 'NONE',  ( -1.000000000000000000, 0.0000000000000000000, 0.0000000000000000000 ) ) ;
#1719 = CARTESIAN_POINT ( 'NONE',  ( 3.924300000000000600, 0.7620000000000004500, 7.264400000000000200 ) ) ;
#1720 = AXIS2_PLACEMENT_3D ( 'NONE', #1719, #1718, #1717 ) ;
#1721 = CIRCLE ( 'NONE', #1720, 0.7619999999999996800 ) ;
#1722 = CARTESIAN_POINT ( 'NONE',  ( 3.924300000000000600, 0.7620000000000004500, 8.026399999999998900 ) ) ;
#1723 = CARTESIAN_POINT ( 'NONE',  ( 3.924300000000000600, 0.7620000000000003400, 6.502400000000000600 ) ) ;
#1724 = DIRECTION ( 'NONE',  ( -1.000000000000000000, 0.0000000000000000000, 0.0000000000000000000 ) ) ;
#1725 = DIRECTION ( 'NONE',  ( -0.0000000000000000000, 0.0000000000000000000, -1.000000000000000000 ) ) ;
#1726 = CARTESIAN_POINT ( 'NONE',  ( -4.737099999999999000, 13.84300000000000000, 0.0000000000000000000 ) ) ;
#1727 = AXIS2_PLACEMENT_3D ( 'NONE', #1726, #1725, #1724 ) ;
#1728 = PLANE ( 'NONE',  #1727 ) ;
#1729 = FACE_OUTER_BOUND ( 'NONE', #7, .T. ) ;
#1730 = DIRECTION ( 'NONE',  ( 1.000000000000000000, 0.0000000000000000000, 0.0000000000000000000 ) ) ;
#1731 = VECTOR ( 'NONE', #1730, 1000.000000000000000 ) ;
#1732 = CARTESIAN_POINT ( 'NONE',  ( -4.737099999999999000, 13.84300000000000000, 0.0000000000000000000 ) ) ;
#1733 = LINE ( 'NONE', #1732, #1731 ) ;
#1734 = CARTESIAN_POINT ( 'NONE',  ( -4.737099999999999000, 13.84300000000000000, 0.0000000000000000000 ) ) ;
#1735 = CARTESIAN_POINT ( 'NONE',  ( -3.924299999999999700, 13.84300000000000000, 0.0000000000000000000 ) ) ;
#1736 = DIRECTION ( 'NONE',  ( -1.000000000000000000, 0.0000000000000000000, 0.0000000000000000000 ) ) ;
#1737 = DIRECTION ( 'NONE',  ( -0.0000000000000000000, -0.0000000000000000000, -1.000000000000000000 ) ) ;
#1738 = CARTESIAN_POINT ( 'NONE',  ( -3.543299999999999900, 13.84300000000000000, 0.0000000000000000000 ) ) ;
#1739 = AXIS2_PLACEMENT_3D ( 'NONE', #1738, #1737, #1736 ) ;
#1740 = CIRCLE ( 'NONE', #1739, 1.193799999999999300 ) ;
#1741 = ORIENTED_EDGE ( 'NONE', *, *, #626, .F. ) ;
#1742 = LINE ( 'NONE', #1803, #1802 ) ;
#1743 = DIRECTION ( 'NONE',  ( 0.0000000000000000000, 1.000000000000000000, 0.0000000000000000000 ) ) ;
#1744 = VECTOR ( 'NONE', #1743, 1000.000000000000000 ) ;
#1745 = CARTESIAN_POINT ( 'NONE',  ( -3.924300000000000600, 13.84300000000000000, 0.0000000000000000000 ) ) ;
#1746 = LINE ( 'NONE', #1745, #1744 ) ;
#1747 = CARTESIAN_POINT ( 'NONE',  ( -3.924300000000000600, 5.308599999999999300, 9.525000000000000400 ) ) ;
#1748 = DIRECTION ( 'NONE',  ( 0.0000000000000000000, 1.000000000000000000, 0.0000000000000000000 ) ) ;
#1749 = VECTOR ( 'NONE', #1748, 1000.000000000000000 ) ;
#1750 = CARTESIAN_POINT ( 'NONE',  ( -3.924300000000000600, 13.84300000000000000, 9.525000000000000400 ) ) ;
#1751 = LINE ( 'NONE', #1750, #1749 ) ;
#1752 = DIRECTION ( 'NONE',  ( 1.000000000000000000, 0.0000000000000000000, -0.0000000000000000000 ) ) ;
#1753 = DIRECTION ( 'NONE',  ( 0.0000000000000000000, 0.0000000000000000000, 1.000000000000000000 ) ) ;
#1754 = CARTESIAN_POINT ( 'NONE',  ( 4.737099999999999900, 13.84300000000000000, 9.525000000000000400 ) ) ;
#1755 = AXIS2_PLACEMENT_3D ( 'NONE', #1754, #1753, #1752 ) ;
#1756 = PLANE ( 'NONE',  #1755 ) ;
#1757 = FACE_OUTER_BOUND ( 'NONE', #22, .T. ) ;
#1758 = DIRECTION ( 'NONE',  ( -1.000000000000000000, 0.0000000000000000000, 0.0000000000000000000 ) ) ;
#1759 = DIRECTION ( 'NONE',  ( 0.0000000000000000000, 0.0000000000000000000, 1.000000000000000000 ) ) ;
#1760 = CARTESIAN_POINT ( 'NONE',  ( -4.737099999999999900, 4.406838348061704400, 3.022600000000000200 ) ) ;
#1761 = AXIS2_PLACEMENT_3D ( 'NONE', #1760, #1759, #1758 ) ;
#1762 = CIRCLE ( 'NONE', #1761, 0.8127999999999998600 ) ;
#1763 = DIRECTION ( 'NONE',  ( 1.000000000000000000, 0.0000000000000000000, 0.0000000000000000000 ) ) ;
#1764 = DIRECTION ( 'NONE',  ( -0.0000000000000000000, 0.0000000000000000000, -1.000000000000000000 ) ) ;
#1765 = CARTESIAN_POINT ( 'NONE',  ( -4.737099999999999900, 1.790761651938295000, 1.498600000000001000 ) ) ;
#1766 = AXIS2_PLACEMENT_3D ( 'NONE', #1765, #1764, #1763 ) ;
#1767 = CIRCLE ( 'NONE', #1766, 0.8127999999999998600 ) ;
#1768 = DIRECTION ( 'NONE',  ( -0.0000000000000000000, 1.000000000000000000, -0.0000000000000000000 ) ) ;
#1769 = VECTOR ( 'NONE', #1768, 1000.000000000000000 ) ;
#1770 = CARTESIAN_POINT ( 'NONE',  ( -4.737099999999999900, 13.84300000000000000, 9.525000000000000400 ) ) ;
#1771 = LINE ( 'NONE', #1770, #1769 ) ;
#1772 = DIRECTION ( 'NONE',  ( -0.0000000000000000000, 0.0000000000000000000, -1.000000000000000000 ) ) ;
#1773 = DIRECTION ( 'NONE',  ( 1.000000000000000000, 0.0000000000000000000, -0.0000000000000000000 ) ) ;
#1774 = DIRECTION ( 'NONE',  ( -1.000000000000000000, 0.0000000000000000000, 0.0000000000000000000 ) ) ;
#1775 = DIRECTION ( 'NONE',  ( -0.0000000000000000000, -0.0000000000000000000, 1.000000000000000000 ) ) ;
#1776 = CARTESIAN_POINT ( 'NONE',  ( 3.771899999999998700, 3.098800000000000700, 8.026399999999998900 ) ) ;
#1777 = AXIS2_PLACEMENT_3D ( 'NONE', #1776, #1775, #1774 ) ;
#1778 = CIRCLE ( 'NONE', #1777, 1.625599999999999700 ) ;
#1779 = CARTESIAN_POINT ( 'NONE',  ( -3.543299999999999900, 13.84300000000000000, 0.0000000000000000000 ) ) ;
#1780 = CARTESIAN_POINT ( 'NONE',  ( -4.737099999999999900, 5.308599999999999300, 0.0000000000000000000 ) ) ;
#1781 = DIRECTION ( 'NONE',  ( 1.000000000000000000, -0.0000000000000000000, -0.0000000000000000000 ) ) ;
#1782 = VECTOR ( 'NONE', #1781, 1000.000000000000000 ) ;
#1783 = CARTESIAN_POINT ( 'NONE',  ( -5.714999999999999900, 5.308599999999999300, 0.0000000000000000000 ) ) ;
#1784 = DIRECTION ( 'NONE',  ( 1.000000000000000000, 0.0000000000000000000, -0.0000000000000000000 ) ) ;
#1785 = DIRECTION ( 'NONE',  ( 0.0000000000000000000, 0.0000000000000000000, 1.000000000000000000 ) ) ;
#1786 = CARTESIAN_POINT ( 'NONE',  ( 3.543299999999999900, 14.22399999999999800, 9.525000000000000400 ) ) ;
#1787 = LINE ( 'NONE', #1783, #1782 ) ;
#1788 = AXIS2_PLACEMENT_3D ( 'NONE', #1786, #1785, #1784 ) ;
#1789 = PLANE ( 'NONE',  #1788 ) ;
#1790 = FACE_OUTER_BOUND ( 'NONE', #67, .T. ) ;
#1791 = DIRECTION ( 'NONE',  ( -0.0000000000000000000, 1.000000000000000000, -0.0000000000000000000 ) ) ;
#1792 = VECTOR ( 'NONE', #1791, 1000.000000000000000 ) ;
#1793 = CARTESIAN_POINT ( 'NONE',  ( -4.737099999999999900, 13.84300000000000000, 0.0000000000000000000 ) ) ;
#1794 = LINE ( 'NONE', #1793, #1792 ) ;
#1795 = DIRECTION ( 'NONE',  ( -1.000000000000000000, 0.0000000000000000000, 0.0000000000000000000 ) ) ;
#1796 = DIRECTION ( 'NONE',  ( -0.0000000000000000000, -0.0000000000000000000, -1.000000000000000000 ) ) ;
#1797 = AXIS2_PLACEMENT_3D ( 'NONE', #1798, #1796, #1795 ) ;
#1798 = CARTESIAN_POINT ( 'NONE',  ( -4.737099999999999900, 4.406838348061704400, 9.525000000000000400 ) ) ;
#1799 = CYLINDRICAL_SURFACE ( 'NONE', #1797, 0.8127999999999998600 ) ;
#1800 = FACE_OUTER_BOUND ( 'NONE', #30, .T. ) ;
#1801 = DIRECTION ( 'NONE',  ( 1.000000000000000000, -0.0000000000000000000, -0.0000000000000000000 ) ) ;
#1802 = VECTOR ( 'NONE', #1801, 1000.000000000000000 ) ;
#1803 = CARTESIAN_POINT ( 'NONE',  ( -5.714999999999999900, 5.308599999999999300, 9.525000000000000400 ) ) ;
#1804 = VECTOR ( 'NONE', #1867, 1000.000000000000000 ) ;
#1805 = CARTESIAN_POINT ( 'NONE',  ( 3.543299999999999900, 15.03679999999999900, 0.0000000000000000000 ) ) ;
#1806 = LINE ( 'NONE', #1805, #1804 ) ;
#1807 = CARTESIAN_POINT ( 'NONE',  ( 3.924300000000000600, 4.406838348061706200, 3.022600000000000200 ) ) ;
#1808 = CARTESIAN_POINT ( 'NONE',  ( -3.924300000000000600, 5.308599999999999300, 0.0000000000000000000 ) ) ;
#1809 = CARTESIAN_POINT ( 'NONE',  ( 3.924300000000000600, 4.406838348061706200, 1.498600000000001000 ) ) ;
#1810 = DIRECTION ( 'NONE',  ( 1.000000000000000000, 0.0000000000000000000, 0.0000000000000000000 ) ) ;
#1811 = DIRECTION ( 'NONE',  ( -0.0000000000000000000, -0.0000000000000000000, -1.000000000000000000 ) ) ;
#1812 = CARTESIAN_POINT ( 'NONE',  ( 3.543299999999999900, 13.84300000000000000, 9.525000000000000400 ) ) ;
#1813 = AXIS2_PLACEMENT_3D ( 'NONE', #1812, #1811, #1810 ) ;
#1814 = CIRCLE ( 'NONE', #1813, 1.193799999999999300 ) ;
#1815 = CARTESIAN_POINT ( 'NONE',  ( 3.924300000000000600, 13.84300000000000000, 9.525000000000000400 ) ) ;
#1816 = DIRECTION ( 'NONE',  ( -0.0000000000000000000, -0.0000000000000000000, 1.000000000000000000 ) ) ;
#1817 = VECTOR ( 'NONE', #1816, 1000.000000000000000 ) ;
#1818 = CARTESIAN_POINT ( 'NONE',  ( 3.924300000000000600, 4.406838348061706200, 9.525000000000000400 ) ) ;
#1819 = LINE ( 'NONE', #1818, #1817 ) ;
#1820 = CARTESIAN_POINT ( 'NONE',  ( 4.737099999999999000, 5.308599999999999300, 9.525000000000000400 ) ) ;
#1821 = DIRECTION ( 'NONE',  ( -1.000000000000000000, 0.0000000000000000000, 0.0000000000000000000 ) ) ;
#1822 = DIRECTION ( 'NONE',  ( 0.0000000000000000000, 0.0000000000000000000, 1.000000000000000000 ) ) ;
#1823 = CARTESIAN_POINT ( 'NONE',  ( 4.737099999999999900, 4.406838348061706200, 3.022600000000000200 ) ) ;
#1824 = AXIS2_PLACEMENT_3D ( 'NONE', #1823, #1822, #1821 ) ;
#1825 = CIRCLE ( 'NONE', #1824, 0.8127999999999998600 ) ;
#1826 = CARTESIAN_POINT ( 'NONE',  ( 4.737099999999999900, 4.406838348061706200, 8.026399999999998900 ) ) ;
#1827 = DIRECTION ( 'NONE',  ( -1.000000000000000000, 0.0000000000000000000, 0.0000000000000000000 ) ) ;
#1828 = DIRECTION ( 'NONE',  ( -0.0000000000000000000, 0.0000000000000000000, -1.000000000000000000 ) ) ;
#1829 = CARTESIAN_POINT ( 'NONE',  ( -3.543299999999999900, 14.22399999999999700, 0.0000000000000000000 ) ) ;
#1830 = AXIS2_PLACEMENT_3D ( 'NONE', #1829, #1828, #1827 ) ;
#1831 = PLANE ( 'NONE',  #1830 ) ;
#1832 = FACE_OUTER_BOUND ( 'NONE', #56, .T. ) ;
#1833 = DIRECTION ( 'NONE',  ( 1.000000000000000000, 0.0000000000000000000, 0.0000000000000000000 ) ) ;
#1834 = DIRECTION ( 'NONE',  ( -0.0000000000000000000, -0.0000000000000000000, -1.000000000000000000 ) ) ;
#1835 = AXIS2_PLACEMENT_3D ( 'NONE', #1779, #1834, #1833 ) ;
#1836 = CIRCLE ( 'NONE', #1835, 0.3809999999999993900 ) ;
#1837 = DIRECTION ( 'NONE',  ( 1.000000000000000000, -0.0000000000000000000, -0.0000000000000000000 ) ) ;
#1838 = VECTOR ( 'NONE', #1837, 1000.000000000000000 ) ;
#1839 = CARTESIAN_POINT ( 'NONE',  ( -5.714999999999999900, 5.308599999999999300, 9.525000000000000400 ) ) ;
#1840 = LINE ( 'NONE', #1839, #1838 ) ;
#1841 = CARTESIAN_POINT ( 'NONE',  ( 3.924300000000000600, 5.308599999999999300, 9.525000000000000400 ) ) ;
#1842 = DIRECTION ( 'NONE',  ( 1.000000000000000000, 0.0000000000000000000, 0.0000000000000000000 ) ) ;
#1843 = VECTOR ( 'NONE', #1842, 1000.000000000000000 ) ;
#1844 = CARTESIAN_POINT ( 'NONE',  ( 3.924300000000000600, 13.84300000000000000, 0.0000000000000000000 ) ) ;
#1845 = LINE ( 'NONE', #1844, #1843 ) ;
#1846 = CARTESIAN_POINT ( 'NONE',  ( 4.737099999999999900, 13.84300000000000000, 0.0000000000000000000 ) ) ;
#1847 = DIRECTION ( 'NONE',  ( -0.0000000000000000000, -1.000000000000000000, 0.0000000000000000000 ) ) ;
#1848 = VECTOR ( 'NONE', #1847, 1000.000000000000000 ) ;
#1849 = CARTESIAN_POINT ( 'NONE',  ( 3.924300000000000600, 13.84300000000000000, 9.525000000000000400 ) ) ;
#1850 = LINE ( 'NONE', #1849, #1848 ) ;
#1851 = CARTESIAN_POINT ( 'NONE',  ( 3.924300000000000600, 13.84300000000000000, 0.0000000000000000000 ) ) ;
#1852 = DIRECTION ( 'NONE',  ( 1.000000000000000000, 0.0000000000000000000, 0.0000000000000000000 ) ) ;
#1853 = DIRECTION ( 'NONE',  ( -0.0000000000000000000, -0.0000000000000000000, -1.000000000000000000 ) ) ;
#1854 = CARTESIAN_POINT ( 'NONE',  ( 3.543299999999999900, 13.84300000000000000, 9.525000000000000400 ) ) ;
#1855 = AXIS2_PLACEMENT_3D ( 'NONE', #1854, #1853, #1852 ) ;
#1856 = DIRECTION ( 'NONE',  ( -1.000000000000000000, 0.0000000000000000000, 0.0000000000000000000 ) ) ;
#1857 = DIRECTION ( 'NONE',  ( -0.0000000000000000000, -0.0000000000000000000, -1.000000000000000000 ) ) ;
#1858 = CARTESIAN_POINT ( 'NONE',  ( 4.737099999999999900, 4.406838348061706200, 9.525000000000000400 ) ) ;
#1859 = AXIS2_PLACEMENT_3D ( 'NONE', #1858, #1857, #1856 ) ;
#1860 = CYLINDRICAL_SURFACE ( 'NONE', #1859, 0.8127999999999998600 ) ;
#1861 = CIRCLE ( 'NONE', #1855, 0.3809999999999993900 ) ;
#1862 = FACE_OUTER_BOUND ( 'NONE', #75, .T. ) ;
#1863 = DIRECTION ( 'NONE',  ( 0.0000000000000000000, 1.000000000000000000, 0.0000000000000000000 ) ) ;
#1864 = VECTOR ( 'NONE', #1863, 1000.000000000000000 ) ;
#1865 = CARTESIAN_POINT ( 'NONE',  ( 3.543299999999999900, 14.22399999999999800, 9.525000000000000400 ) ) ;
#1866 = LINE ( 'NONE', #1865, #1864 ) ;
#1867 = DIRECTION ( 'NONE',  ( 0.0000000000000000000, -1.000000000000000000, 0.0000000000000000000 ) ) ;
#1868 = DIRECTION ( 'NONE',  ( -1.000000000000000000, 0.0000000000000000000, 0.0000000000000000000 ) ) ;
#1869 = DIRECTION ( 'NONE',  ( -0.0000000000000000000, 0.0000000000000000000, -1.000000000000000000 ) ) ;
#1870 = CARTESIAN_POINT ( 'NONE',  ( 3.924300000000000600, 13.84300000000000000, 0.0000000000000000000 ) ) ;
#1871 = AXIS2_PLACEMENT_3D ( 'NONE', #1870, #1869, #1868 ) ;
#1872 = PLANE ( 'NONE',  #1871 ) ;
#1873 = LINE ( 'NONE', #1931, #1930 ) ;
#1874 = FACE_OUTER_BOUND ( 'NONE', #101, .T. ) ;
#1875 = DIRECTION ( 'NONE',  ( 0.0000000000000000000, 1.000000000000000000, 0.0000000000000000000 ) ) ;
#1876 = VECTOR ( 'NONE', #1875, 1000.000000000000000 ) ;
#1877 = CARTESIAN_POINT ( 'NONE',  ( -3.543299999999999900, 14.22399999999999700, 0.0000000000000000000 ) ) ;
#1878 = LINE ( 'NONE', #1877, #1876 ) ;
#1879 = DIRECTION ( 'NONE',  ( 0.0000000000000000000, -1.000000000000000000, 0.0000000000000000000 ) ) ;
#1880 = VECTOR ( 'NONE', #1879, 1000.000000000000000 ) ;
#1881 = CARTESIAN_POINT ( 'NONE',  ( 4.737099999999999900, 13.84300000000000000, 9.525000000000000400 ) ) ;
#1882 = LINE ( 'NONE', #1881, #1880 ) ;
#1883 = DIRECTION ( 'NONE',  ( 1.000000000000000000, 0.0000000000000000000, 0.0000000000000000000 ) ) ;
#1884 = DIRECTION ( 'NONE',  ( -0.0000000000000000000, -0.0000000000000000000, -1.000000000000000000 ) ) ;
#1885 = CARTESIAN_POINT ( 'NONE',  ( 3.543299999999999900, 13.84300000000000000, 0.0000000000000000000 ) ) ;
#1886 = AXIS2_PLACEMENT_3D ( 'NONE', #1885, #1884, #1883 ) ;
#1887 = DIRECTION ( 'NONE',  ( -1.000000000000000000, 0.0000000000000000000, 0.0000000000000000000 ) ) ;
#1888 = DIRECTION ( 'NONE',  ( -0.0000000000000000000, 0.0000000000000000000, -1.000000000000000000 ) ) ;
#1889 = CARTESIAN_POINT ( 'NONE',  ( 3.543299999999999900, 15.03679999999999900, 0.0000000000000000000 ) ) ;
#1890 = CIRCLE ( 'NONE', #1886, 0.3809999999999993900 ) ;
#1891 = AXIS2_PLACEMENT_3D ( 'NONE', #1889, #1888, #1887 ) ;
#1892 = PLANE ( 'NONE',  #1891 ) ;
#1893 = FACE_OUTER_BOUND ( 'NONE', #64, .T. ) ;
#1894 = DIRECTION ( 'NONE',  ( 1.000000000000000000, 0.0000000000000000000, 0.0000000000000000000 ) ) ;
#1895 = DIRECTION ( 'NONE',  ( -0.0000000000000000000, -0.0000000000000000000, -1.000000000000000000 ) ) ;
#1896 = CARTESIAN_POINT ( 'NONE',  ( 3.543299999999999900, 13.84300000000000000, 0.0000000000000000000 ) ) ;
#1897 = AXIS2_PLACEMENT_3D ( 'NONE', #1896, #1895, #1894 ) ;
#1898 = CIRCLE ( 'NONE', #1897, 1.193799999999999300 ) ;
#1899 = DIRECTION ( 'NONE',  ( 1.000000000000000000, 0.0000000000000000000, 0.0000000000000000000 ) ) ;
#1900 = DIRECTION ( 'NONE',  ( -0.0000000000000000000, 0.0000000000000000000, -1.000000000000000000 ) ) ;
#1901 = CARTESIAN_POINT ( 'NONE',  ( 4.737099999999999900, 4.406838348061706200, 1.498600000000001000 ) ) ;
#1902 = AXIS2_PLACEMENT_3D ( 'NONE', #1901, #1900, #1899 ) ;
#1903 = CIRCLE ( 'NONE', #1902, 0.8127999999999998600 ) ;
#1904 = CARTESIAN_POINT ( 'NONE',  ( -0.9994973260062779400, 12.61110000000000000, 7.175500000000000400 ) ) ;
#1905 = CARTESIAN_POINT ( 'NONE',  ( 0.0000000000000000000, 12.56029999999999800, 7.175499999999999500 ) ) ;
#1906 = CARTESIAN_POINT ( 'NONE',  ( 4.737099999999999900, 13.84300000000000000, 9.525000000000000400 ) ) ;
#1907 = DIRECTION ( 'NONE',  ( -1.000000000000000000, 0.0000000000000000000, 0.0000000000000000000 ) ) ;
#1908 = DIRECTION ( 'NONE',  ( 0.0000000000000000000, 0.0000000000000000000, 1.000000000000000000 ) ) ;
#1909 = CARTESIAN_POINT ( 'NONE',  ( -4.737099999999999900, 1.790761651938295000, 3.022600000000000200 ) ) ;
#1910 = AXIS2_PLACEMENT_3D ( 'NONE', #1909, #1908, #1907 ) ;
#1911 = CIRCLE ( 'NONE', #1910, 0.8127999999999998600 ) ;
#1912 = CARTESIAN_POINT ( 'NONE',  ( -4.254499999999999300, 2.444780825969147900, 3.022600000000000200 ) ) ;
#1913 = CARTESIAN_POINT ( 'NONE',  ( -3.924300000000000600, 4.406838348061704400, 1.498600000000001000 ) ) ;
#1914 = DIRECTION ( 'NONE',  ( 0.0000000000000000000, 0.0000000000000000000, -1.000000000000000000 ) ) ;
#1915 = VECTOR ( 'NONE', #1914, 1000.000000000000000 ) ;
#1916 = CARTESIAN_POINT ( 'NONE',  ( -3.924300000000000600, 4.406838348061704400, 9.525000000000000400 ) ) ;
#1917 = LINE ( 'NONE', #1916, #1915 ) ;
#1918 = DIRECTION ( 'NONE',  ( 1.000000000000000000, 0.0000000000000000000, 0.0000000000000000000 ) ) ;
#1919 = DIRECTION ( 'NONE',  ( -0.0000000000000000000, 0.0000000000000000000, -1.000000000000000000 ) ) ;
#1920 = CARTESIAN_POINT ( 'NONE',  ( -4.737099999999999900, 4.406838348061704400, 1.498600000000001000 ) ) ;
#1921 = AXIS2_PLACEMENT_3D ( 'NONE', #1920, #1919, #1918 ) ;
#1922 = CIRCLE ( 'NONE', #1921, 0.8127999999999998600 ) ;
#1923 = DIRECTION ( 'NONE',  ( 1.000000000000000000, 0.0000000000000000000, 0.0000000000000000000 ) ) ;
#1924 = DIRECTION ( 'NONE',  ( -0.0000000000000000000, 0.0000000000000000000, -1.000000000000000000 ) ) ;
#1925 = CARTESIAN_POINT ( 'NONE',  ( 3.771899999999998700, 3.098800000000000700, 1.498600000000001000 ) ) ;
#1926 = AXIS2_PLACEMENT_3D ( 'NONE', #1925, #1924, #1923 ) ;
#1927 = CIRCLE ( 'NONE', #1926, 0.8127999999999994100 ) ;
#1928 = CARTESIAN_POINT ( 'NONE',  ( -3.924300000000000600, 4.406838348061704400, 3.022600000000000200 ) ) ;
#1929 = DIRECTION ( 'NONE',  ( 1.000000000000000000, -0.0000000000000000000, -0.0000000000000000000 ) ) ;
#1930 = VECTOR ( 'NONE', #1929, 1000.000000000000000 ) ;
#1931 = CARTESIAN_POINT ( 'NONE',  ( -5.714999999999999900, 0.7620000000000005700, 3.022600000000000200 ) ) ;
#1932 = FACE_OUTER_BOUND ( 'NONE', #134, .T. ) ;
#1933 = CARTESIAN_POINT ( 'NONE',  ( 0.4445000000000007800, 12.46754691167844700, 2.158524327589499400 ) ) ;
#1934 = DIRECTION ( 'NONE',  ( -1.000000000000000000, 0.0000000000000000000, 0.0000000000000000000 ) ) ;
#1935 = DIRECTION ( 'NONE',  ( 0.0000000000000000000, 0.0000000000000000000, 1.000000000000000000 ) ) ;
#1936 = CARTESIAN_POINT ( 'NONE',  ( -3.771900000000000900, 3.098799999999999800, 3.022600000000000200 ) ) ;
#1937 = AXIS2_PLACEMENT_3D ( 'NONE', #1936, #1935, #1934 ) ;
#1938 = CIRCLE ( 'NONE', #1937, 0.8127999999999980800 ) ;
#1939 = DIRECTION ( 'NONE',  ( -1.000000000000000000, 0.0000000000000000000, 0.0000000000000000000 ) ) ;
#1940 = DIRECTION ( 'NONE',  ( 0.0000000000000000000, 0.0000000000000000000, 1.000000000000000000 ) ) ;
#1941 = CARTESIAN_POINT ( 'NONE',  ( 4.737099999999999900, 1.790761651938295200, 3.022600000000000200 ) ) ;
#1942 = AXIS2_PLACEMENT_3D ( 'NONE', #1941, #1940, #1939 ) ;
#1943 = CIRCLE ( 'NONE', #1942, 0.8127999999999998600 ) ;
#1944 = DIRECTION ( 'NONE',  ( -1.000000000000000000, 0.0000000000000000000, 0.0000000000000000000 ) ) ;
#1945 = VECTOR ( 'NONE', #1944, 1000.000000000000000 ) ;
#1946 = CARTESIAN_POINT ( 'NONE',  ( 4.737099999999999900, 13.84300000000000000, 9.525000000000000400 ) ) ;
#1947 = LINE ( 'NONE', #1946, #1945 ) ;
#1948 = DIRECTION ( 'NONE',  ( -1.000000000000000000, 0.0000000000000000000, 0.0000000000000000000 ) ) ;
#1949 = DIRECTION ( 'NONE',  ( -0.0000000000000000000, -0.0000000000000000000, -1.000000000000000000 ) ) ;
#1950 = AXIS2_PLACEMENT_3D ( 'NONE', #1952, #1949, #1948 ) ;
#1951 = CARTESIAN_POINT ( 'NONE',  ( 4.254499999999999300, 3.752819174030853000, 1.498600000000001000 ) ) ;
#1952 = CARTESIAN_POINT ( 'NONE',  ( -4.737099999999999900, 1.790761651938295000, 9.525000000000000400 ) ) ;
#1953 = CYLINDRICAL_SURFACE ( 'NONE', #1950, 0.8127999999999998600 ) ;
#1954 = DIRECTION ( 'NONE',  ( -1.000000000000000000, 0.0000000000000000000, 0.0000000000000000000 ) ) ;
#1955 = DIRECTION ( 'NONE',  ( -0.0000000000000000000, -0.0000000000000000000, -1.000000000000000000 ) ) ;
#1956 = AXIS2_PLACEMENT_3D ( 'NONE', #1958, #1955, #1954 ) ;
#1957 = FACE_OUTER_BOUND ( 'NONE', #110, .T. ) ;
#1958 = CARTESIAN_POINT ( 'NONE',  ( 4.737099999999999900, 1.790761651938295200, 9.525000000000000400 ) ) ;
#1959 = CYLINDRICAL_SURFACE ( 'NONE', #1956, 0.8127999999999998600 ) ;
#1960 = FACE_OUTER_BOUND ( 'NONE', #109, .T. ) ;
#1961 = CARTESIAN_POINT ( 'NONE',  ( 4.737099999999999900, 0.0000000000000000000, 8.026399999999998900 ) ) ;
#1962 = LINE ( 'NONE', #1961, #2023 ) ;
#1963 = DIRECTION ( 'NONE',  ( 0.0000000000000000000, 0.0000000000000000000, -1.000000000000000000 ) ) ;
#1964 = DIRECTION ( 'NONE',  ( -1.000000000000000000, -0.0000000000000000000, -0.0000000000000000000 ) ) ;
#1965 = AXIS2_PLACEMENT_3D ( 'NONE', #1972, #1964, #1963 ) ;
#1966 = CIRCLE ( 'NONE', #1965, 0.7619999999999996800 ) ;
#1967 = DIRECTION ( 'NONE',  ( 1.000000000000000000, 0.0000000000000000000, -0.0000000000000000000 ) ) ;
#1968 = DIRECTION ( 'NONE',  ( 0.0000000000000000000, 0.0000000000000000000, 1.000000000000000000 ) ) ;
#1969 = CARTESIAN_POINT ( 'NONE',  ( -3.543299999999999900, 15.03679999999999800, 9.525000000000000400 ) ) ;
#1970 = AXIS2_PLACEMENT_3D ( 'NONE', #1969, #1968, #1967 ) ;
#1971 = PLANE ( 'NONE',  #1970 ) ;
#1972 = CARTESIAN_POINT ( 'NONE',  ( 4.737099999999999000, 0.7620000000000004500, 7.264400000000000200 ) ) ;
#1973 = FACE_OUTER_BOUND ( 'NONE', #153, .T. ) ;
#1974 = DIRECTION ( 'NONE',  ( 0.0000000000000000000, -1.000000000000000000, 0.0000000000000000000 ) ) ;
#1975 = VECTOR ( 'NONE', #1974, 1000.000000000000000 ) ;
#1976 = CARTESIAN_POINT ( 'NONE',  ( -3.543299999999999900, 15.03679999999999800, 9.525000000000000400 ) ) ;
#1977 = LINE ( 'NONE', #1976, #1975 ) ;
#1978 = DIRECTION ( 'NONE',  ( -1.000000000000000000, 0.0000000000000000000, 0.0000000000000000000 ) ) ;
#1979 = DIRECTION ( 'NONE',  ( -0.0000000000000000000, -0.0000000000000000000, -1.000000000000000000 ) ) ;
#1980 = CARTESIAN_POINT ( 'NONE',  ( -3.543299999999999900, 13.84300000000000000, 9.525000000000000400 ) ) ;
#1981 = AXIS2_PLACEMENT_3D ( 'NONE', #1980, #1979, #1978 ) ;
#1982 = CIRCLE ( 'NONE', #1981, 1.193799999999999300 ) ;
#1983 = CARTESIAN_POINT ( 'NONE',  ( -3.924299999999999700, 13.84300000000000000, 9.525000000000000400 ) ) ;
#1984 = DIRECTION ( 'NONE',  ( 1.000000000000000000, 0.0000000000000000000, -0.0000000000000000000 ) ) ;
#1985 = DIRECTION ( 'NONE',  ( 0.0000000000000000000, 0.0000000000000000000, 1.000000000000000000 ) ) ;
#1986 = CARTESIAN_POINT ( 'NONE',  ( -3.924299999999999700, 13.84300000000000000, 9.525000000000000400 ) ) ;
#1987 = AXIS2_PLACEMENT_3D ( 'NONE', #1986, #1985, #1984 ) ;
#1988 = PLANE ( 'NONE',  #1987 ) ;
#1989 = DIRECTION ( 'NONE',  ( 1.000000000000000000, 0.0000000000000000000, 0.0000000000000000000 ) ) ;
#1990 = DIRECTION ( 'NONE',  ( -0.0000000000000000000, -0.0000000000000000000, -1.000000000000000000 ) ) ;
#1991 = CARTESIAN_POINT ( 'NONE',  ( -3.543299999999999900, 13.84300000000000000, 9.525000000000000400 ) ) ;
#1992 = AXIS2_PLACEMENT_3D ( 'NONE', #1991, #1990, #1989 ) ;
#1993 = CIRCLE ( 'NONE', #1992, 0.3809999999999993900 ) ;
#1994 = LINE ( 'NONE', #2054, #2053 ) ;
#1995 = CARTESIAN_POINT ( 'NONE',  ( -4.737099999999999000, 13.84300000000000000, 9.525000000000000400 ) ) ;
#1996 = DIRECTION ( 'NONE',  ( -1.000000000000000000, 0.0000000000000000000, 0.0000000000000000000 ) ) ;
#1997 = VECTOR ( 'NONE', #1996, 1000.000000000000000 ) ;
#1998 = CARTESIAN_POINT ( 'NONE',  ( -3.924299999999999700, 13.84300000000000000, 9.525000000000000400 ) ) ;
#1999 = LINE ( 'NONE', #1998, #1997 ) ;
#2000 = CARTESIAN_POINT ( 'NONE',  ( 3.924300000000000600, 1.790761651938295200, 8.026399999999998900 ) ) ;
#2001 = DIRECTION ( 'NONE',  ( 0.0000000000000000000, 1.000000000000000000, 0.0000000000000000000 ) ) ;
#2002 = VECTOR ( 'NONE', #2001, 1000.000000000000000 ) ;
#2003 = CARTESIAN_POINT ( 'NONE',  ( 3.924300000000000600, 0.0000000000000000000, 8.026399999999998900 ) ) ;
#2004 = LINE ( 'NONE', #2003, #2002 ) ;
#2005 = DIRECTION ( 'NONE',  ( 0.0000000000000000000, 0.0000000000000000000, -1.000000000000000000 ) ) ;
#2006 = DIRECTION ( 'NONE',  ( 1.000000000000000000, 0.0000000000000000000, 0.0000000000000000000 ) ) ;
#2007 = CARTESIAN_POINT ( 'NONE',  ( 4.737099999999999900, 0.0000000000000000000, 9.525000000000000400 ) ) ;
#2008 = AXIS2_PLACEMENT_3D ( 'NONE', #2007, #2006, #2005 ) ;
#2009 = PLANE ( 'NONE',  #2008 ) ;
#2010 = FACE_OUTER_BOUND ( 'NONE', #161, .T. ) ;
#2011 = DIRECTION ( 'NONE',  ( 0.0000000000000000000, -1.000000000000000000, 0.0000000000000000000 ) ) ;
#2012 = VECTOR ( 'NONE', #2011, 1000.000000000000000 ) ;
#2013 = CARTESIAN_POINT ( 'NONE',  ( 3.924300000000000600, 0.0000000000000000000, 6.502400000000000600 ) ) ;
#2014 = LINE ( 'NONE', #2013, #2012 ) ;
#2015 = CARTESIAN_POINT ( 'NONE',  ( 3.924300000000000600, 1.790761651938295200, 6.502400000000000600 ) ) ;
#2016 = DIRECTION ( 'NONE',  ( 0.0000000000000000000, 0.0000000000000000000, -1.000000000000000000 ) ) ;
#2017 = VECTOR ( 'NONE', #2016, 1000.000000000000000 ) ;
#2018 = CARTESIAN_POINT ( 'NONE',  ( 3.924300000000000600, 1.790761651938295200, 9.525000000000000400 ) ) ;
#2019 = LINE ( 'NONE', #2018, #2017 ) ;
#2020 = CARTESIAN_POINT ( 'NONE',  ( 4.737099999999999900, 1.790761651938294500, 8.026399999999998900 ) ) ;
#2021 = CARTESIAN_POINT ( 'NONE',  ( 4.737099999999999000, 0.7620000000000004500, 8.026399999999998900 ) ) ;
#2022 = DIRECTION ( 'NONE',  ( -0.0000000000000000000, 1.000000000000000000, 0.0000000000000000000 ) ) ;
#2023 = VECTOR ( 'NONE', #2022, 1000.000000000000000 ) ;
#2024 = DIRECTION ( 'NONE',  ( -1.000000000000000000, 0.0000000000000000000, 0.0000000000000000000 ) ) ;
#2025 = DIRECTION ( 'NONE',  ( -0.0000000000000000000, -0.0000000000000000000, -1.000000000000000000 ) ) ;
#2026 = AXIS2_PLACEMENT_3D ( 'NONE', #2027, #2025, #2024 ) ;
#2027 = CARTESIAN_POINT ( 'NONE',  ( 3.771899999999998700, 3.098800000000000700, 9.525000000000000400 ) ) ;
#2028 = CYLINDRICAL_SURFACE ( 'NONE', #2026, 1.625599999999999700 ) ;
#2029 = FACE_OUTER_BOUND ( 'NONE', #182, .T. ) ;
#2030 = DIRECTION ( 'NONE',  ( -0.0000000000000000000, -0.0000000000000000000, -1.000000000000000000 ) ) ;
#2031 = VECTOR ( 'NONE', #2030, 1000.000000000000000 ) ;
#2032 = CARTESIAN_POINT ( 'NONE',  ( 4.737099999999999900, 1.790761651938294300, 9.525000000000000400 ) ) ;
#2033 = LINE ( 'NONE', #2032, #2031 ) ;
#2034 = CARTESIAN_POINT ( 'NONE',  ( 4.737099999999999900, 1.790761651938294500, 1.498600000000001000 ) ) ;
#2035 = CARTESIAN_POINT ( 'NONE',  ( 4.737099999999999000, 0.7620000000000006800, 1.498600000000000600 ) ) ;
#2036 = DIRECTION ( 'NONE',  ( 0.0000000000000000000, -1.000000000000000000, -0.0000000000000000000 ) ) ;
#2037 = VECTOR ( 'NONE', #2036, 1000.000000000000000 ) ;
#2038 = CARTESIAN_POINT ( 'NONE',  ( 4.737099999999999900, 0.0000000000000000000, 1.498600000000001000 ) ) ;
#2039 = LINE ( 'NONE', #2038, #2037 ) ;
#2040 = CARTESIAN_POINT ( 'NONE',  ( 4.737099999999999900, 4.406838348061706200, 1.498600000000001000 ) ) ;
#2041 = DIRECTION ( 'NONE',  ( 0.0000000000000000000, 1.000000000000000000, 0.0000000000000000000 ) ) ;
#2042 = VECTOR ( 'NONE', #2041, 1000.000000000000000 ) ;
#2043 = CARTESIAN_POINT ( 'NONE',  ( 3.924300000000000600, 0.0000000000000000000, 3.022600000000000200 ) ) ;
#2044 = LINE ( 'NONE', #2043, #2042 ) ;
#2045 = DIRECTION ( 'NONE',  ( -1.000000000000000000, 0.0000000000000000000, 0.0000000000000000000 ) ) ;
#2046 = DIRECTION ( 'NONE',  ( 0.0000000000000000000, 0.0000000000000000000, 1.000000000000000000 ) ) ;
#2047 = CARTESIAN_POINT ( 'NONE',  ( 3.771899999999998700, 3.098800000000000700, 3.022600000000000200 ) ) ;
#2048 = AXIS2_PLACEMENT_3D ( 'NONE', #2047, #2046, #2045 ) ;
#2049 = CIRCLE ( 'NONE', #2048, 1.625599999999999700 ) ;
#2050 = CARTESIAN_POINT ( 'NONE',  ( 4.737099999999999900, 4.406838348061706200, 3.022600000000000200 ) ) ;
#2051 = CARTESIAN_POINT ( 'NONE',  ( 3.924300000000000600, 1.790761651938295200, 3.022600000000000200 ) ) ;
#2052 = DIRECTION ( 'NONE',  ( 0.0000000000000000000, 0.0000000000000000000, -1.000000000000000000 ) ) ;
#2053 = VECTOR ( 'NONE', #2052, 1000.000000000000000 ) ;
#2054 = CARTESIAN_POINT ( 'NONE',  ( 3.924300000000000600, 1.790761651938295200, 9.525000000000000400 ) ) ;
#2055 = LINE ( 'NONE', #2117, #2116 ) ;
#2056 = DIRECTION ( 'NONE',  ( 1.000000000000000000, 0.0000000000000000000, 0.0000000000000000000 ) ) ;
#2057 = DIRECTION ( 'NONE',  ( -0.0000000000000000000, 0.0000000000000000000, -1.000000000000000000 ) ) ;
#2058 = CARTESIAN_POINT ( 'NONE',  ( 3.771899999999998700, 3.098800000000000700, 1.498600000000001000 ) ) ;
#2059 = AXIS2_PLACEMENT_3D ( 'NONE', #2058, #2057, #2056 ) ;
#2060 = CIRCLE ( 'NONE', #2059, 1.625599999999999300 ) ;
#2061 = DIRECTION ( 'NONE',  ( -0.0000000000000000000, -0.0000000000000000000, -1.000000000000000000 ) ) ;
#2062 = VECTOR ( 'NONE', #2061, 1000.000000000000000 ) ;
#2063 = CARTESIAN_POINT ( 'NONE',  ( 4.737099999999999900, 4.406838348061706200, 9.525000000000000400 ) ) ;
#2064 = LINE ( 'NONE', #2063, #2062 ) ;
#2065 = DIRECTION ( 'NONE',  ( -1.000000000000000000, 3.468166398206588600E-015, 0.0000000000000000000 ) ) ;
#2066 = DIRECTION ( 'NONE',  ( 0.0000000000000000000, 0.0000000000000000000, 1.000000000000000000 ) ) ;
#2067 = CARTESIAN_POINT ( 'NONE',  ( -3.771900000000000900, 3.098799999999999800, 3.022600000000000200 ) ) ;
#2068 = AXIS2_PLACEMENT_3D ( 'NONE', #2067, #2066, #2065 ) ;
#2069 = CIRCLE ( 'NONE', #2068, 1.625599999999997900 ) ;
#2070 = DIRECTION ( 'NONE',  ( -1.000000000000000000, 0.0000000000000000000, 0.0000000000000000000 ) ) ;
#2071 = DIRECTION ( 'NONE',  ( -0.0000000000000000000, -0.0000000000000000000, -1.000000000000000000 ) ) ;
#2072 = CARTESIAN_POINT ( 'NONE',  ( -3.771900000000000900, 3.098799999999999800, 9.525000000000000400 ) ) ;
#2073 = AXIS2_PLACEMENT_3D ( 'NONE', #2072, #2071, #2070 ) ;
#2074 = CYLINDRICAL_SURFACE ( 'NONE', #2073, 1.625599999999997900 ) ;
#2075 = FACE_OUTER_BOUND ( 'NONE', #204, .T. ) ;
#2076 = CARTESIAN_POINT ( 'NONE',  ( -4.737099999999999900, 4.406838348061704400, 3.022600000000000200 ) ) ;
#2077 = DIRECTION ( 'NONE',  ( -0.0000000000000000000, -0.0000000000000000000, -1.000000000000000000 ) ) ;
#2078 = VECTOR ( 'NONE', #2077, 1000.000000000000000 ) ;
#2079 = CARTESIAN_POINT ( 'NONE',  ( -4.737099999999999900, 4.406838348061704400, 9.525000000000000400 ) ) ;
#2080 = LINE ( 'NONE', #2079, #2078 ) ;
#2081 = CARTESIAN_POINT ( 'NONE',  ( -4.737099999999999900, 4.406838348061704400, 1.498600000000001000 ) ) ;
#2082 = DIRECTION ( 'NONE',  ( 0.0000000000000000000, 0.0000000000000000000, -1.000000000000000000 ) ) ;
#2083 = DIRECTION ( 'NONE',  ( -1.000000000000000000, -0.0000000000000000000, -0.0000000000000000000 ) ) ;
#2084 = CARTESIAN_POINT ( 'NONE',  ( 4.737099999999999000, 0.7620000000000004500, 2.260600000000000600 ) ) ;
#2085 = AXIS2_PLACEMENT_3D ( 'NONE', #2084, #2083, #2082 ) ;
#2086 = CIRCLE ( 'NONE', #2085, 0.7619999999999999000 ) ;
#2087 = CARTESIAN_POINT ( 'NONE',  ( 3.543299999999999900, 15.03679999999999900, 9.525000000000000400 ) ) ;
#2088 = DIRECTION ( 'NONE',  ( -1.000000000000000000, 0.0000000000000000000, 0.0000000000000000000 ) ) ;
#2089 = DIRECTION ( 'NONE',  ( -0.0000000000000000000, -0.0000000000000000000, -1.000000000000000000 ) ) ;
#2090 = AXIS2_PLACEMENT_3D ( 'NONE', #2092, #2089, #2088 ) ;
#2091 = CARTESIAN_POINT ( 'NONE',  ( 2.400862559211439000, 14.80804101502284800, 5.004218786561359900 ) ) ;
#2092 = CARTESIAN_POINT ( 'NONE',  ( -3.771900000000000900, 3.098799999999999800, 9.525000000000000400 ) ) ;
#2093 = CYLINDRICAL_SURFACE ( 'NONE', #2090, 0.8127999999999980800 ) ;
#2094 = FACE_OUTER_BOUND ( 'NONE', #227, .T. ) ;
#2095 = DIRECTION ( 'NONE',  ( 0.0000000000000000000, 1.000000000000000000, 0.0000000000000000000 ) ) ;
#2096 = VECTOR ( 'NONE', #2095, 1000.000000000000000 ) ;
#2097 = CARTESIAN_POINT ( 'NONE',  ( -4.737099999999999900, 0.0000000000000000000, 1.498600000000001000 ) ) ;
#2098 = LINE ( 'NONE', #2097, #2096 ) ;
#2099 = DIRECTION ( 'NONE',  ( 0.0000000000000000000, 0.0000000000000000000, 1.000000000000000000 ) ) ;
#2100 = DIRECTION ( 'NONE',  ( -1.000000000000000000, -0.0000000000000000000, 0.0000000000000000000 ) ) ;
#2101 = CARTESIAN_POINT ( 'NONE',  ( -3.924300000000000600, 0.0000000000000000000, 9.525000000000000400 ) ) ;
#2102 = AXIS2_PLACEMENT_3D ( 'NONE', #2101, #2100, #2099 ) ;
#2103 = CARTESIAN_POINT ( 'NONE',  ( -3.924300000000000600, 0.7620000000000005700, 3.022600000000000200 ) ) ;
#2104 = PLANE ( 'NONE',  #2102 ) ;
#2105 = FACE_OUTER_BOUND ( 'NONE', #224, .T. ) ;
#2106 = CARTESIAN_POINT ( 'NONE',  ( -4.737099999999999900, 0.7620000000000006800, 1.498600000000000600 ) ) ;
#2107 = DIRECTION ( 'NONE',  ( 0.0000000000000000000, 0.0000000000000000000, 1.000000000000000000 ) ) ;
#2108 = DIRECTION ( 'NONE',  ( -1.000000000000000000, 0.0000000000000000000, 0.0000000000000000000 ) ) ;
#2109 = CARTESIAN_POINT ( 'NONE',  ( -4.737099999999999900, 0.0000000000000000000, 9.525000000000000400 ) ) ;
#2110 = AXIS2_PLACEMENT_3D ( 'NONE', #2109, #2108, #2107 ) ;
#2111 = CARTESIAN_POINT ( 'NONE',  ( -3.924300000000000600, 1.790761651938295000, 1.498600000000001000 ) ) ;
#2112 = PLANE ( 'NONE',  #2110 ) ;
#2113 = FACE_OUTER_BOUND ( 'NONE', #216, .T. ) ;
#2114 = CARTESIAN_POINT ( 'NONE',  ( -4.737099999999999900, 0.7620000000000005700, 3.022600000000000200 ) ) ;
#2115 = DIRECTION ( 'NONE',  ( 0.0000000000000000000, -1.000000000000000000, 0.0000000000000000000 ) ) ;
#2116 = VECTOR ( 'NONE', #2115, 1000.000000000000000 ) ;
#2117 = CARTESIAN_POINT ( 'NONE',  ( -4.737099999999999900, 0.0000000000000000000, 3.022600000000000200 ) ) ;
#2118 = CARTESIAN_POINT ( 'NONE',  ( 4.737099999999999000, 6.146800000000000700, 6.502400000000000600 ) ) ;
#2119 = DIRECTION ( 'NONE',  ( -0.0000000000000000000, -0.0000000000000000000, 1.000000000000000000 ) ) ;
#2120 = VECTOR ( 'NONE', #2119, 1000.000000000000000 ) ;
#2121 =( BOUNDED_SURFACE ( )  B_SPLINE_SURFACE ( 1, 2, ( 
 ( #2185, #2184, #2183, #2182, #2181, #2180, #2179, #2178, #2177, #2176, #2175, #2174, #2173, #2172, #2171, #2170, #2169, #2168, #2167, #2166, #2165, #2164, #2163, #2162, #2161, #2160, #2159, #2158, #2157, #2156, #2155, #2154, #2153, #2152, #2151, #2150, #2149, #2148, #2147, #2146, #2145, #2144, #138, #142, #143, #144, #150, #151, #149 ),
 ( #1905, #1904, #2232, #2231, #2230, #2229, #2228, #2227, #2226, #2225, #2224, #2223, #2222, #2221, #2220, #2219, #2218, #2217, #2216, #2215, #2214, #2213, #2212, #2211, #2210, #2209, #2208, #2207, #2206, #2205, #2204, #2203, #2202, #2201, #2200, #2199, #2198, #2197, #2196, #2195, #2194, #2193, #2192, #2191, #2190, #2189, #2188, #2187, #2186 ) ),
 .UNSPECIFIED., .F., .F., .F. ) 
 B_SPLINE_SURFACE_WITH_KNOTS ( ( 2, 2 ),
 ( 3, 2, 2, 2, 2, 2, 2, 2, 2, 2, 2, 2, 2, 2, 2, 2, 2, 2, 2, 2, 2, 2, 2, 2, 3 ),
 ( 0.3561246803032283000, 0.6679800314689881000 ),
 ( 0.0000000000000000000, 0.04166666666666666400, 0.08333333333333332900, 0.1250000000000000000, 0.1666666666666666600, 0.2083333333333333100, 0.2500000000000000000, 0.2916666666666666300, 0.3333333333333333100, 0.3750000000000000000, 0.4166666666666666300, 0.4583333333333333100, 0.5000000000000000000, 0.5416666666666666300, 0.5833333333333332600, 0.6250000000000000000, 0.6666666666666666300, 0.7083333333333332600, 0.7500000000000000000, 0.7916666666666666300, 0.8333333333333332600, 0.8750000000000000000, 0.9166666666666666300, 0.9583333333333332600, 1.000000000000000000 ),
 .UNSPECIFIED. ) 
 GEOMETRIC_REPRESENTATION_ITEM ( )  RATIONAL_B_SPLINE_SURFACE ( (
 ( 1.000000000000000000, 0.9238795325112867400, 1.000000000000000000, 0.9238795325112867400, 1.000000000000000000, 0.9238795325112867400, 1.000000000000000000, 0.9238795325112867400, 1.000000000000000000, 0.9238795325112867400, 1.000000000000000000, 0.9238795325112867400, 1.000000000000000000, 0.9238795325112867400, 1.000000000000000000, 0.9238795325112867400, 1.000000000000000000, 0.9238795325112867400, 1.000000000000000000, 0.9238795325112867400, 1.000000000000000000, 0.9238795325112867400, 1.000000000000000000, 0.9238795325112867400, 1.000000000000000000, 0.9238795325112867400, 1.000000000000000000, 0.9238795325112867400, 1.000000000000000000, 0.9238795325112867400, 1.000000000000000000, 0.9238795325112867400, 1.000000000000000000, 0.9238795325112867400, 1.000000000000000000, 0.9238795325112867400, 1.000000000000000000, 0.9238795325112867400, 1.000000000000000000, 0.9238795325112867400, 1.000000000000000000, 0.9238795325112867400, 1.000000000000000000, 0.9238795325112867400, 1.000000000000000000, 0.9238795325112867400, 1.000000000000000000, 0.9238795325112867400, 1.000000000000000000),
 ( 1.000000000000000000, 0.9238795325112867400, 1.000000000000000000, 0.9238795325112867400, 1.000000000000000000, 0.9238795325112867400, 1.000000000000000000, 0.9238795325112867400, 1.000000000000000000, 0.9238795325112867400, 1.000000000000000000, 0.9238795325112867400, 1.000000000000000000, 0.9238795325112867400, 1.000000000000000000, 0.9238795325112867400, 1.000000000000000000, 0.9238795325112867400, 1.000000000000000000, 0.9238795325112867400, 1.000000000000000000, 0.9238795325112867400, 1.000000000000000000, 0.9238795325112867400, 1.000000000000000000, 0.9238795325112867400, 1.000000000000000000, 0.9238795325112867400, 1.000000000000000000, 0.9238795325112867400, 1.000000000000000000, 0.9238795325112867400, 1.000000000000000000, 0.9238795325112867400, 1.000000000000000000, 0.9238795325112867400, 1.000000000000000000, 0.9238795325112867400, 1.000000000000000000, 0.9238795325112867400, 1.000000000000000000, 0.9238795325112867400, 1.000000000000000000, 0.9238795325112867400, 1.000000000000000000, 0.9238795325112867400, 1.000000000000000000, 0.9238795325112867400, 1.000000000000000000) ) ) 
 REPRESENTATION_ITEM ( '' )  SURFACE ( )  );
#2122 = FACE_OUTER_BOUND ( 'NONE', #245, .T. ) ;
#2123 = CARTESIAN_POINT ( 'NONE',  ( 0.0000000000000000000, 14.78279999999999800, 6.857999999999999700 ) ) ;
#2124 = DIRECTION ( 'NONE',  ( 0.0000000000000000000, 1.000000000000000000, 0.0000000000000000000 ) ) ;
#2125 = VECTOR ( 'NONE', #2124, 1000.000000000000000 ) ;
#2126 = CARTESIAN_POINT ( 'NONE',  ( 0.0000000000000000000, 14.80820000000000100, 6.857999999999999700 ) ) ;
#2127 = LINE ( 'NONE', #2126, #2125 ) ;
#2128 = CARTESIAN_POINT ( 'NONE',  ( 4.737099999999999000, 6.146800000000000700, 3.022600000000000200 ) ) ;
#2129 = CARTESIAN_POINT ( 'NONE',  ( -0.6174947918220185000, 12.59217719367232000, 7.092699715014958000 ) ) ;
#2130 = CARTESIAN_POINT ( 'NONE',  ( -0.8417382618216908700, 12.59217719367231900, 7.007367389373824200 ) ) ;
#2131 = CARTESIAN_POINT ( 'NONE',  ( -1.049777946301021900, 12.59217719367232200, 6.889568107492066500 ) ) ;
#2132 = CARTESIAN_POINT ( 'NONE',  ( -1.426331460391219800, 12.59217719367232000, 6.593401953796147000 ) ) ;
#2133 = CARTESIAN_POINT ( 'NONE',  ( -1.590216020358820500, 12.59217719367231900, 6.420096243490064600 ) ) ;
#2134 = CARTESIAN_POINT ( 'NONE',  ( -1.859036217151877300, 12.59217719367232000, 6.022845937608365400 ) ) ;
#2135 = CARTESIAN_POINT ( 'NONE',  ( -1.958264543822891600, 12.59217719367231700, 5.806902841396857100 ) ) ;
#2136 = CARTESIAN_POINT ( 'NONE',  ( -2.084347004402288900, 12.59217719367232200, 5.343492700688223400 ) ) ;
#2137 = CARTESIAN_POINT ( 'NONE',  ( -2.108236520248151000, 12.59217719367231300, 5.107674143356785400 ) ) ;
#2138 = CARTESIAN_POINT ( 'NONE',  ( -2.092856173565200300, 12.59217719367231700, 4.867729685783168700 ) ) ;
#2139 = DIRECTION ( 'NONE',  ( -0.0000000000000000000, -0.0000000000000000000, -1.000000000000000000 ) ) ;
#2140 = VECTOR ( 'NONE', #2139, 1000.000000000000000 ) ;
#2141 = CARTESIAN_POINT ( 'NONE',  ( 3.543299999999999900, 15.03679999999999900, 9.525000000000000400 ) ) ;
#2142 = LINE ( 'NONE', #2141, #2140 ) ;
#2143 = B_SPLINE_CURVE_WITH_KNOTS ( 'NONE', 3,
 ( #2138, #2137, #2136, #2135, #2134, #2133, #2132, #2131, #2130, #2129 ),
 .UNSPECIFIED., .F., .F.,
 ( 4, 2, 2, 2, 4 ),
 ( 0.0000000000000000000, 0.0007110716613380074400, 0.001422143322676014900, 0.002133214984014022200, 0.002844286645352029800 ),
 .UNSPECIFIED. ) ;
#2144 = CARTESIAN_POINT ( 'NONE',  ( 0.8679845199528200000, 14.47799999999999600, 2.667000000000001100 ) ) ;
#2145 = CARTESIAN_POINT ( 'NONE',  ( -2.566162614434790300E-016, 14.42719999999999700, 2.667000000000001100 ) ) ;
#2146 = CARTESIAN_POINT ( 'NONE',  ( -0.8679845199528207800, 14.37639999999999900, 2.667000000000001100 ) ) ;
#2147 = CARTESIAN_POINT ( 'NONE',  ( -1.481742259976409800, 14.32560000000000000, 3.280757740023590800 ) ) ;
#2148 = CARTESIAN_POINT ( 'NONE',  ( -2.095499999999999000, 14.27479999999999900, 3.894515480047180400 ) ) ;
#2149 = CARTESIAN_POINT ( 'NONE',  ( -2.095499999999999500, 14.22399999999999800, 4.762500000000000200 ) ) ;
#2150 = CARTESIAN_POINT ( 'NONE',  ( -2.095499999999999000, 14.17319999999999800, 5.630484519952820400 ) ) ;
#2151 = CARTESIAN_POINT ( 'NONE',  ( -1.481742259976409600, 14.12239999999999900, 6.244242259976410000 ) ) ;
#2152 = CARTESIAN_POINT ( 'NONE',  ( -0.8679845199528203300, 14.07159999999999800, 6.857999999999999700 ) ) ;
#2153 = CARTESIAN_POINT ( 'NONE',  ( 0.0000000000000000000, 14.02079999999999800, 6.857999999999999700 ) ) ;
#2154 = CARTESIAN_POINT ( 'NONE',  ( 0.8679845199528218900, 13.96999999999999700, 6.857999999999999700 ) ) ;
#2155 = CARTESIAN_POINT ( 'NONE',  ( 1.481742259976410100, 13.91919999999999800, 6.244242259976410000 ) ) ;
#2156 = CARTESIAN_POINT ( 'NONE',  ( 2.095499999999998600, 13.86839999999999900, 5.630484519952821300 ) ) ;
#2157 = CARTESIAN_POINT ( 'NONE',  ( 2.095499999999999500, 13.81759999999999900, 4.762500000000000200 ) ) ;
#2158 = CARTESIAN_POINT ( 'NONE',  ( 2.095499999999998600, 13.76679999999999800, 3.894515480047178600 ) ) ;
#2159 = CARTESIAN_POINT ( 'NONE',  ( 1.481742259976409600, 13.71599999999999900, 3.280757740023590300 ) ) ;
#2160 = CARTESIAN_POINT ( 'NONE',  ( 0.8679845199528200000, 13.66519999999999900, 2.667000000000001100 ) ) ;
#2161 = CARTESIAN_POINT ( 'NONE',  ( -2.566162614434790300E-016, 13.61439999999999800, 2.667000000000001100 ) ) ;
#2162 = CARTESIAN_POINT ( 'NONE',  ( -0.8679845199528207800, 13.56359999999999700, 2.667000000000001100 ) ) ;
#2163 = CARTESIAN_POINT ( 'NONE',  ( -1.481742259976409800, 13.51279999999999900, 3.280757740023590800 ) ) ;
#2164 = CARTESIAN_POINT ( 'NONE',  ( -2.095499999999999000, 13.46200000000000000, 3.894515480047180400 ) ) ;
#2165 = CARTESIAN_POINT ( 'NONE',  ( -2.095499999999999500, 13.41119999999999700, 4.762500000000000200 ) ) ;
#2166 = CARTESIAN_POINT ( 'NONE',  ( -2.095499999999999000, 13.36040000000000000, 5.630484519952820400 ) ) ;
#2167 = CARTESIAN_POINT ( 'NONE',  ( -1.481742259976409600, 13.30959999999999800, 6.244242259976410000 ) ) ;
#2168 = CARTESIAN_POINT ( 'NONE',  ( -0.8679845199528203300, 13.25880000000000100, 6.857999999999999700 ) ) ;
#2169 = CARTESIAN_POINT ( 'NONE',  ( 0.0000000000000000000, 13.20799999999999800, 6.857999999999999700 ) ) ;
#2170 = CARTESIAN_POINT ( 'NONE',  ( 0.8679845199528218900, 13.15720000000000100, 6.857999999999999700 ) ) ;
#2171 = CARTESIAN_POINT ( 'NONE',  ( 1.481742259976410100, 13.10639999999999900, 6.244242259976410000 ) ) ;
#2172 = CARTESIAN_POINT ( 'NONE',  ( 2.095499999999998600, 13.05560000000000000, 5.630484519952821300 ) ) ;
#2173 = CARTESIAN_POINT ( 'NONE',  ( 2.095499999999999500, 13.00479999999999900, 4.762500000000000200 ) ) ;
#2174 = CARTESIAN_POINT ( 'NONE',  ( 2.095499999999998600, 12.95399999999999900, 3.894515480047178600 ) ) ;
#2175 = CARTESIAN_POINT ( 'NONE',  ( 1.481742259976409600, 12.90319999999999800, 3.280757740023590300 ) ) ;
#2176 = CARTESIAN_POINT ( 'NONE',  ( 0.8679845199528200000, 12.85239999999999800, 2.667000000000001100 ) ) ;
#2177 = CARTESIAN_POINT ( 'NONE',  ( -2.566162614434790300E-016, 12.80159999999999900, 2.667000000000001100 ) ) ;
#2178 = CARTESIAN_POINT ( 'NONE',  ( -0.8679845199528207800, 12.75079999999999800, 2.667000000000001100 ) ) ;
#2179 = CARTESIAN_POINT ( 'NONE',  ( -1.481742259976409800, 12.69999999999999900, 3.280757740023590800 ) ) ;
#2180 = CARTESIAN_POINT ( 'NONE',  ( -2.095499999999999000, 12.64919999999999700, 3.894515480047180400 ) ) ;
#2181 = CARTESIAN_POINT ( 'NONE',  ( -2.095499999999999500, 12.59840000000000000, 4.762500000000000200 ) ) ;
#2182 = CARTESIAN_POINT ( 'NONE',  ( -2.095499999999999000, 12.54759999999999700, 5.630484519952820400 ) ) ;
#2183 = CARTESIAN_POINT ( 'NONE',  ( -1.481742259976409600, 12.49679999999999900, 6.244242259976410000 ) ) ;
#2184 = CARTESIAN_POINT ( 'NONE',  ( -0.8679845199528203300, 12.44600000000000000, 6.857999999999999700 ) ) ;
#2185 = CARTESIAN_POINT ( 'NONE',  ( 0.0000000000000000000, 12.39519999999999900, 6.857999999999999700 ) ) ;
#2186 = CARTESIAN_POINT ( 'NONE',  ( 0.0000000000000000000, 14.99869999999999800, 7.175499999999999500 ) ) ;
#2187 = CARTESIAN_POINT ( 'NONE',  ( 0.9994973260062797200, 14.94789999999999900, 7.175500000000000400 ) ) ;
#2188 = CARTESIAN_POINT ( 'NONE',  ( 1.706248663003139300, 14.89709999999999800, 6.468748663003138300 ) ) ;
#2189 = CARTESIAN_POINT ( 'NONE',  ( 2.412999999999999400, 14.84629999999999800, 5.761997326006279800 ) ) ;
#2190 = CARTESIAN_POINT ( 'NONE',  ( 2.412999999999999400, 14.79549999999999900, 4.762499999999999300 ) ) ;
#2191 = CARTESIAN_POINT ( 'NONE',  ( 2.412999999999999400, 14.74469999999999600, 3.763002673993720600 ) ) ;
#2192 = CARTESIAN_POINT ( 'NONE',  ( 1.706248663003138600, 14.69389999999999900, 3.056251336996861100 ) ) ;
#2193 = CARTESIAN_POINT ( 'NONE',  ( 0.9994973260062778300, 14.64309999999999900, 2.349500000000000800 ) ) ;
#2194 = CARTESIAN_POINT ( 'NONE',  ( -2.954975131773395600E-016, 14.59230000000000000, 2.349500000000000800 ) ) ;
#2195 = CARTESIAN_POINT ( 'NONE',  ( -0.9994973260062783900, 14.54149999999999700, 2.349500000000000800 ) ) ;
#2196 = CARTESIAN_POINT ( 'NONE',  ( -1.706248663003138800, 14.49069999999999900, 3.056251336996861600 ) ) ;
#2197 = CARTESIAN_POINT ( 'NONE',  ( -2.412999999999999400, 14.43989999999999800, 3.763002673993723200 ) ) ;
#2198 = CARTESIAN_POINT ( 'NONE',  ( -2.412999999999999400, 14.38909999999999900, 4.762500000000000200 ) ) ;
#2199 = CARTESIAN_POINT ( 'NONE',  ( -2.412999999999999400, 14.33829999999999800, 5.761997326006279800 ) ) ;
#2200 = CARTESIAN_POINT ( 'NONE',  ( -1.706248663003138600, 14.28749999999999800, 6.468748663003139200 ) ) ;
#2201 = CARTESIAN_POINT ( 'NONE',  ( -0.9994973260062779400, 14.23669999999999700, 7.175500000000000400 ) ) ;
#2202 = CARTESIAN_POINT ( 'NONE',  ( 0.0000000000000000000, 14.18589999999999800, 7.175499999999999500 ) ) ;
#2203 = CARTESIAN_POINT ( 'NONE',  ( 0.9994973260062797200, 14.13509999999999800, 7.175500000000000400 ) ) ;
#2204 = CARTESIAN_POINT ( 'NONE',  ( 1.706248663003139300, 14.08429999999999700, 6.468748663003138300 ) ) ;
#2205 = CARTESIAN_POINT ( 'NONE',  ( 2.412999999999999400, 14.03349999999999700, 5.761997326006279800 ) ) ;
#2206 = CARTESIAN_POINT ( 'NONE',  ( 2.412999999999999400, 13.98269999999999900, 4.762499999999999300 ) ) ;
#2207 = CARTESIAN_POINT ( 'NONE',  ( 2.412999999999999400, 13.93189999999999900, 3.763002673993720600 ) ) ;
#2208 = CARTESIAN_POINT ( 'NONE',  ( 1.706248663003138600, 13.88109999999999800, 3.056251336996861100 ) ) ;
#2209 = CARTESIAN_POINT ( 'NONE',  ( 0.9994973260062778300, 13.83029999999999800, 2.349500000000000800 ) ) ;
#2210 = CARTESIAN_POINT ( 'NONE',  ( -2.954975131773395600E-016, 13.77949999999999900, 2.349500000000000800 ) ) ;
#2211 = CARTESIAN_POINT ( 'NONE',  ( -0.9994973260062783900, 13.72869999999999800, 2.349500000000000800 ) ) ;
#2212 = CARTESIAN_POINT ( 'NONE',  ( -1.706248663003138800, 13.67789999999999800, 3.056251336996861600 ) ) ;
#2213 = CARTESIAN_POINT ( 'NONE',  ( -2.412999999999999400, 13.62709999999999700, 3.763002673993723200 ) ) ;
#2214 = CARTESIAN_POINT ( 'NONE',  ( -2.412999999999999400, 13.57629999999999800, 4.762500000000000200 ) ) ;
#2215 = CARTESIAN_POINT ( 'NONE',  ( -2.412999999999999400, 13.52549999999999700, 5.761997326006279800 ) ) ;
#2216 = CARTESIAN_POINT ( 'NONE',  ( -1.706248663003138600, 13.47469999999999700, 6.468748663003139200 ) ) ;
#2217 = CARTESIAN_POINT ( 'NONE',  ( -0.9994973260062779400, 13.42390000000000000, 7.175500000000000400 ) ) ;
#2218 = CARTESIAN_POINT ( 'NONE',  ( 0.0000000000000000000, 13.37309999999999900, 7.175499999999999500 ) ) ;
#2219 = CARTESIAN_POINT ( 'NONE',  ( 0.9994973260062797200, 13.32229999999999800, 7.175500000000000400 ) ) ;
#2220 = CARTESIAN_POINT ( 'NONE',  ( 1.706248663003139300, 13.27149999999999800, 6.468748663003138300 ) ) ;
#2221 = CARTESIAN_POINT ( 'NONE',  ( 2.412999999999999400, 13.22069999999999900, 5.761997326006279800 ) ) ;
#2222 = CARTESIAN_POINT ( 'NONE',  ( 2.412999999999999400, 13.16989999999999800, 4.762499999999999300 ) ) ;
#2223 = CARTESIAN_POINT ( 'NONE',  ( 2.412999999999999400, 13.11909999999999800, 3.763002673993720600 ) ) ;
#2224 = CARTESIAN_POINT ( 'NONE',  ( 1.706248663003138600, 13.06829999999999700, 3.056251336996861100 ) ) ;
#2225 = CARTESIAN_POINT ( 'NONE',  ( 0.9994973260062778300, 13.01749999999999800, 2.349500000000000800 ) ) ;
#2226 = CARTESIAN_POINT ( 'NONE',  ( -2.954975131773395600E-016, 12.96669999999999800, 2.349500000000000800 ) ) ;
#2227 = CARTESIAN_POINT ( 'NONE',  ( -0.9994973260062783900, 12.91589999999999700, 2.349500000000000800 ) ) ;
#2228 = CARTESIAN_POINT ( 'NONE',  ( -1.706248663003138800, 12.86509999999999800, 3.056251336996861600 ) ) ;
#2229 = CARTESIAN_POINT ( 'NONE',  ( -2.412999999999999400, 12.81430000000000100, 3.763002673993723200 ) ) ;
#2230 = CARTESIAN_POINT ( 'NONE',  ( -2.412999999999999400, 12.76349999999999900, 4.762500000000000200 ) ) ;
#2231 = CARTESIAN_POINT ( 'NONE',  ( -2.412999999999999400, 12.71270000000000000, 5.761997326006279800 ) ) ;
#2232 = CARTESIAN_POINT ( 'NONE',  ( -1.706248663003138600, 12.66189999999999900, 6.468748663003139200 ) ) ;
#2233 = CARTESIAN_POINT ( 'NONE',  ( 0.8679845199528217800, 13.91919999999999800, 6.857999999999999700 ) ) ;
#2234 = CARTESIAN_POINT ( 'NONE',  ( 1.481742259976410100, 13.86839999999999800, 6.244242259976410000 ) ) ;
#2235 = CARTESIAN_POINT ( 'NONE',  ( 2.095499999999999000, 13.81759999999999900, 5.630484519952821300 ) ) ;
#2236 = CARTESIAN_POINT ( 'NONE',  ( 2.095499999999999500, 13.76680000000000000, 4.762500000000000200 ) ) ;
#2237 = CARTESIAN_POINT ( 'NONE',  ( 2.095499999999999000, 13.71599999999999900, 3.894515480047178600 ) ) ;
#2238 = CARTESIAN_POINT ( 'NONE',  ( 1.481742259976409600, 13.66519999999999900, 3.280757740023590300 ) ) ;
#2239 = CARTESIAN_POINT ( 'NONE',  ( 0.8679845199528201100, 13.61439999999999800, 2.667000000000001100 ) ) ;
#2240 = CARTESIAN_POINT ( 'NONE',  ( -2.566162614434790300E-016, 13.56359999999999900, 2.667000000000001100 ) ) ;
#2241 = CARTESIAN_POINT ( 'NONE',  ( -0.8679845199528207800, 13.51280000000000000, 2.667000000000001100 ) ) ;
#2242 = CARTESIAN_POINT ( 'NONE',  ( -1.481742259976409800, 13.46199999999999800, 3.280757740023590800 ) ) ;
#2243 = CARTESIAN_POINT ( 'NONE',  ( -2.095499999999999500, 13.41119999999999900, 3.894515480047180800 ) ) ;
#2244 = CARTESIAN_POINT ( 'NONE',  ( -2.095499999999999500, 13.36039999999999800, 4.762500000000000200 ) ) ;
#2245 = CARTESIAN_POINT ( 'NONE',  ( -2.095499999999999500, 13.30960000000000000, 5.630484519952820400 ) ) ;
#2246 = CARTESIAN_POINT ( 'NONE',  ( -1.481742259976409600, 13.25879999999999700, 6.244242259976410000 ) ) ;
#2247 = CARTESIAN_POINT ( 'NONE',  ( -0.8679845199528203300, 13.20800000000000200, 6.857999999999999700 ) ) ;
#2248 = CARTESIAN_POINT ( 'NONE',  ( 0.0000000000000000000, 13.15720000000000000, 6.857999999999999700 ) ) ;
#2249 = CARTESIAN_POINT ( 'NONE',  ( 0.8679845199528217800, 13.10640000000000200, 6.857999999999999700 ) ) ;
#2250 = CARTESIAN_POINT ( 'NONE',  ( 1.481742259976410100, 13.05559999999999800, 6.244242259976410000 ) ) ;
#2251 = CARTESIAN_POINT ( 'NONE',  ( 2.095499999999999000, 13.00480000000000100, 5.630484519952821300 ) ) ;
#2252 = CARTESIAN_POINT ( 'NONE',  ( 2.095499999999999500, 12.95399999999999900, 4.762500000000000200 ) ) ;
#2253 = CARTESIAN_POINT ( 'NONE',  ( 2.095499999999999000, 12.90319999999999800, 3.894515480047178600 ) ) ;
#2254 = CARTESIAN_POINT ( 'NONE',  ( 1.481742259976409600, 12.85239999999999800, 3.280757740023590300 ) ) ;
#2255 = CARTESIAN_POINT ( 'NONE',  ( 0.8679845199528201100, 12.80160000000000100, 2.667000000000001100 ) ) ;
#2256 = CARTESIAN_POINT ( 'NONE',  ( -2.566162614434790300E-016, 12.75079999999999800, 2.667000000000001100 ) ) ;
#2257 = CARTESIAN_POINT ( 'NONE',  ( -0.8679845199528207800, 12.69999999999999900, 2.667000000000001100 ) ) ;
#2258 = CARTESIAN_POINT ( 'NONE',  ( -1.481742259976409800, 12.64919999999999900, 3.280757740023590800 ) ) ;
#2259 = CARTESIAN_POINT ( 'NONE',  ( -1.812772419760915400, 12.62180102639779600, 3.611787899808096100 ) ) ;
#2260 = CARTESIAN_POINT ( 'NONE',  ( -1.971452735228100800, 12.59217719367232000, 4.052222334039964100 ) ) ;
#2261 =( BOUNDED_CURVE ( )  B_SPLINE_CURVE ( 2, ( #2260, #2259, #2258, #2257, #2256, #2255, #2254, #2253, #2252, #2251, #2250, #2249, #2248, #2247, #2246, #2245, #2244, #2243, #2242, #2241, #2240, #2239, #2238, #2237, #2236, #2235, #2234, #2233, #2287, #2286, #2285, #2284, #2283, #2282, #2281, #2280, #2279, #2278, #2277, #2276, #2275, #2274, #2273, #2272, #2271 ),
 .UNSPECIFIED., .F., .F. ) 
 B_SPLINE_CURVE_WITH_KNOTS ( ( 3, 2, 2, 2, 2, 2, 2, 2, 2, 2, 2, 2, 2, 2, 2, 2, 2, 2, 2, 2, 2, 2, 3 ),
 ( 0.1017104425080077000, 0.1250000000000000000, 0.1666666666666666600, 0.2083333333333333100, 0.2500000000000000000, 0.2916666666666666300, 0.3333333333333333100, 0.3750000000000000000, 0.4166666666666666300, 0.4583333333333333100, 0.5000000000000000000, 0.5416666666666666300, 0.5833333333333332600, 0.6250000000000000000, 0.6666666666666667400, 0.7083333333333332600, 0.7500000000000000000, 0.7916666666666667400, 0.8333333333333332600, 0.8750000000000000000, 0.9166666666666667400, 0.9583333333333332600, 1.000000000000000000 ),
 .UNSPECIFIED. ) 
 CURVE ( )  GEOMETRIC_REPRESENTATION_ITEM ( )  RATIONAL_B_SPLINE_CURVE ( ( 0.9624688079774870200, 0.9574525119065029300, 1.000000000000000000, 0.9238795325112867400, 1.000000000000000000, 0.9238795325112867400, 1.000000000000000000, 0.9238795325112867400, 1.000000000000000000, 0.9238795325112867400, 1.000000000000000000, 0.9238795325112867400, 1.000000000000000000, 0.9238795325112867400, 1.000000000000000000, 0.9238795325112867400, 1.000000000000000000, 0.9238795325112867400, 1.000000000000000000, 0.9238795325112867400, 1.000000000000000000, 0.9238795325112867400, 1.000000000000000000, 0.9238795325112867400, 1.000000000000000000, 0.9238795325112867400, 1.000000000000000000, 0.9238795325112867400, 1.000000000000000000, 0.9238795325112867400, 1.000000000000000000, 0.9238795325112867400, 1.000000000000000000, 0.9238795325112867400, 1.000000000000000000, 0.9238795325112867400, 1.000000000000000000, 0.9238795325112867400, 1.000000000000000000, 0.9238795325112867400, 1.000000000000000000, 0.9238795325112867400, 1.000000000000000000, 0.9238795325112867400, 1.000000000000000000 ) ) 
 REPRESENTATION_ITEM ( '' )  );
#2262 = CARTESIAN_POINT ( 'NONE',  ( 0.4752263478564385800, 14.80446312505496600, 6.803401802709533500 ) ) ;
#2263 =( BOUNDED_CURVE ( )  B_SPLINE_CURVE ( 2, ( #2334, #2333, #2332, #2331, #2330, #2329, #2328, #2327, #2326, #2325, #2324, #2323, #2322, #2321, #2320, #2319, #2318, #2317, #2316, #2315, #2314, #2313, #2312, #2311, #2310, #2309, #2308, #2307, #2306, #2305, #2304, #2303, #2302, #2301, #2300, #2299, #2298, #2297, #2296, #2295, #2294, #2293, #2292, #2291, #2290, #2289, #2288 ),
 .UNSPECIFIED., .F., .F. ) 
 B_SPLINE_CURVE_WITH_KNOTS ( ( 3, 2, 2, 2, 2, 2, 2, 2, 2, 2, 2, 2, 2, 2, 2, 2, 2, 2, 2, 2, 2, 2, 2, 3 ),
 ( 0.08061139197071898200, 0.08333333333333332900, 0.1250000000000000000, 0.1666666666666666600, 0.2083333333333333100, 0.2500000000000000000, 0.2916666666666666300, 0.3333333333333333100, 0.3750000000000000000, 0.4166666666666666300, 0.4583333333333333100, 0.5000000000000000000, 0.5416666666666667400, 0.5833333333333332600, 0.6250000000000000000, 0.6666666666666666300, 0.7083333333333332600, 0.7500000000000000000, 0.7916666666666667400, 0.8333333333333332600, 0.8750000000000000000, 0.9166666666666666300, 0.9583333333333332600, 0.9877703578842184100 ),
 .UNSPECIFIED. ) 
 CURVE ( )  GEOMETRIC_REPRESENTATION_ITEM ( )  RATIONAL_B_SPLINE_CURVE ( ( 0.9907043163379627400, 0.9950273092240223800, 1.000000000000000000, 0.9238795325112867400, 1.000000000000000000, 0.9238795325112867400, 1.000000000000000000, 0.9238795325112867400, 1.000000000000000000, 0.9238795325112867400, 1.000000000000000000, 0.9238795325112867400, 1.000000000000000000, 0.9238795325112867400, 1.000000000000000000, 0.9238795325112867400, 1.000000000000000000, 0.9238795325112867400, 1.000000000000000000, 0.9238795325112867400, 1.000000000000000000, 0.9238795325112867400, 1.000000000000000000, 0.9238795325112867400, 1.000000000000000000, 0.9238795325112867400, 1.000000000000000000, 0.9238795325112867400, 1.000000000000000000, 0.9238795325112867400, 1.000000000000000000, 0.9238795325112867400, 1.000000000000000000, 0.9238795325112867400, 1.000000000000000000, 0.9238795325112867400, 1.000000000000000000, 0.9238795325112867400, 1.000000000000000000, 0.9238795325112867400, 1.000000000000000000, 0.9238795325112867400, 1.000000000000000000, 0.9238795325112867400, 1.000000000000000000, 0.9462217583130375600, 0.9684309448265173700 ) ) 
 REPRESENTATION_ITEM ( '' )  );
#2264 = CARTESIAN_POINT ( 'NONE',  ( 0.0000000000000000000, 14.80446312505496700, 6.857999999999999700 ) ) ;
#2265 = CARTESIAN_POINT ( 'NONE',  ( 2.402559651156439500, 14.80446312505496700, 4.959572708455918500 ) ) ;
#2266 = CARTESIAN_POINT ( 'NONE',  ( 2.402129736845890900, 14.80565288352290700, 4.974459505514089700 ) ) ;
#2267 = CARTESIAN_POINT ( 'NONE',  ( 2.401563990504085800, 14.80684561785107600, 4.989342762272756600 ) ) ;
#2268 = CARTESIAN_POINT ( 'NONE',  ( 2.400862559211439000, 14.80804101502284800, 5.004218786561359900 ) ) ;
#2269 = CARTESIAN_POINT ( 'NONE',  ( 2.402559651156439500, 14.80446312505496700, 4.959572708455918500 ) ) ;
#2270 = B_SPLINE_CURVE_WITH_KNOTS ( 'NONE', 3,
 ( #2268, #2267, #2266, #2265 ),
 .UNSPECIFIED., .F., .F.,
 ( 4, 4 ),
 ( 8.015591059273438300E-017, 4.482135325819974100E-005 ),
 .UNSPECIFIED. ) ;
#2271 = CARTESIAN_POINT ( 'NONE',  ( 0.0000000000000000000, 14.78279999999999800, 6.857999999999999700 ) ) ;
#2272 = CARTESIAN_POINT ( 'NONE',  ( 0.8679845199528217800, 14.73199999999999900, 6.857999999999999700 ) ) ;
#2273 = CARTESIAN_POINT ( 'NONE',  ( 1.481742259976410100, 14.68119999999999900, 6.244242259976410000 ) ) ;
#2274 = CARTESIAN_POINT ( 'NONE',  ( 2.095499999999999000, 14.63039999999999800, 5.630484519952821300 ) ) ;
#2275 = CARTESIAN_POINT ( 'NONE',  ( 2.095499999999999500, 14.57959999999999700, 4.762500000000000200 ) ) ;
#2276 = CARTESIAN_POINT ( 'NONE',  ( 2.095499999999999000, 14.52879999999999900, 3.894515480047178600 ) ) ;
#2277 = CARTESIAN_POINT ( 'NONE',  ( 1.481742259976409600, 14.47799999999999800, 3.280757740023590300 ) ) ;
#2278 = CARTESIAN_POINT ( 'NONE',  ( 0.8679845199528201100, 14.42719999999999700, 2.667000000000001100 ) ) ;
#2279 = CARTESIAN_POINT ( 'NONE',  ( -2.566162614434790300E-016, 14.37639999999999700, 2.667000000000001100 ) ) ;
#2280 = CARTESIAN_POINT ( 'NONE',  ( -0.8679845199528207800, 14.32560000000000000, 2.667000000000001100 ) ) ;
#2281 = CARTESIAN_POINT ( 'NONE',  ( -1.481742259976409800, 14.27479999999999900, 3.280757740023590800 ) ) ;
#2282 = CARTESIAN_POINT ( 'NONE',  ( -2.095499999999999500, 14.22399999999999800, 3.894515480047180800 ) ) ;
#2283 = CARTESIAN_POINT ( 'NONE',  ( -2.095499999999999500, 14.17319999999999800, 4.762500000000000200 ) ) ;
#2284 = CARTESIAN_POINT ( 'NONE',  ( -2.095499999999999500, 14.12240000000000100, 5.630484519952820400 ) ) ;
#2285 = CARTESIAN_POINT ( 'NONE',  ( -1.481742259976409600, 14.07159999999999800, 6.244242259976410000 ) ) ;
#2286 = CARTESIAN_POINT ( 'NONE',  ( -0.8679845199528203300, 14.02079999999999800, 6.857999999999999700 ) ) ;
#2287 = CARTESIAN_POINT ( 'NONE',  ( 0.0000000000000000000, 13.96999999999999900, 6.857999999999999700 ) ) ;
#2288 = CARTESIAN_POINT ( 'NONE',  ( 0.4752263478564385800, 14.80446312505496600, 6.803401802709533500 ) ) ;
#2289 = CARTESIAN_POINT ( 'NONE',  ( 1.058367903729448200, 14.76704219318931700, 6.667616616223372500 ) ) ;
#2290 = CARTESIAN_POINT ( 'NONE',  ( 1.481742259976410100, 14.73199999999999900, 6.244242259976410000 ) ) ;
#2291 = CARTESIAN_POINT ( 'NONE',  ( 2.095499999999999000, 14.68119999999999900, 5.630484519952821300 ) ) ;
#2292 = CARTESIAN_POINT ( 'NONE',  ( 2.095499999999999500, 14.63039999999999800, 4.762500000000000200 ) ) ;
#2293 = CARTESIAN_POINT ( 'NONE',  ( 2.095499999999999000, 14.57959999999999700, 3.894515480047178600 ) ) ;
#2294 = CARTESIAN_POINT ( 'NONE',  ( 1.481742259976409600, 14.52879999999999900, 3.280757740023590300 ) ) ;
#2295 = CARTESIAN_POINT ( 'NONE',  ( 0.8679845199528201100, 14.47799999999999600, 2.667000000000001100 ) ) ;
#2296 = CARTESIAN_POINT ( 'NONE',  ( -2.566162614434790300E-016, 14.42719999999999700, 2.667000000000001100 ) ) ;
#2297 = CARTESIAN_POINT ( 'NONE',  ( -0.8679845199528207800, 14.37639999999999900, 2.667000000000001100 ) ) ;
#2298 = CARTESIAN_POINT ( 'NONE',  ( -1.481742259976409800, 14.32560000000000000, 3.280757740023590800 ) ) ;
#2299 = CARTESIAN_POINT ( 'NONE',  ( -2.095499999999999500, 14.27479999999999900, 3.894515480047180800 ) ) ;
#2300 = CARTESIAN_POINT ( 'NONE',  ( -2.095499999999999500, 14.22399999999999800, 4.762500000000000200 ) ) ;
#2301 = CARTESIAN_POINT ( 'NONE',  ( -2.095499999999999500, 14.17319999999999800, 5.630484519952820400 ) ) ;
#2302 = CARTESIAN_POINT ( 'NONE',  ( -1.481742259976409600, 14.12239999999999900, 6.244242259976410000 ) ) ;
#2303 = CARTESIAN_POINT ( 'NONE',  ( -0.8679845199528203300, 14.07159999999999800, 6.857999999999999700 ) ) ;
#2304 = CARTESIAN_POINT ( 'NONE',  ( 0.0000000000000000000, 14.02079999999999800, 6.857999999999999700 ) ) ;
#2305 = CARTESIAN_POINT ( 'NONE',  ( 0.8679845199528217800, 13.96999999999999900, 6.857999999999999700 ) ) ;
#2306 = CARTESIAN_POINT ( 'NONE',  ( 1.481742259976410100, 13.91919999999999800, 6.244242259976410000 ) ) ;
#2307 = CARTESIAN_POINT ( 'NONE',  ( 2.095499999999999000, 13.86839999999999900, 5.630484519952821300 ) ) ;
#2308 = CARTESIAN_POINT ( 'NONE',  ( 2.095499999999999500, 13.81759999999999900, 4.762500000000000200 ) ) ;
#2309 = CARTESIAN_POINT ( 'NONE',  ( 2.095499999999999000, 13.76680000000000000, 3.894515480047178600 ) ) ;
#2310 = CARTESIAN_POINT ( 'NONE',  ( 1.481742259976409600, 13.71599999999999900, 3.280757740023590300 ) ) ;
#2311 = CARTESIAN_POINT ( 'NONE',  ( 0.8679845199528201100, 13.66519999999999900, 2.667000000000001100 ) ) ;
#2312 = CARTESIAN_POINT ( 'NONE',  ( -2.566162614434790300E-016, 13.61439999999999800, 2.667000000000001100 ) ) ;
#2313 = CARTESIAN_POINT ( 'NONE',  ( -0.8679845199528207800, 13.56359999999999700, 2.667000000000001100 ) ) ;
#2314 = CARTESIAN_POINT ( 'NONE',  ( -1.481742259976409800, 13.51279999999999900, 3.280757740023590800 ) ) ;
#2315 = CARTESIAN_POINT ( 'NONE',  ( -2.095499999999999500, 13.46200000000000000, 3.894515480047180800 ) ) ;
#2316 = CARTESIAN_POINT ( 'NONE',  ( -2.095499999999999500, 13.41119999999999700, 4.762500000000000200 ) ) ;
#2317 = CARTESIAN_POINT ( 'NONE',  ( -2.095499999999999500, 13.36040000000000000, 5.630484519952820400 ) ) ;
#2318 = CARTESIAN_POINT ( 'NONE',  ( -1.481742259976409600, 13.30959999999999800, 6.244242259976410000 ) ) ;
#2319 = CARTESIAN_POINT ( 'NONE',  ( -0.8679845199528203300, 13.25880000000000100, 6.857999999999999700 ) ) ;
#2320 = CARTESIAN_POINT ( 'NONE',  ( 0.0000000000000000000, 13.20799999999999800, 6.857999999999999700 ) ) ;
#2321 = CARTESIAN_POINT ( 'NONE',  ( 0.8679845199528217800, 13.15720000000000300, 6.857999999999999700 ) ) ;
#2322 = CARTESIAN_POINT ( 'NONE',  ( 1.481742259976410100, 13.10639999999999900, 6.244242259976410000 ) ) ;
#2323 = CARTESIAN_POINT ( 'NONE',  ( 2.095499999999999000, 13.05560000000000200, 5.630484519952821300 ) ) ;
#2324 = CARTESIAN_POINT ( 'NONE',  ( 2.095499999999999500, 13.00479999999999900, 4.762500000000000200 ) ) ;
#2325 = CARTESIAN_POINT ( 'NONE',  ( 2.095499999999999000, 12.95399999999999900, 3.894515480047178600 ) ) ;
#2326 = CARTESIAN_POINT ( 'NONE',  ( 1.481742259976409600, 12.90319999999999800, 3.280757740023590300 ) ) ;
#2327 = CARTESIAN_POINT ( 'NONE',  ( 0.8679845199528201100, 12.85239999999999800, 2.667000000000001100 ) ) ;
#2328 = CARTESIAN_POINT ( 'NONE',  ( -2.566162614434790300E-016, 12.80159999999999900, 2.667000000000001100 ) ) ;
#2329 = CARTESIAN_POINT ( 'NONE',  ( -0.8679845199528207800, 12.75080000000000000, 2.667000000000001100 ) ) ;
#2330 = CARTESIAN_POINT ( 'NONE',  ( -1.481742259976409800, 12.69999999999999900, 3.280757740023590800 ) ) ;
#2331 = CARTESIAN_POINT ( 'NONE',  ( -2.095499999999999500, 12.64919999999999900, 3.894515480047180800 ) ) ;
#2332 = CARTESIAN_POINT ( 'NONE',  ( -2.095499999999999500, 12.59840000000000000, 4.762500000000000200 ) ) ;
#2333 = CARTESIAN_POINT ( 'NONE',  ( -2.095499999999999000, 12.59531869942718200, 4.815148055089099300 ) ) ;
#2334 = CARTESIAN_POINT ( 'NONE',  ( -2.092856173565200300, 12.59217719367231700, 4.867729685783168700 ) ) ;
#2335 = CARTESIAN_POINT ( 'NONE',  ( 0.1601478225939559400, 14.80446312505487500, 6.857999999999927700 ) ) ;
#2336 = CARTESIAN_POINT ( 'NONE',  ( 0.3192511725617278000, 14.80446312505496600, 6.839720802875620900 ) ) ;
#2337 = CARTESIAN_POINT ( 'NONE',  ( 0.4752263478564385800, 14.80446312505496600, 6.803401802709533500 ) ) ;
#2338 = CARTESIAN_POINT ( 'NONE',  ( -2.092856173565200300, 12.59217719367231700, 4.867729685783168700 ) ) ;
#2339 = CARTESIAN_POINT ( 'NONE',  ( -2.095551936187502600, 12.59217719367231700, 4.814115124411419100 ) ) ;
#2340 = CARTESIAN_POINT ( 'NONE',  ( -2.096186405613394800, 12.59217719367231700, 4.760357280047300000 ) ) ;
#2341 = CARTESIAN_POINT ( 'NONE',  ( -2.094756774337618800, 12.59217719367231700, 4.706694029292094700 ) ) ;
#2342 = CARTESIAN_POINT ( 'NONE',  ( -2.093335525363904100, 12.59217719367231700, 4.653345420210605700 ) ) ;
#2343 = CARTESIAN_POINT ( 'NONE',  ( -2.089872266731496600, 12.59217719367231900, 4.600012299585081600 ) ) ;
#2344 = CARTESIAN_POINT ( 'NONE',  ( -2.084382144256085900, 12.59217719367231900, 4.546927908331344500 ) ) ;
#2345 = CARTESIAN_POINT ( 'NONE',  ( -2.077405933469929500, 12.59217719367231900, 4.479474421728906600 ) ) ;
#2346 = CARTESIAN_POINT ( 'NONE',  ( -2.067139466061398900, 12.59217719367232200, 4.412281042456079700 ) ) ;
#2347 = CARTESIAN_POINT ( 'NONE',  ( -2.053655187668961700, 12.59217719367232200, 4.345821922630480400 ) ) ;
#2348 = CARTESIAN_POINT ( 'NONE',  ( -2.040170909276524100, 12.59217719367232200, 4.279362802804880200 ) ) ;
#2349 = CARTESIAN_POINT ( 'NONE',  ( -2.023437102670087500, 12.59217719367232000, 4.213481619697630800 ) ) ;
#2350 = CARTESIAN_POINT ( 'NONE',  ( -2.003571850463208700, 12.59217719367232000, 4.148643265874331300 ) ) ;
#2351 = CARTESIAN_POINT ( 'NONE',  ( -1.993648015308368400, 12.59217719367232000, 4.116252781809357900 ) ) ;
#2352 = CARTESIAN_POINT ( 'NONE',  ( -1.982935346852768200, 12.59217719367232000, 4.084093568600628100 ) ) ;
#2353 = CARTESIAN_POINT ( 'NONE',  ( -1.971452735228100800, 12.59217719367232000, 4.052222334039964100 ) ) ;
#2354 = B_SPLINE_CURVE_WITH_KNOTS ( 'NONE', 3,
 ( #2337, #2336, #2335, #2385 ),
 .UNSPECIFIED., .F., .F.,
 ( 4, 4 ),
 ( 0.0000000000000000000, 0.0004803021867955358000 ),
 .UNSPECIFIED. ) ;
#2355 = CARTESIAN_POINT ( 'NONE',  ( -1.971452735228100800, 12.59217719367232000, 4.052222334039964100 ) ) ;
#2356 = B_SPLINE_CURVE_WITH_KNOTS ( 'NONE', 3,
 ( #2353, #2352, #2351, #2350, #2349, #2348, #2347, #2346, #2345, #2344, #2343, #2342, #2341, #2340, #2339, #2338 ),
 .UNSPECIFIED., .F., .F.,
 ( 4, 3, 3, 3, 3, 4 ),
 ( 0.0000000000000000000, 0.0001016298856601434500, 0.0003052499285096793000, 0.0005088699713592122600, 0.0006690424200068242500, 0.0008301609333529453100 ),
 .UNSPECIFIED. ) ;
#2357 = CARTESIAN_POINT ( 'NONE',  ( -2.092856173565200300, 12.59217719367231700, 4.867729685783168700 ) ) ;
#2358 = CARTESIAN_POINT ( 'NONE',  ( -0.8679845199528203300, 13.20800000000000200, 6.857999999999999700 ) ) ;
#2359 = CARTESIAN_POINT ( 'NONE',  ( 0.0000000000000000000, 13.15720000000000000, 6.857999999999999700 ) ) ;
#2360 = CARTESIAN_POINT ( 'NONE',  ( 0.8679845199528218900, 13.10640000000000100, 6.857999999999999700 ) ) ;
#2361 = CARTESIAN_POINT ( 'NONE',  ( 1.481742259976410100, 13.05559999999999800, 6.244242259976410000 ) ) ;
#2362 = CARTESIAN_POINT ( 'NONE',  ( 2.095499999999998600, 13.00480000000000100, 5.630484519952821300 ) ) ;
#2363 = CARTESIAN_POINT ( 'NONE',  ( 2.095499999999999500, 12.95399999999999900, 4.762500000000000200 ) ) ;
#2364 = CARTESIAN_POINT ( 'NONE',  ( 2.095499999999998600, 12.90319999999999800, 3.894515480047178600 ) ) ;
#2365 = CARTESIAN_POINT ( 'NONE',  ( 1.481742259976409600, 12.85239999999999800, 3.280757740023590300 ) ) ;
#2366 = CARTESIAN_POINT ( 'NONE',  ( 0.8679845199528200000, 12.80159999999999900, 2.667000000000001100 ) ) ;
#2367 = CARTESIAN_POINT ( 'NONE',  ( -2.566162614434790300E-016, 12.75079999999999800, 2.667000000000001100 ) ) ;
#2368 = CARTESIAN_POINT ( 'NONE',  ( -0.8679845199528207800, 12.69999999999999800, 2.667000000000001100 ) ) ;
#2369 = CARTESIAN_POINT ( 'NONE',  ( -1.481742259976409800, 12.64919999999999900, 3.280757740023590800 ) ) ;
#2370 = CARTESIAN_POINT ( 'NONE',  ( -2.095499999999999000, 12.59839999999999800, 3.894515480047180400 ) ) ;
#2371 = CARTESIAN_POINT ( 'NONE',  ( -2.095499999999999500, 12.54759999999999900, 4.762500000000000200 ) ) ;
#2372 = CARTESIAN_POINT ( 'NONE',  ( -2.095499999999999000, 12.49679999999999700, 5.630484519952820400 ) ) ;
#2373 = CARTESIAN_POINT ( 'NONE',  ( -1.481742259976409600, 12.44599999999999800, 6.244242259976410000 ) ) ;
#2374 = CARTESIAN_POINT ( 'NONE',  ( -0.8679845199528203300, 12.39519999999999900, 6.857999999999999700 ) ) ;
#2375 = CARTESIAN_POINT ( 'NONE',  ( 0.0000000000000000000, 12.34439999999999800, 6.857999999999999700 ) ) ;
#2376 =( BOUNDED_SURFACE ( )  B_SPLINE_SURFACE ( 1, 2, ( 
 ( #2375, #2374, #2373, #2372, #2371, #2370, #2369, #2368, #2367, #2366, #2365, #2364, #2363, #2362, #2361, #2360, #2359, #2358, #2434, #2433, #2432, #2431, #2430, #2429, #2428, #2427, #2426, #2425, #2424, #2423, #2422, #2421, #2420, #2419, #2418, #2417, #2416, #2415, #2414, #2413, #2412, #2411, #2410, #2409, #2408, #2407, #2406, #2405, #2404 ),
 ( #2403, #2402, #2401, #2400, #2399, #2398, #2397, #2396, #2395, #2394, #2393, #2392, #2391, #2390, #2389, #2388, #2387, #2386, #2474, #2473, #2472, #2471, #2470, #2469, #2468, #2467, #2466, #2465, #2464, #2463, #2462, #2461, #2460, #2459, #2458, #2457, #2456, #2455, #2454, #2453, #2452, #2451, #2450, #2449, #2448, #2447, #2446, #2445, #2444 ) ),
 .UNSPECIFIED., .F., .F., .F. ) 
 B_SPLINE_SURFACE_WITH_KNOTS ( ( 2, 2 ),
 ( 3, 2, 2, 2, 2, 2, 2, 2, 2, 2, 2, 2, 2, 2, 2, 2, 2, 2, 2, 2, 2, 2, 2, 2, 3 ),
 ( 0.3118553511657598500, 0.3561246803032283000 ),
 ( 0.0000000000000000000, 0.04166666666666666400, 0.08333333333333332900, 0.1250000000000000000, 0.1666666666666666600, 0.2083333333333333100, 0.2500000000000000000, 0.2916666666666666300, 0.3333333333333333100, 0.3750000000000000000, 0.4166666666666666300, 0.4583333333333333100, 0.5000000000000000000, 0.5416666666666666300, 0.5833333333333332600, 0.6250000000000000000, 0.6666666666666666300, 0.7083333333333332600, 0.7500000000000000000, 0.7916666666666666300, 0.8333333333333332600, 0.8750000000000000000, 0.9166666666666666300, 0.9583333333333332600, 1.000000000000000000 ),
 .UNSPECIFIED. ) 
 GEOMETRIC_REPRESENTATION_ITEM ( )  RATIONAL_B_SPLINE_SURFACE ( (
 ( 1.000000000000000000, 0.9238795325112867400, 1.000000000000000000, 0.9238795325112867400, 1.000000000000000000, 0.9238795325112867400, 1.000000000000000000, 0.9238795325112867400, 1.000000000000000000, 0.9238795325112867400, 1.000000000000000000, 0.9238795325112867400, 1.000000000000000000, 0.9238795325112867400, 1.000000000000000000, 0.9238795325112867400, 1.000000000000000000, 0.9238795325112867400, 1.000000000000000000, 0.9238795325112867400, 1.000000000000000000, 0.9238795325112867400, 1.000000000000000000, 0.9238795325112867400, 1.000000000000000000, 0.9238795325112867400, 1.000000000000000000, 0.9238795325112867400, 1.000000000000000000, 0.9238795325112867400, 1.000000000000000000, 0.9238795325112867400, 1.000000000000000000, 0.9238795325112867400, 1.000000000000000000, 0.9238795325112867400, 1.000000000000000000, 0.9238795325112867400, 1.000000000000000000, 0.9238795325112867400, 1.000000000000000000, 0.9238795325112867400, 1.000000000000000000, 0.9238795325112867400, 1.000000000000000000, 0.9238795325112867400, 1.000000000000000000, 0.9238795325112867400, 1.000000000000000000),
 ( 1.000000000000000000, 0.9238795325112867400, 1.000000000000000000, 0.9238795325112867400, 1.000000000000000000, 0.9238795325112867400, 1.000000000000000000, 0.9238795325112867400, 1.000000000000000000, 0.9238795325112867400, 1.000000000000000000, 0.9238795325112867400, 1.000000000000000000, 0.9238795325112867400, 1.000000000000000000, 0.9238795325112867400, 1.000000000000000000, 0.9238795325112867400, 1.000000000000000000, 0.9238795325112867400, 1.000000000000000000, 0.9238795325112867400, 1.000000000000000000, 0.9238795325112867400, 1.000000000000000000, 0.9238795325112867400, 1.000000000000000000, 0.9238795325112867400, 1.000000000000000000, 0.9238795325112867400, 1.000000000000000000, 0.9238795325112867400, 1.000000000000000000, 0.9238795325112867400, 1.000000000000000000, 0.9238795325112867400, 1.000000000000000000, 0.9238795325112867400, 1.000000000000000000, 0.9238795325112867400, 1.000000000000000000, 0.9238795325112867400, 1.000000000000000000, 0.9238795325112867400, 1.000000000000000000, 0.9238795325112867400, 1.000000000000000000, 0.9238795325112867400, 1.000000000000000000) ) ) 
 REPRESENTATION_ITEM ( '' )  SURFACE ( )  );
#2377 = CARTESIAN_POINT ( 'NONE',  ( 0.0000000000000000000, 14.80804101502285000, 4.762500000000002000 ) ) ;
#2378 = CIRCLE ( 'NONE', #2443, 2.412999999999999400 ) ;
#2379 = FACE_OUTER_BOUND ( 'NONE', #272, .T. ) ;
#2380 = DIRECTION ( 'NONE',  ( 1.000000000000000000, 1.867474214418932100E-015, 0.0000000000000000000 ) ) ;
#2381 = DIRECTION ( 'NONE',  ( -0.0000000000000000000, 0.0000000000000000000, -1.000000000000000000 ) ) ;
#2382 = CARTESIAN_POINT ( 'NONE',  ( -3.771900000000000900, 3.098799999999999800, 1.498600000000001000 ) ) ;
#2383 = AXIS2_PLACEMENT_3D ( 'NONE', #2382, #2381, #2380 ) ;
#2384 = CIRCLE ( 'NONE', #2383, 1.625599999999997900 ) ;
#2385 = CARTESIAN_POINT ( 'NONE',  ( 0.0000000000000000000, 14.80446312505496700, 6.857999999999999700 ) ) ;
#2386 = CARTESIAN_POINT ( 'NONE',  ( -0.8679845199528203300, 13.25880000000000100, 6.857999999999999700 ) ) ;
#2387 = CARTESIAN_POINT ( 'NONE',  ( 0.0000000000000000000, 13.20799999999999800, 6.857999999999999700 ) ) ;
#2388 = CARTESIAN_POINT ( 'NONE',  ( 0.8679845199528218900, 13.15720000000000100, 6.857999999999999700 ) ) ;
#2389 = CARTESIAN_POINT ( 'NONE',  ( 1.481742259976410100, 13.10639999999999900, 6.244242259976410000 ) ) ;
#2390 = CARTESIAN_POINT ( 'NONE',  ( 2.095499999999998600, 13.05560000000000000, 5.630484519952821300 ) ) ;
#2391 = CARTESIAN_POINT ( 'NONE',  ( 2.095499999999999500, 13.00479999999999900, 4.762500000000000200 ) ) ;
#2392 = CARTESIAN_POINT ( 'NONE',  ( 2.095499999999998600, 12.95399999999999900, 3.894515480047178600 ) ) ;
#2393 = CARTESIAN_POINT ( 'NONE',  ( 1.481742259976409600, 12.90319999999999800, 3.280757740023590300 ) ) ;
#2394 = CARTESIAN_POINT ( 'NONE',  ( 0.8679845199528200000, 12.85239999999999800, 2.667000000000001100 ) ) ;
#2395 = CARTESIAN_POINT ( 'NONE',  ( -2.566162614434790300E-016, 12.80159999999999900, 2.667000000000001100 ) ) ;
#2396 = CARTESIAN_POINT ( 'NONE',  ( -0.8679845199528207800, 12.75079999999999800, 2.667000000000001100 ) ) ;
#2397 = CARTESIAN_POINT ( 'NONE',  ( -1.481742259976409800, 12.69999999999999900, 3.280757740023590800 ) ) ;
#2398 = CARTESIAN_POINT ( 'NONE',  ( -2.095499999999999000, 12.64919999999999700, 3.894515480047180400 ) ) ;
#2399 = CARTESIAN_POINT ( 'NONE',  ( -2.095499999999999500, 12.59840000000000000, 4.762500000000000200 ) ) ;
#2400 = CARTESIAN_POINT ( 'NONE',  ( -2.095499999999999000, 12.54759999999999700, 5.630484519952820400 ) ) ;
#2401 = CARTESIAN_POINT ( 'NONE',  ( -1.481742259976409600, 12.49679999999999900, 6.244242259976410000 ) ) ;
#2402 = CARTESIAN_POINT ( 'NONE',  ( -0.8679845199528203300, 12.44600000000000000, 6.857999999999999700 ) ) ;
#2403 = CARTESIAN_POINT ( 'NONE',  ( 0.0000000000000000000, 12.39519999999999900, 6.857999999999999700 ) ) ;
#2404 = CARTESIAN_POINT ( 'NONE',  ( 0.0000000000000000000, 14.78279999999999800, 6.857999999999999700 ) ) ;
#2405 = CARTESIAN_POINT ( 'NONE',  ( 0.8679845199528218900, 14.73199999999999800, 6.857999999999999700 ) ) ;
#2406 = CARTESIAN_POINT ( 'NONE',  ( 1.481742259976410100, 14.68119999999999900, 6.244242259976410000 ) ) ;
#2407 = CARTESIAN_POINT ( 'NONE',  ( 2.095499999999998600, 14.63039999999999800, 5.630484519952821300 ) ) ;
#2408 = CARTESIAN_POINT ( 'NONE',  ( 2.095499999999999500, 14.57959999999999700, 4.762500000000000200 ) ) ;
#2409 = CARTESIAN_POINT ( 'NONE',  ( 2.095499999999998600, 14.52879999999999700, 3.894515480047178600 ) ) ;
#2410 = CARTESIAN_POINT ( 'NONE',  ( 1.481742259976409600, 14.47799999999999800, 3.280757740023590300 ) ) ;
#2411 = CARTESIAN_POINT ( 'NONE',  ( 0.8679845199528200000, 14.42719999999999700, 2.667000000000001100 ) ) ;
#2412 = CARTESIAN_POINT ( 'NONE',  ( -2.566162614434790300E-016, 14.37639999999999700, 2.667000000000001100 ) ) ;
#2413 = CARTESIAN_POINT ( 'NONE',  ( -0.8679845199528207800, 14.32559999999999800, 2.667000000000001100 ) ) ;
#2414 = CARTESIAN_POINT ( 'NONE',  ( -1.481742259976409800, 14.27479999999999900, 3.280757740023590800 ) ) ;
#2415 = CARTESIAN_POINT ( 'NONE',  ( -2.095499999999999000, 14.22399999999999800, 3.894515480047180400 ) ) ;
#2416 = CARTESIAN_POINT ( 'NONE',  ( -2.095499999999999500, 14.17319999999999800, 4.762500000000000200 ) ) ;
#2417 = CARTESIAN_POINT ( 'NONE',  ( -2.095499999999999000, 14.12239999999999700, 5.630484519952820400 ) ) ;
#2418 = CARTESIAN_POINT ( 'NONE',  ( -1.481742259976409600, 14.07159999999999800, 6.244242259976410000 ) ) ;
#2419 = CARTESIAN_POINT ( 'NONE',  ( -0.8679845199528203300, 14.02079999999999800, 6.857999999999999700 ) ) ;
#2420 = CARTESIAN_POINT ( 'NONE',  ( 0.0000000000000000000, 13.96999999999999900, 6.857999999999999700 ) ) ;
#2421 = CARTESIAN_POINT ( 'NONE',  ( 0.8679845199528218900, 13.91919999999999800, 6.857999999999999700 ) ) ;
#2422 = CARTESIAN_POINT ( 'NONE',  ( 1.481742259976410100, 13.86839999999999800, 6.244242259976410000 ) ) ;
#2423 = CARTESIAN_POINT ( 'NONE',  ( 2.095499999999998600, 13.81759999999999900, 5.630484519952821300 ) ) ;
#2424 = CARTESIAN_POINT ( 'NONE',  ( 2.095499999999999500, 13.76680000000000000, 4.762500000000000200 ) ) ;
#2425 = CARTESIAN_POINT ( 'NONE',  ( 2.095499999999998600, 13.71599999999999900, 3.894515480047178600 ) ) ;
#2426 = CARTESIAN_POINT ( 'NONE',  ( 1.481742259976409600, 13.66519999999999900, 3.280757740023590300 ) ) ;
#2427 = CARTESIAN_POINT ( 'NONE',  ( 0.8679845199528200000, 13.61439999999999800, 2.667000000000001100 ) ) ;
#2428 = CARTESIAN_POINT ( 'NONE',  ( -2.566162614434790300E-016, 13.56359999999999900, 2.667000000000001100 ) ) ;
#2429 = CARTESIAN_POINT ( 'NONE',  ( -0.8679845199528207800, 13.51280000000000000, 2.667000000000001100 ) ) ;
#2430 = CARTESIAN_POINT ( 'NONE',  ( -1.481742259976409800, 13.46199999999999800, 3.280757740023590800 ) ) ;
#2431 = CARTESIAN_POINT ( 'NONE',  ( -2.095499999999999000, 13.41119999999999900, 3.894515480047180400 ) ) ;
#2432 = CARTESIAN_POINT ( 'NONE',  ( -2.095499999999999500, 13.36039999999999800, 4.762500000000000200 ) ) ;
#2433 = CARTESIAN_POINT ( 'NONE',  ( -2.095499999999999000, 13.30960000000000000, 5.630484519952820400 ) ) ;
#2434 = CARTESIAN_POINT ( 'NONE',  ( -1.481742259976409600, 13.25879999999999700, 6.244242259976410000 ) ) ;
#2435 = DIRECTION ( 'NONE',  ( 0.0000000000000000000, 1.000000000000000000, 0.0000000000000000000 ) ) ;
#2436 = DIRECTION ( 'NONE',  ( 0.0000000000000000000, -1.000000000000000000, 0.0000000000000000000 ) ) ;
#2437 = VECTOR ( 'NONE', #2436, 1000.000000000000000 ) ;
#2438 = CARTESIAN_POINT ( 'NONE',  ( 4.737099999999999900, 13.84300000000000000, 6.502400000000000600 ) ) ;
#2439 = LINE ( 'NONE', #2438, #2437 ) ;
#2440 = FACE_OUTER_BOUND ( 'NONE', #274, .T. ) ;
#2441 = DIRECTION ( 'NONE',  ( 0.0000000000000000000, 0.0000000000000000000, 1.000000000000000000 ) ) ;
#2442 = DIRECTION ( 'NONE',  ( -0.0000000000000000000, -1.000000000000000000, -0.0000000000000000000 ) ) ;
#2443 = AXIS2_PLACEMENT_3D ( 'NONE', #2377, #2442, #2441 ) ;
#2444 = CARTESIAN_POINT ( 'NONE',  ( 0.0000000000000000000, 14.83359999999999900, 6.857999999999999700 ) ) ;
#2445 = CARTESIAN_POINT ( 'NONE',  ( 0.8679845199528218900, 14.78279999999999800, 6.857999999999999700 ) ) ;
#2446 = CARTESIAN_POINT ( 'NONE',  ( 1.481742259976410100, 14.73199999999999900, 6.244242259976410000 ) ) ;
#2447 = CARTESIAN_POINT ( 'NONE',  ( 2.095499999999998600, 14.68119999999999700, 5.630484519952821300 ) ) ;
#2448 = CARTESIAN_POINT ( 'NONE',  ( 2.095499999999999500, 14.63039999999999800, 4.762500000000000200 ) ) ;
#2449 = CARTESIAN_POINT ( 'NONE',  ( 2.095499999999998600, 14.57959999999999700, 3.894515480047178600 ) ) ;
#2450 = CARTESIAN_POINT ( 'NONE',  ( 1.481742259976409600, 14.52879999999999900, 3.280757740023590300 ) ) ;
#2451 = CARTESIAN_POINT ( 'NONE',  ( 0.8679845199528200000, 14.47799999999999600, 2.667000000000001100 ) ) ;
#2452 = CARTESIAN_POINT ( 'NONE',  ( -2.566162614434790300E-016, 14.42719999999999700, 2.667000000000001100 ) ) ;
#2453 = CARTESIAN_POINT ( 'NONE',  ( -0.8679845199528207800, 14.37639999999999900, 2.667000000000001100 ) ) ;
#2454 = CARTESIAN_POINT ( 'NONE',  ( -1.481742259976409800, 14.32560000000000000, 3.280757740023590800 ) ) ;
#2455 = CARTESIAN_POINT ( 'NONE',  ( -2.095499999999999000, 14.27479999999999900, 3.894515480047180400 ) ) ;
#2456 = CARTESIAN_POINT ( 'NONE',  ( -2.095499999999999500, 14.22399999999999800, 4.762500000000000200 ) ) ;
#2457 = CARTESIAN_POINT ( 'NONE',  ( -2.095499999999999000, 14.17319999999999800, 5.630484519952820400 ) ) ;
#2458 = CARTESIAN_POINT ( 'NONE',  ( -1.481742259976409600, 14.12239999999999900, 6.244242259976410000 ) ) ;
#2459 = CARTESIAN_POINT ( 'NONE',  ( -0.8679845199528203300, 14.07159999999999800, 6.857999999999999700 ) ) ;
#2460 = CARTESIAN_POINT ( 'NONE',  ( 0.0000000000000000000, 14.02079999999999800, 6.857999999999999700 ) ) ;
#2461 = CARTESIAN_POINT ( 'NONE',  ( 0.8679845199528218900, 13.96999999999999700, 6.857999999999999700 ) ) ;
#2462 = CARTESIAN_POINT ( 'NONE',  ( 1.481742259976410100, 13.91919999999999800, 6.244242259976410000 ) ) ;
#2463 = CARTESIAN_POINT ( 'NONE',  ( 2.095499999999998600, 13.86839999999999900, 5.630484519952821300 ) ) ;
#2464 = CARTESIAN_POINT ( 'NONE',  ( 2.095499999999999500, 13.81759999999999900, 4.762500000000000200 ) ) ;
#2465 = CARTESIAN_POINT ( 'NONE',  ( 2.095499999999998600, 13.76679999999999800, 3.894515480047178600 ) ) ;
#2466 = CARTESIAN_POINT ( 'NONE',  ( 1.481742259976409600, 13.71599999999999900, 3.280757740023590300 ) ) ;
#2467 = CARTESIAN_POINT ( 'NONE',  ( 0.8679845199528200000, 13.66519999999999900, 2.667000000000001100 ) ) ;
#2468 = CARTESIAN_POINT ( 'NONE',  ( -2.566162614434790300E-016, 13.61439999999999800, 2.667000000000001100 ) ) ;
#2469 = CARTESIAN_POINT ( 'NONE',  ( -0.8679845199528207800, 13.56359999999999700, 2.667000000000001100 ) ) ;
#2470 = CARTESIAN_POINT ( 'NONE',  ( -1.481742259976409800, 13.51279999999999900, 3.280757740023590800 ) ) ;
#2471 = CARTESIAN_POINT ( 'NONE',  ( -2.095499999999999000, 13.46200000000000000, 3.894515480047180400 ) ) ;
#2472 = CARTESIAN_POINT ( 'NONE',  ( -2.095499999999999500, 13.41119999999999700, 4.762500000000000200 ) ) ;
#2473 = CARTESIAN_POINT ( 'NONE',  ( -2.095499999999999000, 13.36040000000000000, 5.630484519952820400 ) ) ;
#2474 = CARTESIAN_POINT ( 'NONE',  ( -1.481742259976409600, 13.30959999999999800, 6.244242259976410000 ) ) ;
#2475 = CARTESIAN_POINT ( 'NONE',  ( 0.9994973260062778300, 13.44929999999999900, 2.349500000000000800 ) ) ;
#2476 = CARTESIAN_POINT ( 'NONE',  ( -2.954975131773395600E-016, 13.39849999999999900, 2.349500000000000800 ) ) ;
#2477 = CARTESIAN_POINT ( 'NONE',  ( -0.9994973260062783900, 13.34769999999999800, 2.349500000000000800 ) ) ;
#2478 = CARTESIAN_POINT ( 'NONE',  ( -1.706248663003138800, 13.29689999999999900, 3.056251336996861600 ) ) ;
#2479 = CARTESIAN_POINT ( 'NONE',  ( -2.412999999999999400, 13.24609999999999800, 3.763002673993723200 ) ) ;
#2480 = CARTESIAN_POINT ( 'NONE',  ( -2.412999999999999400, 13.19529999999999800, 4.762500000000000200 ) ) ;
#2481 = CARTESIAN_POINT ( 'NONE',  ( -2.412999999999999400, 13.14449999999999700, 5.761997326006279800 ) ) ;
#2482 = CARTESIAN_POINT ( 'NONE',  ( -1.706248663003138600, 13.09369999999999800, 6.468748663003139200 ) ) ;
#2483 = CARTESIAN_POINT ( 'NONE',  ( -0.9994973260062779400, 13.04289999999999900, 7.175500000000000400 ) ) ;
#2484 = CARTESIAN_POINT ( 'NONE',  ( 0.0000000000000000000, 12.99209999999999900, 7.175499999999999500 ) ) ;
#2485 = CARTESIAN_POINT ( 'NONE',  ( 0.9994973260062797200, 12.94130000000000000, 7.175500000000000400 ) ) ;
#2486 = CARTESIAN_POINT ( 'NONE',  ( 1.706248663003139300, 12.89049999999999900, 6.468748663003138300 ) ) ;
#2487 = CARTESIAN_POINT ( 'NONE',  ( 2.412999999999999400, 12.83969999999999900, 5.761997326006279800 ) ) ;
#2488 = CARTESIAN_POINT ( 'NONE',  ( 2.412999999999999400, 12.78889999999999800, 4.762499999999999300 ) ) ;
#2489 = CARTESIAN_POINT ( 'NONE',  ( 2.412999999999999400, 12.73809999999999900, 3.763002673993720600 ) ) ;
#2490 = CARTESIAN_POINT ( 'NONE',  ( 1.706248663003138600, 12.68729999999999900, 3.056251336996861100 ) ) ;
#2491 = CARTESIAN_POINT ( 'NONE',  ( 0.9994973260062778300, 12.63649999999999800, 2.349500000000000800 ) ) ;
#2492 = CARTESIAN_POINT ( 'NONE',  ( -2.954975131773395600E-016, 12.58569999999999700, 2.349500000000000800 ) ) ;
#2493 = CARTESIAN_POINT ( 'NONE',  ( -0.9994973260062783900, 12.53489999999999900, 2.349500000000000800 ) ) ;
#2494 = CARTESIAN_POINT ( 'NONE',  ( -1.706248663003138800, 12.48409999999999800, 3.056251336996861600 ) ) ;
#2495 = CARTESIAN_POINT ( 'NONE',  ( -2.412999999999999400, 12.43329999999999900, 3.763002673993723200 ) ) ;
#2496 = CARTESIAN_POINT ( 'NONE',  ( -2.412999999999999400, 12.38250000000000000, 4.762500000000000200 ) ) ;
#2497 = CARTESIAN_POINT ( 'NONE',  ( -2.412999999999999400, 12.33170000000000000, 5.761997326006279800 ) ) ;
#2498 = CARTESIAN_POINT ( 'NONE',  ( -1.706248663003138600, 12.28089999999999900, 6.468748663003139200 ) ) ;
#2499 = CARTESIAN_POINT ( 'NONE',  ( -0.9994973260062779400, 12.23010000000000000, 7.175500000000000400 ) ) ;
#2500 = CARTESIAN_POINT ( 'NONE',  ( 0.0000000000000000000, 12.17930000000000000, 7.175499999999999500 ) ) ;
#2501 =( BOUNDED_SURFACE ( )  B_SPLINE_SURFACE ( 1, 2, ( 
 ( #2500, #2499, #2498, #2497, #2496, #2495, #2494, #2493, #2492, #2491, #2490, #2489, #2488, #2487, #2486, #2485, #2484, #2483, #2482, #2481, #2480, #2479, #2478, #2477, #2476, #2475, #2551, #2550, #2549, #2548, #2547, #2546, #2545, #2544, #2543, #2542, #2541, #2540, #2539, #2538, #2537, #2536, #2535, #2534, #2533, #2532, #2531, #2530, #2529 ),
 ( #2528, #2527, #2526, #2525, #2524, #2523, #2522, #2521, #2520, #2519, #2518, #2517, #2516, #2515, #2514, #2513, #2512, #2511, #2510, #2509, #2508, #2507, #2506, #2505, #2504, #2503, #2586, #2585, #2584, #2583, #2582, #2581, #2580, #2579, #2578, #2577, #2576, #2575, #2574, #2573, #2572, #2571, #2570, #2569, #2568, #2567, #2566, #2565, #2564 ) ),
 .UNSPECIFIED., .F., .F., .F. ) 
 B_SPLINE_SURFACE_WITH_KNOTS ( ( 2, 2 ),
 ( 3, 2, 2, 2, 2, 2, 2, 2, 2, 2, 2, 2, 2, 2, 2, 2, 2, 2, 2, 2, 2, 2, 2, 2, 3 ),
 ( 0.0000000000000000000, 0.3118553511657598500 ),
 ( 0.0000000000000000000, 0.04166666666666666400, 0.08333333333333332900, 0.1250000000000000000, 0.1666666666666666600, 0.2083333333333333100, 0.2500000000000000000, 0.2916666666666666300, 0.3333333333333333100, 0.3750000000000000000, 0.4166666666666666300, 0.4583333333333333100, 0.5000000000000000000, 0.5416666666666666300, 0.5833333333333332600, 0.6250000000000000000, 0.6666666666666666300, 0.7083333333333332600, 0.7500000000000000000, 0.7916666666666666300, 0.8333333333333332600, 0.8750000000000000000, 0.9166666666666666300, 0.9583333333333332600, 1.000000000000000000 ),
 .UNSPECIFIED. ) 
 GEOMETRIC_REPRESENTATION_ITEM ( )  RATIONAL_B_SPLINE_SURFACE ( (
 ( 1.000000000000000000, 0.9238795325112867400, 1.000000000000000000, 0.9238795325112867400, 1.000000000000000000, 0.9238795325112867400, 1.000000000000000000, 0.9238795325112867400, 1.000000000000000000, 0.9238795325112867400, 1.000000000000000000, 0.9238795325112867400, 1.000000000000000000, 0.9238795325112867400, 1.000000000000000000, 0.9238795325112867400, 1.000000000000000000, 0.9238795325112867400, 1.000000000000000000, 0.9238795325112867400, 1.000000000000000000, 0.9238795325112867400, 1.000000000000000000, 0.9238795325112867400, 1.000000000000000000, 0.9238795325112867400, 1.000000000000000000, 0.9238795325112867400, 1.000000000000000000, 0.9238795325112867400, 1.000000000000000000, 0.9238795325112867400, 1.000000000000000000, 0.9238795325112867400, 1.000000000000000000, 0.9238795325112867400, 1.000000000000000000, 0.9238795325112867400, 1.000000000000000000, 0.9238795325112867400, 1.000000000000000000, 0.9238795325112867400, 1.000000000000000000, 0.9238795325112867400, 1.000000000000000000, 0.9238795325112867400, 1.000000000000000000, 0.9238795325112867400, 1.000000000000000000),
 ( 1.000000000000000000, 0.9238795325112867400, 1.000000000000000000, 0.9238795325112867400, 1.000000000000000000, 0.9238795325112867400, 1.000000000000000000, 0.9238795325112867400, 1.000000000000000000, 0.9238795325112867400, 1.000000000000000000, 0.9238795325112867400, 1.000000000000000000, 0.9238795325112867400, 1.000000000000000000, 0.9238795325112867400, 1.000000000000000000, 0.9238795325112867400, 1.000000000000000000, 0.9238795325112867400, 1.000000000000000000, 0.9238795325112867400, 1.000000000000000000, 0.9238795325112867400, 1.000000000000000000, 0.9238795325112867400, 1.000000000000000000, 0.9238795325112867400, 1.000000000000000000, 0.9238795325112867400, 1.000000000000000000, 0.9238795325112867400, 1.000000000000000000, 0.9238795325112867400, 1.000000000000000000, 0.9238795325112867400, 1.000000000000000000, 0.9238795325112867400, 1.000000000000000000, 0.9238795325112867400, 1.000000000000000000, 0.9238795325112867400, 1.000000000000000000, 0.9238795325112867400, 1.000000000000000000, 0.9238795325112867400, 1.000000000000000000, 0.9238795325112867400, 1.000000000000000000) ) ) 
 REPRESENTATION_ITEM ( '' )  SURFACE ( )  );
#2502 = CARTESIAN_POINT ( 'NONE',  ( 0.1021795488294907600, 12.59217719367232200, 2.354037862123614200 ) ) ;
#2503 = CARTESIAN_POINT ( 'NONE',  ( 0.8679845199528200000, 13.61439999999999800, 2.667000000000001100 ) ) ;
#2504 = CARTESIAN_POINT ( 'NONE',  ( -2.566162614434790300E-016, 13.56359999999999900, 2.667000000000001100 ) ) ;
#2505 = CARTESIAN_POINT ( 'NONE',  ( -0.8679845199528207800, 13.51280000000000000, 2.667000000000001100 ) ) ;
#2506 = CARTESIAN_POINT ( 'NONE',  ( -1.481742259976409800, 13.46199999999999800, 3.280757740023590800 ) ) ;
#2507 = CARTESIAN_POINT ( 'NONE',  ( -2.095499999999999000, 13.41119999999999900, 3.894515480047180400 ) ) ;
#2508 = CARTESIAN_POINT ( 'NONE',  ( -2.095499999999999500, 13.36039999999999800, 4.762500000000000200 ) ) ;
#2509 = CARTESIAN_POINT ( 'NONE',  ( -2.095499999999999000, 13.30960000000000000, 5.630484519952820400 ) ) ;
#2510 = CARTESIAN_POINT ( 'NONE',  ( -1.481742259976409600, 13.25879999999999700, 6.244242259976410000 ) ) ;
#2511 = CARTESIAN_POINT ( 'NONE',  ( -0.8679845199528203300, 13.20800000000000200, 6.857999999999999700 ) ) ;
#2512 = CARTESIAN_POINT ( 'NONE',  ( 0.0000000000000000000, 13.15720000000000000, 6.857999999999999700 ) ) ;
#2513 = CARTESIAN_POINT ( 'NONE',  ( 0.8679845199528218900, 13.10640000000000100, 6.857999999999999700 ) ) ;
#2514 = CARTESIAN_POINT ( 'NONE',  ( 1.481742259976410100, 13.05559999999999800, 6.244242259976410000 ) ) ;
#2515 = CARTESIAN_POINT ( 'NONE',  ( 2.095499999999998600, 13.00480000000000100, 5.630484519952821300 ) ) ;
#2516 = CARTESIAN_POINT ( 'NONE',  ( 2.095499999999999500, 12.95399999999999900, 4.762500000000000200 ) ) ;
#2517 = CARTESIAN_POINT ( 'NONE',  ( 2.095499999999998600, 12.90319999999999800, 3.894515480047178600 ) ) ;
#2518 = CARTESIAN_POINT ( 'NONE',  ( 1.481742259976409600, 12.85239999999999800, 3.280757740023590300 ) ) ;
#2519 = CARTESIAN_POINT ( 'NONE',  ( 0.8679845199528200000, 12.80159999999999900, 2.667000000000001100 ) ) ;
#2520 = CARTESIAN_POINT ( 'NONE',  ( -2.566162614434790300E-016, 12.75079999999999800, 2.667000000000001100 ) ) ;
#2521 = CARTESIAN_POINT ( 'NONE',  ( -0.8679845199528207800, 12.69999999999999800, 2.667000000000001100 ) ) ;
#2522 = CARTESIAN_POINT ( 'NONE',  ( -1.481742259976409800, 12.64919999999999900, 3.280757740023590800 ) ) ;
#2523 = CARTESIAN_POINT ( 'NONE',  ( -2.095499999999999000, 12.59839999999999800, 3.894515480047180400 ) ) ;
#2524 = CARTESIAN_POINT ( 'NONE',  ( -2.095499999999999500, 12.54759999999999900, 4.762500000000000200 ) ) ;
#2525 = CARTESIAN_POINT ( 'NONE',  ( -2.095499999999999000, 12.49679999999999700, 5.630484519952820400 ) ) ;
#2526 = CARTESIAN_POINT ( 'NONE',  ( -1.481742259976409600, 12.44599999999999800, 6.244242259976410000 ) ) ;
#2527 = CARTESIAN_POINT ( 'NONE',  ( -0.8679845199528203300, 12.39519999999999900, 6.857999999999999700 ) ) ;
#2528 = CARTESIAN_POINT ( 'NONE',  ( 0.0000000000000000000, 12.34439999999999800, 6.857999999999999700 ) ) ;
#2529 = CARTESIAN_POINT ( 'NONE',  ( 0.0000000000000000000, 14.61769999999999900, 7.175499999999999500 ) ) ;
#2530 = CARTESIAN_POINT ( 'NONE',  ( 0.9994973260062797200, 14.56689999999999900, 7.175500000000000400 ) ) ;
#2531 = CARTESIAN_POINT ( 'NONE',  ( 1.706248663003139300, 14.51609999999999800, 6.468748663003138300 ) ) ;
#2532 = CARTESIAN_POINT ( 'NONE',  ( 2.412999999999999400, 14.46529999999999700, 5.761997326006279800 ) ) ;
#2533 = CARTESIAN_POINT ( 'NONE',  ( 2.412999999999999400, 14.41449999999999900, 4.762499999999999300 ) ) ;
#2534 = CARTESIAN_POINT ( 'NONE',  ( 2.412999999999999400, 14.36370000000000000, 3.763002673993720600 ) ) ;
#2535 = CARTESIAN_POINT ( 'NONE',  ( 1.706248663003138600, 14.31289999999999900, 3.056251336996861100 ) ) ;
#2536 = CARTESIAN_POINT ( 'NONE',  ( 0.9994973260062778300, 14.26210000000000200, 2.349500000000000800 ) ) ;
#2537 = CARTESIAN_POINT ( 'NONE',  ( -2.954975131773395600E-016, 14.21130000000000000, 2.349500000000000800 ) ) ;
#2538 = CARTESIAN_POINT ( 'NONE',  ( -0.9994973260062783900, 14.16050000000000100, 2.349500000000000800 ) ) ;
#2539 = CARTESIAN_POINT ( 'NONE',  ( -1.706248663003138800, 14.10970000000000000, 3.056251336996861600 ) ) ;
#2540 = CARTESIAN_POINT ( 'NONE',  ( -2.412999999999999400, 14.05890000000000300, 3.763002673993723200 ) ) ;
#2541 = CARTESIAN_POINT ( 'NONE',  ( -2.412999999999999400, 14.00809999999999900, 4.762500000000000200 ) ) ;
#2542 = CARTESIAN_POINT ( 'NONE',  ( -2.412999999999999400, 13.95730000000000200, 5.761997326006279800 ) ) ;
#2543 = CARTESIAN_POINT ( 'NONE',  ( -1.706248663003138600, 13.90649999999999900, 6.468748663003139200 ) ) ;
#2544 = CARTESIAN_POINT ( 'NONE',  ( -0.9994973260062779400, 13.85570000000000200, 7.175500000000000400 ) ) ;
#2545 = CARTESIAN_POINT ( 'NONE',  ( 0.0000000000000000000, 13.80489999999999800, 7.175499999999999500 ) ) ;
#2546 = CARTESIAN_POINT ( 'NONE',  ( 0.9994973260062797200, 13.75410000000000100, 7.175500000000000400 ) ) ;
#2547 = CARTESIAN_POINT ( 'NONE',  ( 1.706248663003139300, 13.70329999999999900, 6.468748663003138300 ) ) ;
#2548 = CARTESIAN_POINT ( 'NONE',  ( 2.412999999999999400, 13.65250000000000200, 5.761997326006279800 ) ) ;
#2549 = CARTESIAN_POINT ( 'NONE',  ( 2.412999999999999400, 13.60169999999999900, 4.762499999999999300 ) ) ;
#2550 = CARTESIAN_POINT ( 'NONE',  ( 2.412999999999999400, 13.55089999999999900, 3.763002673993720600 ) ) ;
#2551 = CARTESIAN_POINT ( 'NONE',  ( 1.706248663003138600, 13.50010000000000000, 3.056251336996861100 ) ) ;
#2552 = CARTESIAN_POINT ( 'NONE',  ( -1.397032372829645400, 12.59217719367235200, 3.018208044761571800 ) ) ;
#2553 = CARTESIAN_POINT ( 'NONE',  ( -1.309112614579681000, 12.59217719367232000, 2.934890094145558700 ) ) ;
#2554 = CARTESIAN_POINT ( 'NONE',  ( -1.028946852846550900, 12.59217719367231900, 2.708638508232867400 ) ) ;
#2555 = CARTESIAN_POINT ( 'NONE',  ( -0.8215938961797578700, 12.59217719367231700, 2.589048073931976100 ) ) ;
#2556 = CARTESIAN_POINT ( 'NONE',  ( -0.3715581153848784800, 12.59217719367232200, 2.416593259984524800 ) ) ;
#2557 = CARTESIAN_POINT ( 'NONE',  ( -0.1384866212250744100, 12.59217719367231300, 2.367708301085971200 ) ) ;
#2558 = CARTESIAN_POINT ( 'NONE',  ( 0.1021795488294907600, 12.59217719367232200, 2.354037862123614200 ) ) ;
#2559 = DIRECTION ( 'NONE',  ( 0.0000000000000000000, 0.0000000000000000000, -1.000000000000000000 ) ) ;
#2560 = VECTOR ( 'NONE', #2559, 1000.000000000000000 ) ;
#2561 = CARTESIAN_POINT ( 'NONE',  ( 0.0000000000000000000, 14.80446312505496700, 7.016749999999999200 ) ) ;
#2562 = LINE ( 'NONE', #2561, #2560 ) ;
#2563 = B_SPLINE_CURVE_WITH_KNOTS ( 'NONE', 3,
 ( #2558, #2557, #2556, #2555, #2554, #2553, #2552, #2620, #2619, #2618, #2617, #2616, #2615, #2614 ),
 .UNSPECIFIED., .F., .F.,
 ( 4, 2, 2, 2, 2, 2, 4 ),
 ( 2.361979263008346100E-005, 0.0007380371331868811000, 0.001452454473743678800, 0.001809663144022077700, 0.002166871814300476300, 0.002524080484578875500, 0.002881289154857274100 ),
 .UNSPECIFIED. ) ;
#2564 = CARTESIAN_POINT ( 'NONE',  ( 0.0000000000000000000, 14.78279999999999800, 6.857999999999999700 ) ) ;
#2565 = CARTESIAN_POINT ( 'NONE',  ( 0.8679845199528218900, 14.73199999999999800, 6.857999999999999700 ) ) ;
#2566 = CARTESIAN_POINT ( 'NONE',  ( 1.481742259976410100, 14.68119999999999900, 6.244242259976410000 ) ) ;
#2567 = CARTESIAN_POINT ( 'NONE',  ( 2.095499999999998600, 14.63039999999999800, 5.630484519952821300 ) ) ;
#2568 = CARTESIAN_POINT ( 'NONE',  ( 2.095499999999999500, 14.57959999999999700, 4.762500000000000200 ) ) ;
#2569 = CARTESIAN_POINT ( 'NONE',  ( 2.095499999999998600, 14.52879999999999700, 3.894515480047178600 ) ) ;
#2570 = CARTESIAN_POINT ( 'NONE',  ( 1.481742259976409600, 14.47799999999999800, 3.280757740023590300 ) ) ;
#2571 = CARTESIAN_POINT ( 'NONE',  ( 0.8679845199528200000, 14.42719999999999700, 2.667000000000001100 ) ) ;
#2572 = CARTESIAN_POINT ( 'NONE',  ( -2.566162614434790300E-016, 14.37639999999999700, 2.667000000000001100 ) ) ;
#2573 = CARTESIAN_POINT ( 'NONE',  ( -0.8679845199528207800, 14.32559999999999800, 2.667000000000001100 ) ) ;
#2574 = CARTESIAN_POINT ( 'NONE',  ( -1.481742259976409800, 14.27479999999999900, 3.280757740023590800 ) ) ;
#2575 = CARTESIAN_POINT ( 'NONE',  ( -2.095499999999999000, 14.22399999999999800, 3.894515480047180400 ) ) ;
#2576 = CARTESIAN_POINT ( 'NONE',  ( -2.095499999999999500, 14.17319999999999800, 4.762500000000000200 ) ) ;
#2577 = CARTESIAN_POINT ( 'NONE',  ( -2.095499999999999000, 14.12239999999999700, 5.630484519952820400 ) ) ;
#2578 = CARTESIAN_POINT ( 'NONE',  ( -1.481742259976409600, 14.07159999999999800, 6.244242259976410000 ) ) ;
#2579 = CARTESIAN_POINT ( 'NONE',  ( -0.8679845199528203300, 14.02079999999999800, 6.857999999999999700 ) ) ;
#2580 = CARTESIAN_POINT ( 'NONE',  ( 0.0000000000000000000, 13.96999999999999900, 6.857999999999999700 ) ) ;
#2581 = CARTESIAN_POINT ( 'NONE',  ( 0.8679845199528218900, 13.91919999999999800, 6.857999999999999700 ) ) ;
#2582 = CARTESIAN_POINT ( 'NONE',  ( 1.481742259976410100, 13.86839999999999800, 6.244242259976410000 ) ) ;
#2583 = CARTESIAN_POINT ( 'NONE',  ( 2.095499999999998600, 13.81759999999999900, 5.630484519952821300 ) ) ;
#2584 = CARTESIAN_POINT ( 'NONE',  ( 2.095499999999999500, 13.76680000000000000, 4.762500000000000200 ) ) ;
#2585 = CARTESIAN_POINT ( 'NONE',  ( 2.095499999999998600, 13.71599999999999900, 3.894515480047178600 ) ) ;
#2586 = CARTESIAN_POINT ( 'NONE',  ( 1.481742259976409600, 13.66519999999999900, 3.280757740023590300 ) ) ;
#2587 = DIRECTION ( 'NONE',  ( 0.0000000000000000000, 0.0000000000000000000, -1.000000000000000000 ) ) ;
#2588 = DIRECTION ( 'NONE',  ( -0.0000000000000000000, -1.000000000000000000, -0.0000000000000000000 ) ) ;
#2589 = CARTESIAN_POINT ( 'NONE',  ( 0.0000000000000000000, 15.03679999999999900, 4.762500000000002000 ) ) ;
#2590 = AXIS2_PLACEMENT_3D ( 'NONE', #2589, #2588, #2587 ) ;
#2591 = CIRCLE ( 'NONE', #2590, 2.564616078442596000 ) ;
#2592 = FACE_OUTER_BOUND ( 'NONE', #293, .T. ) ;
#2593 = DIRECTION ( 'NONE',  ( 0.0000000000000000000, 0.0000000000000000000, 1.000000000000000000 ) ) ;
#2594 = DIRECTION ( 'NONE',  ( -0.0000000000000000000, 1.000000000000000000, 1.538202699135283500E-016 ) ) ;
#2595 = CARTESIAN_POINT ( 'NONE',  ( 0.0000000000000000000, 12.36980000000000000, 4.762500000000000200 ) ) ;
#2596 = AXIS2_PLACEMENT_3D ( 'NONE', #2595, #2594, #2593 ) ;
#2597 = CIRCLE ( 'NONE', #2596, 3.124199999999999600 ) ;
#2598 = DIRECTION ( 'NONE',  ( 0.0000000000000000000, 0.0000000000000000000, 1.000000000000000000 ) ) ;
#2599 = DIRECTION ( 'NONE',  ( 0.0000000000000000000, -1.000000000000000000, -1.538202699135283500E-016 ) ) ;
#2600 = CARTESIAN_POINT ( 'NONE',  ( 0.0000000000000000000, 12.36980000000000000, 4.762500000000002000 ) ) ;
#2601 = AXIS2_PLACEMENT_3D ( 'NONE', #2600, #2599, #2598 ) ;
#2602 = CIRCLE ( 'NONE', #2601, 2.564616078442594200 ) ;
#2603 = DIRECTION ( 'NONE',  ( 0.0000000000000000000, 0.4613527366419885000, -0.8872168012345955600 ) ) ;
#2604 = VECTOR ( 'NONE', #2603, 1000.000000000000200 ) ;
#2605 = CARTESIAN_POINT ( 'NONE',  ( 0.0000000000000000000, 14.70024999999999900, 7.016749999999999200 ) ) ;
#2606 = LINE ( 'NONE', #2605, #2604 ) ;
#2607 = DIRECTION ( 'NONE',  ( 0.0000000000000000000, -1.538202699135283500E-016, 1.000000000000000000 ) ) ;
#2608 = DIRECTION ( 'NONE',  ( -0.0000000000000000000, 1.000000000000000000, 1.538202699135283500E-016 ) ) ;
#2609 = CARTESIAN_POINT ( 'NONE',  ( 0.0000000000000000000, 12.36980000000000000, 2.349499999999999900 ) ) ;
#2610 = AXIS2_PLACEMENT_3D ( 'NONE', #2609, #2608, #2607 ) ;
#2611 = PLANE ( 'NONE',  #2610 ) ;
#2612 = FACE_BOUND ( 'NONE', #290, .T. ) ;
#2613 = FACE_OUTER_BOUND ( 'NONE', #279, .T. ) ;
#2614 = CARTESIAN_POINT ( 'NONE',  ( -1.971452735228100800, 12.59217719367232000, 4.052222334039964100 ) ) ;
#2615 = CARTESIAN_POINT ( 'NONE',  ( -1.944500080130808100, 12.59217719367232400, 3.934303784450705200 ) ) ;
#2616 = CARTESIAN_POINT ( 'NONE',  ( -1.907715065115857200, 12.59217719367231900, 3.820096573185025600 ) ) ;
#2617 = CARTESIAN_POINT ( 'NONE',  ( -1.815005631810765000, 12.59217719367231900, 3.598906540470661100 ) ) ;
#2618 = CARTESIAN_POINT ( 'NONE',  ( -1.758436036558160800, 12.59217719367232200, 3.491094139170644300 ) ) ;
#2619 = CARTESIAN_POINT ( 'NONE',  ( -1.629439068618068400, 12.59217719367232200, 3.289423250004904500 ) ) ;
#2620 = CARTESIAN_POINT ( 'NONE',  ( -1.556754842731536100, 12.59217719367235200, 3.195170506891237900 ) ) ;
#2621 = PLANE ( 'NONE',  #2623 ) ;
#2622 = CARTESIAN_POINT ( 'NONE',  ( -3.543299999999999900, 15.03679999999999800, 9.525000000000000400 ) ) ;
#2623 = AXIS2_PLACEMENT_3D ( 'NONE', #2622, #2639, #2638 ) ;
#2624 = CARTESIAN_POINT ( 'NONE',  ( 0.4752263478564385800, 14.80446312505496600, 6.803401802709533500 ) ) ;
#2625 = CARTESIAN_POINT ( 'NONE',  ( 0.5947090775536759700, 14.80446312505497500, 6.790307321527116400 ) ) ;
#2626 = CARTESIAN_POINT ( 'NONE',  ( 0.7117926125882380100, 14.80446312505497300, 6.767274448417111000 ) ) ;
#2627 = CARTESIAN_POINT ( 'NONE',  ( 0.9412669799868781400, 14.80446312505497500, 6.701769713329582600 ) ) ;
#2628 = CARTESIAN_POINT ( 'NONE',  ( 1.054366964424259900, 14.80446312505496700, 6.658819638482227400 ) ) ;
#2629 = CARTESIAN_POINT ( 'NONE',  ( 1.268591435896538900, 14.80446312505497100, 6.556145198315547000 ) ) ;
#2630 = CARTESIAN_POINT ( 'NONE',  ( 1.370518703191298000, 14.80446312505508800, 6.496327323857792100 ) ) ;
#2631 = CARTESIAN_POINT ( 'NONE',  ( 1.564119280148134900, 14.80446312505508600, 6.359919964525141200 ) ) ;
#2632 = CARTESIAN_POINT ( 'NONE',  ( 1.656478733084977100, 14.80446312505496400, 6.282457840251382200 ) ) ;
#2633 = CARTESIAN_POINT ( 'NONE',  ( 1.912623055665823500, 14.80446312505496000, 6.032362658128579200 ) ) ;
#2634 = CARTESIAN_POINT ( 'NONE',  ( 2.055669592508618100, 14.80446312505496200, 5.841867157296322300 ) ) ;
#2635 = CARTESIAN_POINT ( 'NONE',  ( 2.280992905206432800, 14.80446312505496600, 5.419035733711633700 ) ) ;
#2636 = CARTESIAN_POINT ( 'NONE',  ( 2.359076946962512800, 14.80446312505497100, 5.195412279853409900 ) ) ;
#2637 = CARTESIAN_POINT ( 'NONE',  ( 2.402559651156439500, 14.80446312505496700, 4.959572708455918500 ) ) ;
#2638 = DIRECTION ( 'NONE',  ( 0.0000000000000000000, -0.0000000000000000000, 1.000000000000000000 ) ) ;
#2639 = DIRECTION ( 'NONE',  ( 0.0000000000000000000, 1.000000000000000000, 0.0000000000000000000 ) ) ;
#2640 = B_SPLINE_CURVE_WITH_KNOTS ( 'NONE', 3,
 ( #2637, #2636, #2635, #2634, #2633, #2632, #2631, #2630, #2629, #2628, #2627, #2626, #2625, #2624 ),
 .UNSPECIFIED., .F., .F.,
 ( 4, 2, 2, 2, 2, 2, 4 ),
 ( 2.337689056934635400E-005, 0.0007339647354779809600, 0.001444552580386615700, 0.001799846502840934400, 0.002155140425295252800, 0.002510434347749571500, 0.002865728270203890200 ),
 .UNSPECIFIED. ) ;
#2641 = FACE_BOUND ( 'NONE', #235, .T. ) ;
#2642 = FACE_OUTER_BOUND ( 'NONE', #302, .T. ) ;
#2643 = CARTESIAN_POINT ( 'NONE',  ( 0.0000000000000000000, 14.80446312505496700, 7.173128658624781600 ) ) ;
#2644 = DIRECTION ( 'NONE',  ( -0.0000000000000000000, -0.8335438635028075100, -0.5524532809358749800 ) ) ;
#2645 = VECTOR ( 'NONE', #2644, 1000.000000000000100 ) ;
#2646 = CARTESIAN_POINT ( 'NONE',  ( 0.0000000000000000000, 11.16729633662218500, 4.762500000000002000 ) ) ;
#2647 = LINE ( 'NONE', #2646, #2645 ) ;
#2648 = DIRECTION ( 'NONE',  ( 0.0000000000000000000, 0.0000000000000000000, 1.000000000000000000 ) ) ;
#2649 = DIRECTION ( 'NONE',  ( -1.000000000000000000, 0.0000000000000000000, 0.0000000000000000000 ) ) ;
#2650 = CARTESIAN_POINT ( 'NONE',  ( 0.0000000000000000000, 14.70024999999999900, 7.016749999999999200 ) ) ;
#2651 = AXIS2_PLACEMENT_3D ( 'NONE', #2650, #2649, #2648 ) ;
#2652 = PLANE ( 'NONE',  #2651 ) ;
#2653 = CARTESIAN_POINT ( 'NONE',  ( 4.737099999999999000, 0.7620000000000005700, 3.022600000000000200 ) ) ;
#2654 = CARTESIAN_POINT ( 'NONE',  ( 4.737099999999999900, 1.790761651938294500, 3.022600000000000200 ) ) ;
#2655 = DIRECTION ( 'NONE',  ( 0.0000000000000000000, 1.000000000000000000, 0.0000000000000000000 ) ) ;
#2656 = VECTOR ( 'NONE', #2655, 1000.000000000000000 ) ;
#2657 = CARTESIAN_POINT ( 'NONE',  ( 4.737099999999999900, 0.0000000000000000000, 3.022600000000000200 ) ) ;
#2658 = DIRECTION ( 'NONE',  ( 0.0000000000000000000, 0.0000000000000000000, -1.000000000000000000 ) ) ;
#2659 = DIRECTION ( 'NONE',  ( 1.000000000000000000, 0.0000000000000000000, 0.0000000000000000000 ) ) ;
#2660 = CARTESIAN_POINT ( 'NONE',  ( 4.737099999999999900, 0.0000000000000000000, 9.525000000000000400 ) ) ;
#2661 = LINE ( 'NONE', #2657, #2656 ) ;
#2662 = AXIS2_PLACEMENT_3D ( 'NONE', #2660, #2659, #2658 ) ;
#2663 = PLANE ( 'NONE',  #2662 ) ;
#2664 = FACE_OUTER_BOUND ( 'NONE', #316, .T. ) ;
#2665 = DIRECTION ( 'NONE',  ( -0.0000000000000000000, -1.000000000000000000, 0.0000000000000000000 ) ) ;
#2666 = VECTOR ( 'NONE', #2665, 1000.000000000000000 ) ;
#2667 = CARTESIAN_POINT ( 'NONE',  ( 3.924300000000000600, 0.0000000000000000000, 1.498600000000001000 ) ) ;
#2668 = LINE ( 'NONE', #2667, #2666 ) ;
#2669 = CARTESIAN_POINT ( 'NONE',  ( 3.924300000000000600, 1.790761651938295200, 1.498600000000001000 ) ) ;
#2670 = DIRECTION ( 'NONE',  ( 1.000000000000000000, 0.0000000000000000000, 0.0000000000000000000 ) ) ;
#2671 = VECTOR ( 'NONE', #2670, 1000.000000000000000 ) ;
#2672 = CARTESIAN_POINT ( 'NONE',  ( -3.543299999999999900, 15.03679999999999800, 9.525000000000000400 ) ) ;
#2673 = LINE ( 'NONE', #2672, #2671 ) ;
#2674 = CARTESIAN_POINT ( 'NONE',  ( -3.543299999999999900, 15.03679999999999800, 9.525000000000000400 ) ) ;
#2675 = DIRECTION ( 'NONE',  ( -0.0000000000000000000, -0.0000000000000000000, -1.000000000000000000 ) ) ;
#2676 = VECTOR ( 'NONE', #2675, 1000.000000000000000 ) ;
#2677 = CARTESIAN_POINT ( 'NONE',  ( -3.543299999999999900, 15.03679999999999800, 9.525000000000000400 ) ) ;
#2678 = LINE ( 'NONE', #2677, #2676 ) ;
#2679 = CARTESIAN_POINT ( 'NONE',  ( 3.543299999999999900, 15.03679999999999900, 0.0000000000000000000 ) ) ;
#2680 = CARTESIAN_POINT ( 'NONE',  ( -3.543299999999999900, 15.03679999999999800, 0.0000000000000000000 ) ) ;
#2681 = DIRECTION ( 'NONE',  ( 1.000000000000000000, 0.0000000000000000000, 0.0000000000000000000 ) ) ;
#2682 = VECTOR ( 'NONE', #2681, 1000.000000000000000 ) ;
#2683 = CARTESIAN_POINT ( 'NONE',  ( -3.543299999999999900, 15.03679999999999800, 0.0000000000000000000 ) ) ;
#2684 = LINE ( 'NONE', #2683, #2682 ) ;
#2685 = PLANE ( 'NONE',  #2745 ) ;
#2686 = FACE_BOUND ( 'NONE', #327, .T. ) ;
#2687 = FACE_OUTER_BOUND ( 'NONE', #343, .T. ) ;
#2688 = CARTESIAN_POINT ( 'NONE',  ( 3.924300000000000600, 0.7620000000000005700, 3.022600000000000200 ) ) ;
#2689 = CARTESIAN_POINT ( 'NONE',  ( 3.924300000000000600, 0.7620000000000006800, 1.498600000000000600 ) ) ;
#2690 = DIRECTION ( 'NONE',  ( 0.0000000000000000000, 0.0000000000000000000, -1.000000000000000000 ) ) ;
#2691 = DIRECTION ( 'NONE',  ( -1.000000000000000000, 0.0000000000000000000, 0.0000000000000000000 ) ) ;
#2692 = CARTESIAN_POINT ( 'NONE',  ( 3.924300000000000600, 0.7620000000000004500, 2.260600000000000600 ) ) ;
#2693 = AXIS2_PLACEMENT_3D ( 'NONE', #2692, #2691, #2690 ) ;
#2694 = DIRECTION ( 'NONE',  ( -0.0000000000000000000, 0.0000000000000000000, -1.000000000000000000 ) ) ;
#2695 = DIRECTION ( 'NONE',  ( 1.000000000000000000, 0.0000000000000000000, -0.0000000000000000000 ) ) ;
#2696 = CARTESIAN_POINT ( 'NONE',  ( 3.924300000000000600, 0.0000000000000000000, 9.525000000000000400 ) ) ;
#2697 = CIRCLE ( 'NONE', #2693, 0.7619999999999999000 ) ;
#2698 = AXIS2_PLACEMENT_3D ( 'NONE', #2696, #2695, #2694 ) ;
#2699 = PLANE ( 'NONE',  #2698 ) ;
#2700 = FACE_OUTER_BOUND ( 'NONE', #332, .T. ) ;
#2701 = DIRECTION ( 'NONE',  ( 0.0000000000000000000, 0.0000000000000000000, -1.000000000000000000 ) ) ;
#2702 = DIRECTION ( 'NONE',  ( -0.0000000000000000000, -1.000000000000000000, -0.0000000000000000000 ) ) ;
#2703 = CARTESIAN_POINT ( 'NONE',  ( 0.0000000000000000000, 14.22399999999999700, 4.762500000000000200 ) ) ;
#2704 = AXIS2_PLACEMENT_3D ( 'NONE', #2703, #2702, #2701 ) ;
#2705 = CIRCLE ( 'NONE', #2704, 3.356884795321615700 ) ;
#2706 = DIRECTION ( 'NONE',  ( -0.0000000000000000000, -0.0000000000000000000, -1.000000000000000000 ) ) ;
#2707 = VECTOR ( 'NONE', #2706, 1000.000000000000000 ) ;
#2708 = CARTESIAN_POINT ( 'NONE',  ( -3.543299999999999900, 14.22399999999999700, 9.525000000000000400 ) ) ;
#2709 = LINE ( 'NONE', #2708, #2707 ) ;
#2710 = CARTESIAN_POINT ( 'NONE',  ( -3.543299999999999900, 14.22399999999999700, 9.525000000000000400 ) ) ;
#2711 = DIRECTION ( 'NONE',  ( 1.000000000000000000, 0.0000000000000000000, 0.0000000000000000000 ) ) ;
#2712 = VECTOR ( 'NONE', #2711, 1000.000000000000000 ) ;
#2713 = CARTESIAN_POINT ( 'NONE',  ( -3.543299999999999900, 14.22399999999999700, 9.525000000000000400 ) ) ;
#2714 = LINE ( 'NONE', #2713, #2712 ) ;
#2715 = CARTESIAN_POINT ( 'NONE',  ( -3.924300000000000600, 1.790761651938295000, 9.525000000000000400 ) ) ;
#2716 = LINE ( 'NONE', #2715, #2120 ) ;
#2717 = DIRECTION ( 'NONE',  ( 0.0000000000000000000, -0.0000000000000000000, 1.000000000000000000 ) ) ;
#2718 = DIRECTION ( 'NONE',  ( 0.0000000000000000000, 1.000000000000000000, 0.0000000000000000000 ) ) ;
#2719 = VECTOR ( 'NONE', #2718, 1000.000000000000000 ) ;
#2720 = CARTESIAN_POINT ( 'NONE',  ( -3.924300000000000600, 0.0000000000000000000, 1.498600000000001000 ) ) ;
#2721 = LINE ( 'NONE', #2720, #2719 ) ;
#2722 = DIRECTION ( 'NONE',  ( 0.0000000000000000000, -1.000000000000000000, 0.0000000000000000000 ) ) ;
#2723 = VECTOR ( 'NONE', #2722, 1000.000000000000000 ) ;
#2724 = CARTESIAN_POINT ( 'NONE',  ( -3.924300000000000600, 0.0000000000000000000, 3.022600000000000200 ) ) ;
#2725 = CARTESIAN_POINT ( 'NONE',  ( 0.1021795488294907600, 12.59217719367232200, 2.354037862123614200 ) ) ;
#2726 = CARTESIAN_POINT ( 'NONE',  ( 0.08975340545429692800, 12.59111975660266800, 2.352716888979656600 ) ) ;
#2727 = CARTESIAN_POINT ( 'NONE',  ( 0.07731604680438471100, 12.59006576722283700, 2.351494895819261600 ) ) ;
#2728 = CARTESIAN_POINT ( 'NONE',  ( 0.06486983057433468000, 12.58901540517203600, 2.350372120910408900 ) ) ;
#2729 = LINE ( 'NONE', #2724, #2723 ) ;
#2730 = B_SPLINE_CURVE_WITH_KNOTS ( 'NONE', 3,
 ( #2728, #2727, #2726, #2725 ),
 .UNSPECIFIED., .F., .F.,
 ( 4, 4 ),
 ( 2.124633001875687200E-016, 3.762246192712335600E-005 ),
 .UNSPECIFIED. ) ;
#2731 = CARTESIAN_POINT ( 'NONE',  ( 3.543299999999999900, 14.22399999999999800, 9.525000000000000400 ) ) ;
#2732 = DIRECTION ( 'NONE',  ( -0.0000000000000000000, -0.0000000000000000000, -1.000000000000000000 ) ) ;
#2733 = VECTOR ( 'NONE', #2732, 1000.000000000000000 ) ;
#2734 = CARTESIAN_POINT ( 'NONE',  ( 3.543299999999999900, 14.22399999999999800, 9.525000000000000400 ) ) ;
#2735 = LINE ( 'NONE', #2734, #2733 ) ;
#2736 = CARTESIAN_POINT ( 'NONE',  ( 3.543299999999999900, 14.22399999999999800, 0.0000000000000000000 ) ) ;
#2737 = CARTESIAN_POINT ( 'NONE',  ( -3.543299999999999900, 14.22399999999999700, 0.0000000000000000000 ) ) ;
#2738 = DIRECTION ( 'NONE',  ( 1.000000000000000000, 0.0000000000000000000, 0.0000000000000000000 ) ) ;
#2739 = VECTOR ( 'NONE', #2738, 1000.000000000000000 ) ;
#2740 = CARTESIAN_POINT ( 'NONE',  ( -3.543299999999999900, 14.22399999999999700, 0.0000000000000000000 ) ) ;
#2741 = LINE ( 'NONE', #2740, #2739 ) ;
#2742 = DIRECTION ( 'NONE',  ( 0.0000000000000000000, -0.0000000000000000000, 1.000000000000000000 ) ) ;
#2743 = DIRECTION ( 'NONE',  ( 0.0000000000000000000, 1.000000000000000000, 0.0000000000000000000 ) ) ;
#2744 = CARTESIAN_POINT ( 'NONE',  ( -3.543299999999999900, 14.22399999999999700, 9.525000000000000400 ) ) ;
#2745 = AXIS2_PLACEMENT_3D ( 'NONE', #2744, #2743, #2742 ) ;
#2746 = PLANE ( 'NONE',  #2807 ) ;
#2747 = FACE_OUTER_BOUND ( 'NONE', #33, .T. ) ;
#2748 = DIRECTION ( 'NONE',  ( -0.0000000000000000000, -0.0000000000000000000, -1.000000000000000000 ) ) ;
#2749 = VECTOR ( 'NONE', #2748, 1000.000000000000000 ) ;
#2750 = CARTESIAN_POINT ( 'NONE',  ( 4.737099999999999900, 13.84300000000000000, 9.525000000000000400 ) ) ;
#2751 = LINE ( 'NONE', #2750, #2749 ) ;
#2752 = DIRECTION ( 'NONE',  ( 0.0000000000000000000, -0.0000000000000000000, 1.000000000000000000 ) ) ;
#2753 = VECTOR ( 'NONE', #2752, 1000.000000000000000 ) ;
#2754 = CARTESIAN_POINT ( 'NONE',  ( 4.737099999999999900, 5.308599999999998400, 9.525000000000000400 ) ) ;
#2755 = LINE ( 'NONE', #2754, #2753 ) ;
#2756 = CARTESIAN_POINT ( 'NONE',  ( 4.737099999999999000, 5.308599999999999300, 1.498600000000000600 ) ) ;
#2757 = DIRECTION ( 'NONE',  ( 0.0000000000000000000, -1.000000000000000000, 0.0000000000000000000 ) ) ;
#2758 = VECTOR ( 'NONE', #2757, 1000.000000000000000 ) ;
#2759 = CARTESIAN_POINT ( 'NONE',  ( 4.737099999999999900, 13.84300000000000000, 1.498600000000001000 ) ) ;
#2760 = DIRECTION ( 'NONE',  ( -0.0000000000000000000, 0.0000000000000000000, -1.000000000000000000 ) ) ;
#2761 = DIRECTION ( 'NONE',  ( 1.000000000000000000, 0.0000000000000000000, -0.0000000000000000000 ) ) ;
#2762 = CARTESIAN_POINT ( 'NONE',  ( 4.737099999999999900, 13.84300000000000000, 9.525000000000000400 ) ) ;
#2763 = AXIS2_PLACEMENT_3D ( 'NONE', #2762, #2761, #2760 ) ;
#2764 = PLANE ( 'NONE',  #2763 ) ;
#2765 = LINE ( 'NONE', #2759, #2758 ) ;
#2766 = FACE_OUTER_BOUND ( 'NONE', #370, .T. ) ;
#2767 = DIRECTION ( 'NONE',  ( -0.0000000000000000000, -0.0000000000000000000, -1.000000000000000000 ) ) ;
#2768 = VECTOR ( 'NONE', #2767, 1000.000000000000000 ) ;
#2769 = CARTESIAN_POINT ( 'NONE',  ( 4.737099999999999900, 4.406838348061706200, 9.525000000000000400 ) ) ;
#2770 = LINE ( 'NONE', #2769, #2768 ) ;
#2771 = CARTESIAN_POINT ( 'NONE',  ( 4.737099999999999900, 4.406838348061706200, 6.502400000000000600 ) ) ;
#2772 = DIRECTION ( 'NONE',  ( 1.000000000000000000, 0.0000000000000000000, 0.0000000000000000000 ) ) ;
#2773 = DIRECTION ( 'NONE',  ( -0.0000000000000000000, -0.0000000000000000000, -1.000000000000000000 ) ) ;
#2774 = CARTESIAN_POINT ( 'NONE',  ( 3.771899999999998700, 3.098800000000000700, 6.502400000000000600 ) ) ;
#2775 = AXIS2_PLACEMENT_3D ( 'NONE', #2774, #2773, #2772 ) ;
#2776 = CIRCLE ( 'NONE', #2775, 1.625599999999999300 ) ;
#2777 = CARTESIAN_POINT ( 'NONE',  ( 4.737099999999999900, 1.790761651938294500, 6.502400000000000600 ) ) ;
#2778 = DIRECTION ( 'NONE',  ( 0.0000000000000000000, -1.000000000000000000, 0.0000000000000000000 ) ) ;
#2779 = VECTOR ( 'NONE', #2778, 1000.000000000000000 ) ;
#2780 = CARTESIAN_POINT ( 'NONE',  ( 4.737099999999999900, 0.0000000000000000000, 6.502400000000000600 ) ) ;
#2781 = LINE ( 'NONE', #2780, #2779 ) ;
#2782 = CARTESIAN_POINT ( 'NONE',  ( 4.737099999999999000, 0.7620000000000003400, 6.502400000000000600 ) ) ;
#2783 = CARTESIAN_POINT ( 'NONE',  ( -4.737099999999999900, 5.308599999999999300, 9.525000000000000400 ) ) ;
#2784 = DIRECTION ( 'NONE',  ( 1.000000000000000000, 0.0000000000000000000, -0.0000000000000000000 ) ) ;
#2785 = DIRECTION ( 'NONE',  ( 0.0000000000000000000, 0.0000000000000000000, 1.000000000000000000 ) ) ;
#2786 = CARTESIAN_POINT ( 'NONE',  ( 4.737099999999999900, 4.406838348061706200, 9.525000000000000400 ) ) ;
#2787 = AXIS2_PLACEMENT_3D ( 'NONE', #2786, #2785, #2784 ) ;
#2788 = PLANE ( 'NONE',  #2787 ) ;
#2789 = FACE_OUTER_BOUND ( 'NONE', #390, .T. ) ;
#2790 = DIRECTION ( 'NONE',  ( 0.0000000000000000000, -1.000000000000000000, 0.0000000000000000000 ) ) ;
#2791 = VECTOR ( 'NONE', #2790, 1000.000000000000000 ) ;
#2792 = CARTESIAN_POINT ( 'NONE',  ( 4.737099999999999900, 13.84300000000000000, 0.0000000000000000000 ) ) ;
#2793 = LINE ( 'NONE', #2792, #2791 ) ;
#2794 = DIRECTION ( 'NONE',  ( -0.0000000000000000000, -1.000000000000000000, 0.0000000000000000000 ) ) ;
#2795 = VECTOR ( 'NONE', #2794, 1000.000000000000000 ) ;
#2796 = CARTESIAN_POINT ( 'NONE',  ( 3.924300000000000600, 13.84300000000000000, 0.0000000000000000000 ) ) ;
#2797 = LINE ( 'NONE', #2796, #2795 ) ;
#2798 = CARTESIAN_POINT ( 'NONE',  ( 4.737099999999999000, 5.308599999999999300, 0.0000000000000000000 ) ) ;
#2799 = CARTESIAN_POINT ( 'NONE',  ( 3.924300000000000600, 5.308599999999999300, 0.0000000000000000000 ) ) ;
#2800 = DIRECTION ( 'NONE',  ( 1.000000000000000000, -0.0000000000000000000, -0.0000000000000000000 ) ) ;
#2801 = VECTOR ( 'NONE', #2800, 1000.000000000000000 ) ;
#2802 = CARTESIAN_POINT ( 'NONE',  ( -5.714999999999999900, 5.308599999999999300, 0.0000000000000000000 ) ) ;
#2803 = LINE ( 'NONE', #2802, #2801 ) ;
#2804 = DIRECTION ( 'NONE',  ( -1.000000000000000000, 0.0000000000000000000, 0.0000000000000000000 ) ) ;
#2805 = DIRECTION ( 'NONE',  ( -0.0000000000000000000, 0.0000000000000000000, -1.000000000000000000 ) ) ;
#2806 = CARTESIAN_POINT ( 'NONE',  ( -4.737099999999999900, 4.406838348061704400, 0.0000000000000000000 ) ) ;
#2807 = AXIS2_PLACEMENT_3D ( 'NONE', #2806, #2805, #2804 ) ;
#2808 = DIRECTION ( 'NONE',  ( -0.0000000000000000000, -0.0000000000000000000, -1.000000000000000000 ) ) ;
#2809 = VECTOR ( 'NONE', #2808, 1000.000000000000000 ) ;
#2810 = CARTESIAN_POINT ( 'NONE',  ( -4.737099999999999000, 13.84300000000000000, 9.525000000000000400 ) ) ;
#2811 = LINE ( 'NONE', #2810, #2809 ) ;
#2812 = CARTESIAN_POINT ( 'NONE',  ( -4.737099999999999900, 4.406838348061704400, 6.502400000000000600 ) ) ;
#2813 = DIRECTION ( 'NONE',  ( 0.0000000000000000000, 1.000000000000000000, -0.0000000000000000000 ) ) ;
#2814 = VECTOR ( 'NONE', #2813, 1000.000000000000000 ) ;
#2815 = CARTESIAN_POINT ( 'NONE',  ( -4.737099999999999900, 13.84300000000000000, 6.502400000000000600 ) ) ;
#2816 = LINE ( 'NONE', #2815, #2814 ) ;
#2817 = CARTESIAN_POINT ( 'NONE',  ( -4.737099999999999900, 5.308599999999999300, 1.498600000000000600 ) ) ;
#2818 = DIRECTION ( 'NONE',  ( 0.0000000000000000000, 1.000000000000000000, 0.0000000000000000000 ) ) ;
#2819 = VECTOR ( 'NONE', #2818, 1000.000000000000000 ) ;
#2820 = CARTESIAN_POINT ( 'NONE',  ( -4.737099999999999900, 13.84300000000000000, 1.498600000000001000 ) ) ;
#2821 = DIRECTION ( 'NONE',  ( 0.0000000000000000000, 0.0000000000000000000, 1.000000000000000000 ) ) ;
#2822 = DIRECTION ( 'NONE',  ( -1.000000000000000000, 0.0000000000000000000, 0.0000000000000000000 ) ) ;
#2823 = CARTESIAN_POINT ( 'NONE',  ( -4.737099999999999900, 13.84300000000000000, 9.525000000000000400 ) ) ;
#2824 = LINE ( 'NONE', #2820, #2819 ) ;
#2825 = AXIS2_PLACEMENT_3D ( 'NONE', #2823, #2822, #2821 ) ;
#2826 = PLANE ( 'NONE',  #2825 ) ;
#2827 = DIRECTION ( 'NONE',  ( -1.000000000000000000, 0.0000000000000000000, 0.0000000000000000000 ) ) ;
#2828 = DIRECTION ( 'NONE',  ( -0.0000000000000000000, -0.0000000000000000000, -1.000000000000000000 ) ) ;
#2829 = AXIS2_PLACEMENT_3D ( 'NONE', #2831, #2828, #2827 ) ;
#2830 = FACE_OUTER_BOUND ( 'NONE', #403, .T. ) ;
#2831 = CARTESIAN_POINT ( 'NONE',  ( 3.771899999999998700, 3.098800000000000700, 9.525000000000000400 ) ) ;
#2832 = CYLINDRICAL_SURFACE ( 'NONE', #2829, 1.625599999999999700 ) ;
#2833 = FACE_OUTER_BOUND ( 'NONE', #83, .T. ) ;
#2834 = DIRECTION ( 'NONE',  ( -0.0000000000000000000, -0.0000000000000000000, -1.000000000000000000 ) ) ;
#2835 = VECTOR ( 'NONE', #2834, 1000.000000000000000 ) ;
#2836 = CARTESIAN_POINT ( 'NONE',  ( 4.737099999999999900, 1.790761651938294300, 9.525000000000000400 ) ) ;
#2837 = LINE ( 'NONE', #2836, #2835 ) ;
#2838 = DIRECTION ( 'NONE',  ( 0.0000000000000000000, 0.0000000000000000000, 1.000000000000000000 ) ) ;
#2839 = DIRECTION ( 'NONE',  ( 1.000000000000000000, -0.0000000000000000000, -0.0000000000000000000 ) ) ;
#2840 = CARTESIAN_POINT ( 'NONE',  ( -4.737099999999999900, 0.7620000000000004500, 7.264400000000000200 ) ) ;
#2841 = AXIS2_PLACEMENT_3D ( 'NONE', #2840, #2839, #2838 ) ;
#2842 = CIRCLE ( 'NONE', #2841, 0.7619999999999996800 ) ;
#2843 = LINE ( 'NONE', #2891, #2890 ) ;
#2844 = CARTESIAN_POINT ( 'NONE',  ( -4.737099999999999900, 0.7620000000000003400, 6.502400000000000600 ) ) ;
#2845 = DIRECTION ( 'NONE',  ( 0.0000000000000000000, 1.000000000000000000, -0.0000000000000000000 ) ) ;
#2846 = VECTOR ( 'NONE', #2845, 1000.000000000000000 ) ;
#2847 = CARTESIAN_POINT ( 'NONE',  ( -4.737099999999999900, 0.0000000000000000000, 6.502400000000000600 ) ) ;
#2848 = LINE ( 'NONE', #2847, #2846 ) ;
#2849 = CARTESIAN_POINT ( 'NONE',  ( -4.737099999999999900, 0.7620000000000004500, 8.026399999999998900 ) ) ;
#2850 = DIRECTION ( 'NONE',  ( 0.0000000000000000000, -1.000000000000000000, 0.0000000000000000000 ) ) ;
#2851 = VECTOR ( 'NONE', #2850, 1000.000000000000000 ) ;
#2852 = CARTESIAN_POINT ( 'NONE',  ( -4.737099999999999900, 0.0000000000000000000, 8.026399999999998900 ) ) ;
#2853 = LINE ( 'NONE', #2852, #2851 ) ;
#2854 = DIRECTION ( 'NONE',  ( -1.000000000000000000, 0.0000000000000000000, 0.0000000000000000000 ) ) ;
#2855 = DIRECTION ( 'NONE',  ( -0.0000000000000000000, -0.0000000000000000000, -1.000000000000000000 ) ) ;
#2856 = AXIS2_PLACEMENT_3D ( 'NONE', #2857, #2855, #2854 ) ;
#2857 = CARTESIAN_POINT ( 'NONE',  ( -3.543299999999999900, 13.84300000000000000, 9.525000000000000400 ) ) ;
#2858 = CYLINDRICAL_SURFACE ( 'NONE', #2856, 1.193799999999999300 ) ;
#2859 = DIRECTION ( 'NONE',  ( -1.000000000000000000, 0.0000000000000000000, 0.0000000000000000000 ) ) ;
#2860 = DIRECTION ( 'NONE',  ( -0.0000000000000000000, -0.0000000000000000000, -1.000000000000000000 ) ) ;
#2861 = CARTESIAN_POINT ( 'NONE',  ( 3.543299999999999900, 13.84300000000000000, 9.525000000000000400 ) ) ;
#2862 = AXIS2_PLACEMENT_3D ( 'NONE', #2861, #2860, #2859 ) ;
#2863 = CYLINDRICAL_SURFACE ( 'NONE', #2862, 1.193799999999999300 ) ;
#2864 = FACE_OUTER_BOUND ( 'NONE', #423, .T. ) ;
#2865 = FACE_OUTER_BOUND ( 'NONE', #417, .T. ) ;
#2866 = DIRECTION ( 'NONE',  ( 0.0000000000000000000, 1.000000000000000000, 0.0000000000000000000 ) ) ;
#2867 = VECTOR ( 'NONE', #2866, 1000.000000000000000 ) ;
#2868 = CARTESIAN_POINT ( 'NONE',  ( 4.737099999999999900, 13.84300000000000000, 3.022600000000000200 ) ) ;
#2869 = LINE ( 'NONE', #2868, #2867 ) ;
#2870 = CARTESIAN_POINT ( 'NONE',  ( 0.0000000000000000000, 13.80489999999999800, 7.175499999999999500 ) ) ;
#2871 = CARTESIAN_POINT ( 'NONE',  ( 0.9994973260062797200, 13.75410000000000100, 7.175500000000000400 ) ) ;
#2872 = CARTESIAN_POINT ( 'NONE',  ( 1.706248663003139300, 13.70329999999999900, 6.468748663003138300 ) ) ;
#2873 = CARTESIAN_POINT ( 'NONE',  ( 2.412999999999998900, 13.65250000000000200, 5.761997326006279800 ) ) ;
#2874 = CARTESIAN_POINT ( 'NONE',  ( 2.412999999999999400, 13.60169999999999900, 4.762499999999999300 ) ) ;
#2875 = CARTESIAN_POINT ( 'NONE',  ( 2.412999999999998900, 13.55089999999999700, 3.763002673993720600 ) ) ;
#2876 = CARTESIAN_POINT ( 'NONE',  ( 1.706248663003138600, 13.50010000000000000, 3.056251336996861100 ) ) ;
#2877 = CARTESIAN_POINT ( 'NONE',  ( 0.9994973260062777200, 13.44929999999999700, 2.349500000000000800 ) ) ;
#2878 = CARTESIAN_POINT ( 'NONE',  ( -2.954975131773395600E-016, 13.39849999999999900, 2.349500000000000800 ) ) ;
#2879 =( BOUNDED_CURVE ( )  B_SPLINE_CURVE ( 2, ( #2878, #2877, #2876, #2875, #2874, #2873, #2872, #2871, #2870 ),
 .UNSPECIFIED., .F., .T. ) 
 B_SPLINE_CURVE_WITH_KNOTS ( ( 3, 2, 2, 2, 3 ),
 ( 0.5000000000000000000, 0.5416666666666666300, 0.5833333333333332600, 0.6250000000000000000, 0.6666666666666666300 ),
 .UNSPECIFIED. ) 
 CURVE ( )  GEOMETRIC_REPRESENTATION_ITEM ( )  RATIONAL_B_SPLINE_CURVE ( ( 1.000000000000000000, 0.9238795325112867400, 1.000000000000000000, 0.9238795325112867400, 1.000000000000000000, 0.9238795325112867400, 1.000000000000000000, 0.9238795325112867400, 1.000000000000000000 ) ) 
 REPRESENTATION_ITEM ( '' )  );
#2880 = DIRECTION ( 'NONE',  ( 0.0000000000000000000, -0.0000000000000000000, 1.000000000000000000 ) ) ;
#2881 = VECTOR ( 'NONE', #2880, 1000.000000000000000 ) ;
#2882 = CARTESIAN_POINT ( 'NONE',  ( 4.737099999999999900, 6.146800000000000700, 9.525000000000000400 ) ) ;
#2883 = LINE ( 'NONE', #2882, #2881 ) ;
#2884 = DIRECTION ( 'NONE',  ( 0.0000000000000000000, 1.000000000000000000, 0.0000000000000000000 ) ) ;
#2885 = VECTOR ( 'NONE', #2884, 1000.000000000000000 ) ;
#2886 = CARTESIAN_POINT ( 'NONE',  ( 4.737099999999999900, 13.84300000000000000, 8.026399999999998900 ) ) ;
#2887 = LINE ( 'NONE', #2886, #2885 ) ;
#2888 = CARTESIAN_POINT ( 'NONE',  ( 4.737099999999999000, 5.308599999999999300, 8.026399999999998900 ) ) ;
#2889 = DIRECTION ( 'NONE',  ( 0.0000000000000000000, 0.0000000000000000000, 1.000000000000000000 ) ) ;
#2890 = VECTOR ( 'NONE', #2889, 1000.000000000000000 ) ;
#2891 = CARTESIAN_POINT ( 'NONE',  ( 4.737099999999999900, 5.308599999999998400, 9.525000000000000400 ) ) ;
#2892 = LINE ( 'NONE', #2947, #2946 ) ;
#2893 = DIRECTION ( 'NONE',  ( -1.000000000000000000, 3.468166398206588600E-015, 0.0000000000000000000 ) ) ;
#2894 = DIRECTION ( 'NONE',  ( -0.0000000000000000000, -0.0000000000000000000, 1.000000000000000000 ) ) ;
#2895 = CARTESIAN_POINT ( 'NONE',  ( -3.771900000000000900, 3.098799999999999800, 8.026399999999998900 ) ) ;
#2896 = AXIS2_PLACEMENT_3D ( 'NONE', #2895, #2894, #2893 ) ;
#2897 = DIRECTION ( 'NONE',  ( 1.000000000000000000, 0.0000000000000000000, -0.0000000000000000000 ) ) ;
#2898 = DIRECTION ( 'NONE',  ( 0.0000000000000000000, 0.0000000000000000000, 1.000000000000000000 ) ) ;
#2899 = CIRCLE ( 'NONE', #2896, 1.625599999999997900 ) ;
#2900 = CARTESIAN_POINT ( 'NONE',  ( -5.714999999999999900, 6.146800000000000700, 6.502400000000000600 ) ) ;
#2901 = AXIS2_PLACEMENT_3D ( 'NONE', #2900, #2898, #2897 ) ;
#2902 = CARTESIAN_POINT ( 'NONE',  ( 2.400862559211439000, 14.80804101502285000, 5.004218786561359900 ) ) ;
#2903 = CARTESIAN_POINT ( 'NONE',  ( 2.412999999999999400, 14.80165823299760900, 4.883664122323500200 ) ) ;
#2904 = CARTESIAN_POINT ( 'NONE',  ( 2.412999999999999400, 14.79549999999999900, 4.762499999999999300 ) ) ;
#2905 = CARTESIAN_POINT ( 'NONE',  ( 2.412999999999998900, 14.74469999999999600, 3.763002673993720600 ) ) ;
#2906 = CARTESIAN_POINT ( 'NONE',  ( 1.706248663003138600, 14.69389999999999900, 3.056251336996861100 ) ) ;
#2907 = CARTESIAN_POINT ( 'NONE',  ( 0.9994973260062777200, 14.64309999999999900, 2.349500000000000800 ) ) ;
#2908 = CARTESIAN_POINT ( 'NONE',  ( -2.954975131773395600E-016, 14.59230000000000000, 2.349500000000000800 ) ) ;
#2909 =( BOUNDED_CURVE ( )  B_SPLINE_CURVE ( 2, ( #2908, #2907, #2906, #2905, #2904, #2903, #2902 ),
 .UNSPECIFIED., .F., .T. ) 
 B_SPLINE_CURVE_WITH_KNOTS ( ( 3, 2, 2, 3 ),
 ( 0.8333333333333332600, 0.8750000000000000000, 0.9166666666666666300, 0.9220798109497238000 ),
 .UNSPECIFIED. ) 
 CURVE ( )  GEOMETRIC_REPRESENTATION_ITEM ( )  RATIONAL_B_SPLINE_CURVE ( ( 1.000000000000000000, 0.9238795325112867400, 1.000000000000000000, 0.9238795325112867400, 1.000000000000000000, 0.9901107742381559700, 0.9827910751593480500 ) ) 
 REPRESENTATION_ITEM ( '' )  );
#2910 = PLANE ( 'NONE',  #2901 ) ;
#2911 = FACE_OUTER_BOUND ( 'NONE', #400, .T. ) ;
#2912 = DIRECTION ( 'NONE',  ( 1.000000000000000000, -0.0000000000000000000, -0.0000000000000000000 ) ) ;
#2913 = VECTOR ( 'NONE', #2912, 1000.000000000000000 ) ;
#2914 = CARTESIAN_POINT ( 'NONE',  ( -5.714999999999999900, 6.146800000000000700, 3.022600000000000200 ) ) ;
#2915 = LINE ( 'NONE', #2914, #2913 ) ;
#2916 = DIRECTION ( 'NONE',  ( -0.0000000000000000000, -0.0000000000000000000, -1.000000000000000000 ) ) ;
#2917 = AXIS2_PLACEMENT_3D ( 'NONE', #2918, #2916, #2978 ) ;
#2918 = CARTESIAN_POINT ( 'NONE',  ( -3.771900000000000900, 3.098799999999999800, 9.525000000000000400 ) ) ;
#2919 = CYLINDRICAL_SURFACE ( 'NONE', #2917, 1.625599999999997900 ) ;
#2920 = FACE_OUTER_BOUND ( 'NONE', #479, .T. ) ;
#2921 = DIRECTION ( 'NONE',  ( 0.0000000000000000000, 0.0000000000000000000, -1.000000000000000000 ) ) ;
#2922 = VECTOR ( 'NONE', #2921, 1000.000000000000000 ) ;
#2923 = CARTESIAN_POINT ( 'NONE',  ( -4.737099999999999900, 5.308599999999998400, 9.525000000000000400 ) ) ;
#2924 = LINE ( 'NONE', #2923, #2922 ) ;
#2925 = CARTESIAN_POINT ( 'NONE',  ( -4.737099999999999900, 6.146800000000000700, 6.502400000000000600 ) ) ;
#2926 = DIRECTION ( 'NONE',  ( 0.0000000000000000000, 0.0000000000000000000, -1.000000000000000000 ) ) ;
#2927 = VECTOR ( 'NONE', #2926, 1000.000000000000000 ) ;
#2928 = CARTESIAN_POINT ( 'NONE',  ( -4.737099999999999900, 6.146800000000000700, 9.525000000000000400 ) ) ;
#2929 = LINE ( 'NONE', #2928, #2927 ) ;
#2930 = CARTESIAN_POINT ( 'NONE',  ( -4.737099999999999900, 6.146800000000000700, 3.022600000000000200 ) ) ;
#2931 = DIRECTION ( 'NONE',  ( 0.0000000000000000000, -1.000000000000000000, 0.0000000000000000000 ) ) ;
#2932 = VECTOR ( 'NONE', #2931, 1000.000000000000000 ) ;
#2933 = CARTESIAN_POINT ( 'NONE',  ( -4.737099999999999900, 13.84300000000000000, 3.022600000000000200 ) ) ;
#2934 = LINE ( 'NONE', #2933, #2932 ) ;
#2935 = DIRECTION ( 'NONE',  ( 0.0000000000000000000, 0.0000000000000000000, -1.000000000000000000 ) ) ;
#2936 = VECTOR ( 'NONE', #2935, 1000.000000000000000 ) ;
#2937 = CARTESIAN_POINT ( 'NONE',  ( -4.737099999999999900, 5.308599999999998400, 9.525000000000000400 ) ) ;
#2938 = LINE ( 'NONE', #2937, #2936 ) ;
#2939 = CARTESIAN_POINT ( 'NONE',  ( -4.737099999999999900, 5.308599999999999300, 8.026399999999998900 ) ) ;
#2940 = DIRECTION ( 'NONE',  ( 0.0000000000000000000, -1.000000000000000000, 0.0000000000000000000 ) ) ;
#2941 = VECTOR ( 'NONE', #2940, 1000.000000000000000 ) ;
#2942 = CARTESIAN_POINT ( 'NONE',  ( -4.737099999999999900, 13.84300000000000000, 8.026399999999998900 ) ) ;
#2943 = LINE ( 'NONE', #2942, #2941 ) ;
#2944 = CARTESIAN_POINT ( 'NONE',  ( -4.737099999999999900, 4.406838348061704400, 8.026399999999998900 ) ) ;
#2945 = DIRECTION ( 'NONE',  ( -0.0000000000000000000, -0.0000000000000000000, -1.000000000000000000 ) ) ;
#2946 = VECTOR ( 'NONE', #2945, 1000.000000000000000 ) ;
#2947 = CARTESIAN_POINT ( 'NONE',  ( -4.737099999999999900, 4.406838348061704400, 9.525000000000000400 ) ) ;
#2948 = AXIS2_PLACEMENT_3D ( 'NONE', #2949, #2435, #2717 ) ;
#2949 = CARTESIAN_POINT ( 'NONE',  ( -5.714999999999999900, 5.308599999999999300, 1.498600000000000600 ) ) ;
#2950 = FACE_OUTER_BOUND ( 'NONE', #500, .T. ) ;
#2951 = DIRECTION ( 'NONE',  ( -1.000000000000000000, 0.0000000000000000000, 0.0000000000000000000 ) ) ;
#2952 = DIRECTION ( 'NONE',  ( -0.0000000000000000000, 0.0000000000000000000, -1.000000000000000000 ) ) ;
#2953 = CARTESIAN_POINT ( 'NONE',  ( -5.714999999999999900, 6.146800000000000700, 3.022600000000000200 ) ) ;
#2954 = PLANE ( 'NONE',  #2948 ) ;
#2955 = AXIS2_PLACEMENT_3D ( 'NONE', #2953, #2952, #2951 ) ;
#2956 = PLANE ( 'NONE',  #2955 ) ;
#2957 = FACE_OUTER_BOUND ( 'NONE', #490, .T. ) ;
#2958 = DIRECTION ( 'NONE',  ( 1.000000000000000000, -0.0000000000000000000, -0.0000000000000000000 ) ) ;
#2959 = VECTOR ( 'NONE', #2958, 1000.000000000000000 ) ;
#2960 = CARTESIAN_POINT ( 'NONE',  ( -5.714999999999999900, 0.7620000000000006800, 1.498600000000000600 ) ) ;
#2961 = LINE ( 'NONE', #2960, #2959 ) ;
#2962 = CARTESIAN_POINT ( 'NONE',  ( 0.0000000000000000000, 12.36980000000000000, 7.886700000000000300 ) ) ;
#2963 = DIRECTION ( 'NONE',  ( -0.0000000000000000000, -1.000000000000000000, -0.0000000000000000000 ) ) ;
#2964 = VECTOR ( 'NONE', #2963, 1000.000000000000000 ) ;
#2965 = CARTESIAN_POINT ( 'NONE',  ( 0.0000000000000000000, 14.80446312505496700, 2.197883921557407700 ) ) ;
#2966 = LINE ( 'NONE', #2965, #2964 ) ;
#2967 = DIRECTION ( 'NONE',  ( 0.0000000000000000000, 0.0000000000000000000, 1.000000000000000000 ) ) ;
#2968 = DIRECTION ( 'NONE',  ( -1.000000000000000000, 0.0000000000000000000, 0.0000000000000000000 ) ) ;
#2969 = CARTESIAN_POINT ( 'NONE',  ( -4.737099999999999900, 0.0000000000000000000, 9.525000000000000400 ) ) ;
#2970 = AXIS2_PLACEMENT_3D ( 'NONE', #2969, #2968, #2967 ) ;
#2971 = PLANE ( 'NONE',  #2970 ) ;
#2972 = FACE_OUTER_BOUND ( 'NONE', #457, .T. ) ;
#2973 = DIRECTION ( 'NONE',  ( 1.000000000000000000, 1.867474214418932100E-015, 0.0000000000000000000 ) ) ;
#2974 = DIRECTION ( 'NONE',  ( -0.0000000000000000000, -0.0000000000000000000, -1.000000000000000000 ) ) ;
#2975 = CARTESIAN_POINT ( 'NONE',  ( -3.771900000000000900, 3.098799999999999800, 6.502400000000000600 ) ) ;
#2976 = AXIS2_PLACEMENT_3D ( 'NONE', #2975, #2974, #2973 ) ;
#2977 = CIRCLE ( 'NONE', #2976, 1.625599999999997900 ) ;
#2978 = DIRECTION ( 'NONE',  ( -1.000000000000000000, 0.0000000000000000000, 0.0000000000000000000 ) ) ;
#2979 = CYLINDRICAL_SURFACE ( 'NONE', #3010, 2.412999999999999400 ) ;
#2980 = FACE_OUTER_BOUND ( 'NONE', #512, .T. ) ;
#2981 =( BOUNDED_CURVE ( )  B_SPLINE_CURVE ( 2, ( #3019, #3018, #3017, #3016, #3015, #3014, #3013, #3012, #3011 ),
 .UNSPECIFIED., .F., .T. ) 
 B_SPLINE_CURVE_WITH_KNOTS ( ( 3, 2, 2, 2, 3 ),
 ( 0.8333333333333332600, 0.8750000000000000000, 0.9166666666666666300, 0.9583333333333332600, 1.000000000000000000 ),
 .UNSPECIFIED. ) 
 CURVE ( )  GEOMETRIC_REPRESENTATION_ITEM ( )  RATIONAL_B_SPLINE_CURVE ( ( 1.000000000000000000, 0.9238795325112867400, 1.000000000000000000, 0.9238795325112867400, 1.000000000000000000, 0.9238795325112867400, 1.000000000000000000, 0.9238795325112867400, 1.000000000000000000 ) ) 
 REPRESENTATION_ITEM ( '' )  );
#2982 = CARTESIAN_POINT ( 'NONE',  ( 0.0000000000000000000, 12.99209999999999900, 7.175499999999999500 ) ) ;
#2983 = CARTESIAN_POINT ( 'NONE',  ( 0.9994973260062797200, 12.94130000000000000, 7.175500000000000400 ) ) ;
#2984 = CARTESIAN_POINT ( 'NONE',  ( 1.706248663003139300, 12.89049999999999900, 6.468748663003138300 ) ) ;
#2985 = CARTESIAN_POINT ( 'NONE',  ( 2.412999999999998900, 12.83969999999999900, 5.761997326006279800 ) ) ;
#2986 = CARTESIAN_POINT ( 'NONE',  ( 2.412999999999999400, 12.78889999999999800, 4.762499999999999300 ) ) ;
#2987 = CARTESIAN_POINT ( 'NONE',  ( 2.412999999999998900, 12.73809999999999900, 3.763002673993720600 ) ) ;
#2988 = CARTESIAN_POINT ( 'NONE',  ( 1.706248663003138600, 12.68729999999999900, 3.056251336996861100 ) ) ;
#2989 = CARTESIAN_POINT ( 'NONE',  ( 1.026223315711667100, 12.63842101550568300, 2.376225989705390300 ) ) ;
#2990 = CARTESIAN_POINT ( 'NONE',  ( 0.06486983057433468000, 12.58901540517203600, 2.350372120910408900 ) ) ;
#2991 =( BOUNDED_CURVE ( )  B_SPLINE_CURVE ( 2, ( #2990, #2989, #2988, #2987, #2986, #2985, #2984, #2983, #2982 ),
 .UNSPECIFIED., .F., .T. ) 
 B_SPLINE_CURVE_WITH_KNOTS ( ( 3, 2, 2, 2, 3 ),
 ( 0.1681265669352181900, 0.2083333333333333100, 0.2500000000000000000, 0.2916666666666666300, 0.3333333333333333100 ),
 .UNSPECIFIED. ) 
 CURVE ( )  GEOMETRIC_REPRESENTATION_ITEM ( )  RATIONAL_B_SPLINE_CURVE ( ( 0.9948527381628862200, 0.9265466114935837500, 1.000000000000000000, 0.9238795325112867400, 1.000000000000000000, 0.9238795325112867400, 1.000000000000000000, 0.9238795325112867400, 1.000000000000000000 ) ) 
 REPRESENTATION_ITEM ( '' )  );
#2992 = DIRECTION ( 'NONE',  ( 0.0000000000000000000, 0.0000000000000000000, 1.000000000000000000 ) ) ;
#2993 = DIRECTION ( 'NONE',  ( -0.0000000000000000000, 1.000000000000000000, -0.0000000000000000000 ) ) ;
#2994 = AXIS2_PLACEMENT_3D ( 'NONE', #2995, #2993, #2992 ) ;
#2995 = CARTESIAN_POINT ( 'NONE',  ( 5.832380380939271100E-016, 14.22399999999999700, 4.762500000000000200 ) ) ;
#2996 = CYLINDRICAL_SURFACE ( 'NONE', #2994, 2.412999999999999400 ) ;
#2997 = FACE_OUTER_BOUND ( 'NONE', #507, .T. ) ;
#2998 = CARTESIAN_POINT ( 'NONE',  ( 1.706248663003138600, 13.06829999999999700, 3.056251336996861100 ) ) ;
#2999 = CARTESIAN_POINT ( 'NONE',  ( 0.9994973260062777200, 13.01749999999999800, 2.349500000000000800 ) ) ;
#3000 = CARTESIAN_POINT ( 'NONE',  ( -2.954975131773395600E-016, 12.96669999999999800, 2.349500000000000800 ) ) ;
#3001 =( BOUNDED_CURVE ( )  B_SPLINE_CURVE ( 2, ( #3000, #2999, #2998, #3044, #3043, #3042, #3041, #3040, #3039 ),
 .UNSPECIFIED., .F., .T. ) 
 B_SPLINE_CURVE_WITH_KNOTS ( ( 3, 2, 2, 2, 3 ),
 ( 0.1666666666666666600, 0.2083333333333333100, 0.2500000000000000000, 0.2916666666666666300, 0.3333333333333333100 ),
 .UNSPECIFIED. ) 
 CURVE ( )  GEOMETRIC_REPRESENTATION_ITEM ( )  RATIONAL_B_SPLINE_CURVE ( ( 1.000000000000000000, 0.9238795325112867400, 1.000000000000000000, 0.9238795325112867400, 1.000000000000000000, 0.9238795325112867400, 1.000000000000000000, 0.9238795325112867400, 1.000000000000000000 ) ) 
 REPRESENTATION_ITEM ( '' )  );
#3002 = DIRECTION ( 'NONE',  ( 0.0000000000000000000, 0.0000000000000000000, -1.000000000000000000 ) ) ;
#3003 = DIRECTION ( 'NONE',  ( 0.0000000000000000000, 1.000000000000000000, 0.0000000000000000000 ) ) ;
#3004 = CARTESIAN_POINT ( 'NONE',  ( 0.0000000000000000000, 12.58901540517202700, 4.762500000000002000 ) ) ;
#3005 = AXIS2_PLACEMENT_3D ( 'NONE', #3004, #3003, #3002 ) ;
#3006 = DIRECTION ( 'NONE',  ( 0.0000000000000000000, 0.0000000000000000000, 1.000000000000000000 ) ) ;
#3007 = DIRECTION ( 'NONE',  ( -0.0000000000000000000, 1.000000000000000000, -0.0000000000000000000 ) ) ;
#3008 = CIRCLE ( 'NONE', #3005, 2.412999999999999800 ) ;
#3009 = CARTESIAN_POINT ( 'NONE',  ( 5.832380380939271100E-016, 14.22399999999999700, 4.762500000000000200 ) ) ;
#3010 = AXIS2_PLACEMENT_3D ( 'NONE', #3009, #3007, #3006 ) ;
#3011 = CARTESIAN_POINT ( 'NONE',  ( 0.0000000000000000000, 14.61769999999999900, 7.175499999999999500 ) ) ;
#3012 = CARTESIAN_POINT ( 'NONE',  ( 0.9994973260062797200, 14.56689999999999900, 7.175500000000000400 ) ) ;
#3013 = CARTESIAN_POINT ( 'NONE',  ( 1.706248663003139300, 14.51609999999999800, 6.468748663003138300 ) ) ;
#3014 = CARTESIAN_POINT ( 'NONE',  ( 2.412999999999998900, 14.46529999999999900, 5.761997326006279800 ) ) ;
#3015 = CARTESIAN_POINT ( 'NONE',  ( 2.412999999999999400, 14.41449999999999900, 4.762499999999999300 ) ) ;
#3016 = CARTESIAN_POINT ( 'NONE',  ( 2.412999999999998900, 14.36369999999999800, 3.763002673993720600 ) ) ;
#3017 = CARTESIAN_POINT ( 'NONE',  ( 1.706248663003138600, 14.31289999999999900, 3.056251336996861100 ) ) ;
#3018 = CARTESIAN_POINT ( 'NONE',  ( 0.9994973260062777200, 14.26210000000000200, 2.349500000000000800 ) ) ;
#3019 = CARTESIAN_POINT ( 'NONE',  ( -2.954975131773395600E-016, 14.21130000000000000, 2.349500000000000800 ) ) ;
#3020 = DIRECTION ( 'NONE',  ( 0.0000000000000000000, 0.0000000000000000000, 1.000000000000000000 ) ) ;
#3021 = DIRECTION ( 'NONE',  ( -0.0000000000000000000, 1.000000000000000000, -0.0000000000000000000 ) ) ;
#3022 = CARTESIAN_POINT ( 'NONE',  ( 5.832380380939271100E-016, 14.22399999999999700, 4.762500000000000200 ) ) ;
#3023 = AXIS2_PLACEMENT_3D ( 'NONE', #3022, #3021, #3020 ) ;
#3024 = CIRCLE ( 'NONE', #3074, 0.4282686664128282400 ) ;
#3025 = CARTESIAN_POINT ( 'NONE',  ( 8.864925395320186900E-016, 14.80804101502284600, 7.175499999999999500 ) ) ;
#3026 = CYLINDRICAL_SURFACE ( 'NONE', #3023, 2.412999999999999400 ) ;
#3027 = CARTESIAN_POINT ( 'NONE',  ( 0.0000000000000000000, 14.18589999999999800, 7.175499999999999500 ) ) ;
#3028 = CARTESIAN_POINT ( 'NONE',  ( 0.9994973260062797200, 14.13509999999999800, 7.175500000000000400 ) ) ;
#3029 = CARTESIAN_POINT ( 'NONE',  ( 1.706248663003139300, 14.08429999999999700, 6.468748663003138300 ) ) ;
#3030 = CARTESIAN_POINT ( 'NONE',  ( 2.412999999999998900, 14.03349999999999700, 5.761997326006279800 ) ) ;
#3031 = CARTESIAN_POINT ( 'NONE',  ( 2.412999999999999400, 13.98269999999999900, 4.762499999999999300 ) ) ;
#3032 = CARTESIAN_POINT ( 'NONE',  ( 2.412999999999998900, 13.93189999999999900, 3.763002673993720600 ) ) ;
#3033 = CARTESIAN_POINT ( 'NONE',  ( 1.706248663003138600, 13.88109999999999800, 3.056251336996861100 ) ) ;
#3034 = CARTESIAN_POINT ( 'NONE',  ( 0.9994973260062777200, 13.83029999999999900, 2.349500000000000800 ) ) ;
#3035 = CARTESIAN_POINT ( 'NONE',  ( -2.954975131773395600E-016, 13.77949999999999900, 2.349500000000000800 ) ) ;
#3036 =( BOUNDED_CURVE ( )  B_SPLINE_CURVE ( 2, ( #3035, #3034, #3033, #3032, #3031, #3030, #3029, #3028, #3027 ),
 .UNSPECIFIED., .F., .T. ) 
 B_SPLINE_CURVE_WITH_KNOTS ( ( 3, 2, 2, 2, 3 ),
 ( 0.5000000000000000000, 0.5416666666666666300, 0.5833333333333332600, 0.6250000000000000000, 0.6666666666666666300 ),
 .UNSPECIFIED. ) 
 CURVE ( )  GEOMETRIC_REPRESENTATION_ITEM ( )  RATIONAL_B_SPLINE_CURVE ( ( 1.000000000000000000, 0.9238795325112867400, 1.000000000000000000, 0.9238795325112867400, 1.000000000000000000, 0.9238795325112867400, 1.000000000000000000, 0.9238795325112867400, 1.000000000000000000 ) ) 
 REPRESENTATION_ITEM ( '' )  );
#3037 = CARTESIAN_POINT ( 'NONE',  ( 0.06486983057433468000, 12.58901540517203600, 2.350372120910408900 ) ) ;
#3038 = FACE_OUTER_BOUND ( 'NONE', #443, .T. ) ;
#3039 = CARTESIAN_POINT ( 'NONE',  ( 0.0000000000000000000, 13.37309999999999900, 7.175499999999999500 ) ) ;
#3040 = CARTESIAN_POINT ( 'NONE',  ( 0.9994973260062797200, 13.32229999999999800, 7.175500000000000400 ) ) ;
#3041 = CARTESIAN_POINT ( 'NONE',  ( 1.706248663003139300, 13.27149999999999800, 6.468748663003138300 ) ) ;
#3042 = CARTESIAN_POINT ( 'NONE',  ( 2.412999999999998900, 13.22069999999999900, 5.761997326006279800 ) ) ;
#3043 = CARTESIAN_POINT ( 'NONE',  ( 2.412999999999999400, 13.16989999999999800, 4.762499999999999300 ) ) ;
#3044 = CARTESIAN_POINT ( 'NONE',  ( 2.412999999999998900, 13.11909999999999800, 3.763002673993720600 ) ) ;
#3045 = DIRECTION ( 'NONE',  ( 0.0000000000000000000, 0.0000000000000000000, 1.000000000000000000 ) ) ;
#3046 = DIRECTION ( 'NONE',  ( -0.0000000000000000000, 1.000000000000000000, 1.538202699135283500E-016 ) ) ;
#3047 = CARTESIAN_POINT ( 'NONE',  ( 0.0000000000000000000, 13.84300000000000000, 4.762500000000000200 ) ) ;
#3048 = AXIS2_PLACEMENT_3D ( 'NONE', #3047, #3046, #3045 ) ;
#3049 = CIRCLE ( 'NONE', #3048, 3.124199999999999600 ) ;
#3050 = CARTESIAN_POINT ( 'NONE',  ( 0.0000000000000000000, 13.84300000000000000, 8.314968666412829300 ) ) ;
#3051 = CARTESIAN_POINT ( 'NONE',  ( 3.968388810006225900E-016, 13.84300000000000000, 1.638300000000000100 ) ) ;
#3052 = CARTESIAN_POINT ( 'NONE',  ( 0.0000000000000000000, 14.22399999999999700, 8.119384795321616700 ) ) ;
#3053 = DIRECTION ( 'NONE',  ( 0.0000000000000000000, 0.0000000000000000000, -1.000000000000000000 ) ) ;
#3054 = DIRECTION ( 'NONE',  ( -0.0000000000000000000, -1.000000000000000000, -0.0000000000000000000 ) ) ;
#3055 = CARTESIAN_POINT ( 'NONE',  ( 0.0000000000000000000, 14.22399999999999700, 4.762500000000000200 ) ) ;
#3056 = AXIS2_PLACEMENT_3D ( 'NONE', #3055, #3054, #3053 ) ;
#3057 = DIRECTION ( 'NONE',  ( 0.0000000000000000000, -1.538202699135283500E-016, 1.000000000000000000 ) ) ;
#3058 = DIRECTION ( 'NONE',  ( -0.0000000000000000000, 1.000000000000000000, 1.538202699135283500E-016 ) ) ;
#3059 = CARTESIAN_POINT ( 'NONE',  ( 0.0000000000000000000, 13.84300000000000000, 4.762500000000000200 ) ) ;
#3060 = AXIS2_PLACEMENT_3D ( 'NONE', #3059, #3058, #3057 ) ;
#3061 = TOROIDAL_SURFACE ( 'NONE', #3060, 3.552468666412828200, 0.4282686664128281800 ) ;
#3062 = CIRCLE ( 'NONE', #3056, 3.356884795321615700 ) ;
#3063 = FACE_OUTER_BOUND ( 'NONE', #529, .T. ) ;
#3064 = DIRECTION ( 'NONE',  ( -0.0000000000000000000, 1.000000000000000000, 1.538202699135283500E-016 ) ) ;
#3065 = VECTOR ( 'NONE', #3064, 1000.000000000000000 ) ;
#3066 = CARTESIAN_POINT ( 'NONE',  ( 0.0000000000000000000, 15.03679999999999900, 7.886700000000000300 ) ) ;
#3067 = LINE ( 'NONE', #3066, #3065 ) ;
#3068 = DIRECTION ( 'NONE',  ( -0.0000000000000000000, 1.000000000000000000, 1.538202699135283500E-016 ) ) ;
#3069 = VECTOR ( 'NONE', #3068, 1000.000000000000000 ) ;
#3070 = CARTESIAN_POINT ( 'NONE',  ( 3.825915170611870900E-016, 15.03679999999999900, 1.638300000000000100 ) ) ;
#3071 = DIRECTION ( 'NONE',  ( 1.224606353822376000E-016, 0.0000000000000000000, -1.000000000000000000 ) ) ;
#3072 = DIRECTION ( 'NONE',  ( 1.000000000000000000, -1.883692798827798600E-032, 1.224606353822377300E-016 ) ) ;
#3073 = CARTESIAN_POINT ( 'NONE',  ( 4.350375700644056700E-016, 13.84300000000000000, 1.210031333587172000 ) ) ;
#3074 = AXIS2_PLACEMENT_3D ( 'NONE', #3073, #3072, #3071 ) ;
#3075 = LINE ( 'NONE', #3070, #3069 ) ;
#3076 = CARTESIAN_POINT ( 'NONE',  ( 3.825915170611870900E-016, 12.36980000000000000, 1.638300000000000500 ) ) ;
#3077 = DIRECTION ( 'NONE',  ( 0.0000000000000000000, 0.0000000000000000000, 1.000000000000000000 ) ) ;
#3078 = DIRECTION ( 'NONE',  ( -0.0000000000000000000, 1.000000000000000000, 1.538202699135283500E-016 ) ) ;
#3079 = CARTESIAN_POINT ( 'NONE',  ( 0.0000000000000000000, 12.36980000000000000, 4.762500000000000200 ) ) ;
#3080 = AXIS2_PLACEMENT_3D ( 'NONE', #3079, #3078, #3077 ) ;
#3081 = DIRECTION ( 'NONE',  ( 0.0000000000000000000, 0.0000000000000000000, 1.000000000000000000 ) ) ;
#3082 = DIRECTION ( 'NONE',  ( -0.0000000000000000000, 1.000000000000000000, 1.538202699135283500E-016 ) ) ;
#3083 = CARTESIAN_POINT ( 'NONE',  ( 0.0000000000000000000, 15.03679999999999900, 4.762500000000000200 ) ) ;
#3084 = AXIS2_PLACEMENT_3D ( 'NONE', #3083, #3082, #3081 ) ;
#3085 = CIRCLE ( 'NONE', #3080, 3.124199999999999600 ) ;
#3086 = CYLINDRICAL_SURFACE ( 'NONE', #3084, 3.124199999999999600 ) ;
#3087 = FACE_OUTER_BOUND ( 'NONE', #485, .T. ) ;
#3088 = CARTESIAN_POINT ( 'NONE',  ( 3.140645144775828800E-016, 12.36980000000000000, 7.327116078442595700 ) ) ;
#3089 = CARTESIAN_POINT ( 'NONE',  ( 4.110862449400580800E-016, 14.22399999999999700, 1.405615204678384700 ) ) ;
#3090 = DIRECTION ( 'NONE',  ( 0.0000000000000000000, 0.0000000000000000000, 1.000000000000000000 ) ) ;
#3091 = DIRECTION ( 'NONE',  ( -0.0000000000000000000, 1.000000000000000000, 1.538202699135283500E-016 ) ) ;
#3092 = CARTESIAN_POINT ( 'NONE',  ( 0.0000000000000000000, 13.84300000000000000, 4.762500000000000200 ) ) ;
#3093 = AXIS2_PLACEMENT_3D ( 'NONE', #3092, #3091, #3090 ) ;
#3094 = CIRCLE ( 'NONE', #3093, 3.124199999999999600 ) ;
#3095 = DIRECTION ( 'NONE',  ( -1.000000000000000000, 0.0000000000000000000, 0.0000000000000000000 ) ) ;
#3096 = DIRECTION ( 'NONE',  ( -0.0000000000000000000, -0.0000000000000000000, -1.000000000000000000 ) ) ;
#3097 = AXIS2_PLACEMENT_3D ( 'NONE', #3099, #3096, #3095 ) ;
#3098 = CARTESIAN_POINT ( 'NONE',  ( 0.0000000000000000000, 13.84300000000000000, 7.886700000000000300 ) ) ;
#3099 = CARTESIAN_POINT ( 'NONE',  ( -3.771900000000000900, 3.098799999999999800, 9.525000000000000400 ) ) ;
#3100 = CYLINDRICAL_SURFACE ( 'NONE', #3097, 0.8127999999999980800 ) ;
#3101 = FACE_OUTER_BOUND ( 'NONE', #541, .T. ) ;
#3102 = DIRECTION ( 'NONE',  ( 0.0000000000000000000, 0.0000000000000000000, 1.000000000000000000 ) ) ;
#3103 = DIRECTION ( 'NONE',  ( -1.000000000000000000, -0.0000000000000000000, 0.0000000000000000000 ) ) ;
#3104 = AXIS2_PLACEMENT_3D ( 'NONE', #3050, #3103, #3102 ) ;
#3105 = CIRCLE ( 'NONE', #3104, 0.4282686664128284600 ) ;
#3106 = CARTESIAN_POINT ( 'NONE',  ( -4.737099999999999900, 1.790761651938294500, 6.502400000000000600 ) ) ;
#3107 = DIRECTION ( 'NONE',  ( 0.0000000000000000000, 0.0000000000000000000, 1.000000000000000000 ) ) ;
#3108 = VECTOR ( 'NONE', #3107, 1000.000000000000000 ) ;
#3109 = CARTESIAN_POINT ( 'NONE',  ( -4.254499999999999300, 3.752819174030851200, 9.525000000000000400 ) ) ;
#3110 = LINE ( 'NONE', #3109, #3108 ) ;
#3111 = CARTESIAN_POINT ( 'NONE',  ( -4.584699999999998900, 3.098799999999999800, 6.502400000000000600 ) ) ;
#3112 = DIRECTION ( 'NONE',  ( 0.0000000000000000000, 0.0000000000000000000, 1.000000000000000000 ) ) ;
#3113 = DIRECTION ( 'NONE',  ( 0.0000000000000000000, -1.000000000000000000, -1.538202699135283500E-016 ) ) ;
#3114 = CARTESIAN_POINT ( 'NONE',  ( 0.0000000000000000000, 12.36980000000000000, 4.762500000000002000 ) ) ;
#3115 = AXIS2_PLACEMENT_3D ( 'NONE', #3114, #3113, #3112 ) ;
#3116 = CIRCLE ( 'NONE', #3115, 2.564616078442594200 ) ;
#3117 = CARTESIAN_POINT ( 'NONE',  ( 0.0000000000000000000, 12.36980000000000000, 2.197883921557407700 ) ) ;
#3118 = DIRECTION ( 'NONE',  ( -0.0000000000000000000, -1.000000000000000000, -0.0000000000000000000 ) ) ;
#3119 = VECTOR ( 'NONE', #3118, 1000.000000000000000 ) ;
#3120 = CARTESIAN_POINT ( 'NONE',  ( 3.140645144775828800E-016, 14.80446312505496700, 7.327116078442595700 ) ) ;
#3121 = LINE ( 'NONE', #3120, #3119 ) ;
#3122 = DIRECTION ( 'NONE',  ( 0.0000000000000000000, 0.0000000000000000000, -1.000000000000000000 ) ) ;
#3123 = DIRECTION ( 'NONE',  ( -0.0000000000000000000, -1.000000000000000000, -0.0000000000000000000 ) ) ;
#3124 = CARTESIAN_POINT ( 'NONE',  ( 0.0000000000000000000, 14.80446312505496700, 4.762500000000002000 ) ) ;
#3125 = AXIS2_PLACEMENT_3D ( 'NONE', #3124, #3123, #3122 ) ;
#3126 = CARTESIAN_POINT ( 'NONE',  ( -0.5396624666987616100, 12.58901540517202900, 7.114378700536361700 ) ) ;
#3127 = CARTESIAN_POINT ( 'NONE',  ( -0.5657246553551483800, 12.59006600418831700, 7.107590039801453800 ) ) ;
#3128 = CARTESIAN_POINT ( 'NONE',  ( -0.5916761030547798000, 12.59112022562901400, 7.100361665114227200 ) ) ;
#3129 = CARTESIAN_POINT ( 'NONE',  ( -0.6174947918220185000, 12.59217719367232000, 7.092699715014958000 ) ) ;
#3130 = B_SPLINE_CURVE_WITH_KNOTS ( 'NONE', 3,
 ( #3129, #3128, #3127, #3126 ),
 .UNSPECIFIED., .F., .F.,
 ( 4, 4 ),
 ( 0.0000000000000000000, 8.085694870479690400E-005 ),
 .UNSPECIFIED. ) ;
#3131 = CYLINDRICAL_SURFACE ( 'NONE', #3125, 2.564616078442594200 ) ;
#3132 = FACE_OUTER_BOUND ( 'NONE', #555, .T. ) ;
#3133 = CARTESIAN_POINT ( 'NONE',  ( 0.0000000000000000000, 12.58901540517202700, 4.762500000000002000 ) ) ;
#3134 = AXIS2_PLACEMENT_3D ( 'NONE', #3133, #3196, #3195 ) ;
#3135 = CIRCLE ( 'NONE', #3134, 2.412999999999999800 ) ;
#3136 = CARTESIAN_POINT ( 'NONE',  ( -0.5396624666987616100, 12.58901540517202900, 7.114378700536361700 ) ) ;
#3137 = CARTESIAN_POINT ( 'NONE',  ( 0.0000000000000000000, 12.38686063391523200, 2.197883921557407700 ) ) ;
#3138 = DIRECTION ( 'NONE',  ( 0.0000000000000000000, 0.0000000000000000000, -1.000000000000000000 ) ) ;
#3139 = DIRECTION ( 'NONE',  ( -0.0000000000000000000, -1.000000000000000000, -0.0000000000000000000 ) ) ;
#3140 = CARTESIAN_POINT ( 'NONE',  ( 0.0000000000000000000, 12.38686063391523200, 4.762500000000002000 ) ) ;
#3141 = AXIS2_PLACEMENT_3D ( 'NONE', #3140, #3139, #3138 ) ;
#3142 = CIRCLE ( 'NONE', #3141, 2.564616078442594200 ) ;
#3143 = CARTESIAN_POINT ( 'NONE',  ( 3.140645144775828800E-016, 12.38686063391523200, 7.327116078442595700 ) ) ;
#3144 = DIRECTION ( 'NONE',  ( 7.347638122934196200E-017, -0.8000000000000041500, 0.5999999999999945400 ) ) ;
#3145 = VECTOR ( 'NONE', #3144, 1000.000000000000200 ) ;
#3146 = CARTESIAN_POINT ( 'NONE',  ( 2.952071172058218300E-016, 12.59217719367232200, 7.173128658624780700 ) ) ;
#3147 = LINE ( 'NONE', #3146, #3145 ) ;
#3148 = DIRECTION ( 'NONE',  ( 0.0000000000000000000, 0.0000000000000000000, -1.000000000000000000 ) ) ;
#3149 = DIRECTION ( 'NONE',  ( -0.0000000000000000000, -1.000000000000000000, -0.0000000000000000000 ) ) ;
#3150 = CARTESIAN_POINT ( 'NONE',  ( 0.0000000000000000000, 12.59217719367232200, 4.762500000000002000 ) ) ;
#3151 = AXIS2_PLACEMENT_3D ( 'NONE', #3150, #3149, #3148 ) ;
#3152 = CONICAL_SURFACE ( 'NONE', #3151, 2.410628658624778700, 0.6435011087932776000 ) ;
#3153 = FACE_OUTER_BOUND ( 'NONE', #575, .T. ) ;
#3154 = DIRECTION ( 'NONE',  ( 0.0000000000000000000, 0.8335438635028075100, 0.5524532809358749800 ) ) ;
#3155 = VECTOR ( 'NONE', #3154, 1000.000000000000100 ) ;
#3156 = CARTESIAN_POINT ( 'NONE',  ( 0.0000000000000000000, 15.03679999999999900, 7.327116078442597500 ) ) ;
#3157 = LINE ( 'NONE', #3156, #3155 ) ;
#3158 = CARTESIAN_POINT ( 'NONE',  ( 0.0000000000000000000, 15.03679999999999900, 7.327116078442597500 ) ) ;
#3159 = CARTESIAN_POINT ( 'NONE',  ( -4.584699999999998900, 3.098799999999999800, 1.498600000000001000 ) ) ;
#3160 = CARTESIAN_POINT ( 'NONE',  ( -4.584699999999998900, 3.098799999999999800, 3.022600000000000200 ) ) ;
#3161 = DIRECTION ( 'NONE',  ( 1.000000000000000000, 1.867474214418932100E-015, 0.0000000000000000000 ) ) ;
#3162 = DIRECTION ( 'NONE',  ( -0.0000000000000000000, -0.0000000000000000000, -1.000000000000000000 ) ) ;
#3163 = CARTESIAN_POINT ( 'NONE',  ( -3.771900000000000900, 3.098799999999999800, 6.502400000000000600 ) ) ;
#3164 = AXIS2_PLACEMENT_3D ( 'NONE', #3163, #3162, #3161 ) ;
#3165 = CIRCLE ( 'NONE', #3164, 1.625599999999997900 ) ;
#3166 = FACE_OUTER_BOUND ( 'NONE', #599, .T. ) ;
#3167 = CARTESIAN_POINT ( 'NONE',  ( 8.787355512712662800E-016, 14.80804101502285000, 2.349500000000002100 ) ) ;
#3168 = DIRECTION ( 'NONE',  ( 0.0000000000000000000, 0.0000000000000000000, 1.000000000000000000 ) ) ;
#3169 = DIRECTION ( 'NONE',  ( -0.0000000000000000000, -1.000000000000000000, -0.0000000000000000000 ) ) ;
#3170 = CARTESIAN_POINT ( 'NONE',  ( 0.0000000000000000000, 14.80804101502285000, 4.762500000000002000 ) ) ;
#3171 = AXIS2_PLACEMENT_3D ( 'NONE', #3170, #3169, #3168 ) ;
#3172 = CIRCLE ( 'NONE', #3171, 2.412999999999999400 ) ;
#3173 = DIRECTION ( 'NONE',  ( 0.0000000000000000000, 0.0000000000000000000, -1.000000000000000000 ) ) ;
#3174 = DIRECTION ( 'NONE',  ( -0.0000000000000000000, -1.000000000000000000, -0.0000000000000000000 ) ) ;
#3175 = CARTESIAN_POINT ( 'NONE',  ( 0.0000000000000000000, 12.59217719367232200, 4.762500000000002000 ) ) ;
#3176 = AXIS2_PLACEMENT_3D ( 'NONE', #3175, #3174, #3173 ) ;
#3177 = CIRCLE ( 'NONE', #3176, 2.410628658624778700 ) ;
#3178 = CARTESIAN_POINT ( 'NONE',  ( -0.6174947918220185000, 12.59217719367232000, 7.092699715014958000 ) ) ;
#3179 = CARTESIAN_POINT ( 'NONE',  ( 0.0000000000000000000, 12.59217719367232200, 2.351871341375223200 ) ) ;
#3180 = DIRECTION ( 'NONE',  ( 0.0000000000000000000, -0.8000000000000041500, -0.5999999999999945400 ) ) ;
#3181 = VECTOR ( 'NONE', #3180, 1000.000000000000200 ) ;
#3182 = CARTESIAN_POINT ( 'NONE',  ( 0.0000000000000000000, 12.59217719367232200, 2.351871341375223200 ) ) ;
#3183 = LINE ( 'NONE', #3182, #3181 ) ;
#3184 = CARTESIAN_POINT ( 'NONE',  ( 3.140645144775831200E-016, 15.03679999999999900, 2.197883921557406400 ) ) ;
#3185 = DIRECTION ( 'NONE',  ( 6.765377980240911300E-017, 0.8335438635028075100, -0.5524532809358749800 ) ) ;
#3186 = VECTOR ( 'NONE', #3185, 1000.000000000000100 ) ;
#3187 = CARTESIAN_POINT ( 'NONE',  ( 3.140645144775831200E-016, 15.03679999999999900, 2.197883921557406400 ) ) ;
#3188 = LINE ( 'NONE', #3187, #3186 ) ;
#3189 = DIRECTION ( 'NONE',  ( 0.0000000000000000000, 0.0000000000000000000, -1.000000000000000000 ) ) ;
#3190 = DIRECTION ( 'NONE',  ( -0.0000000000000000000, -1.000000000000000000, -0.0000000000000000000 ) ) ;
#3191 = CARTESIAN_POINT ( 'NONE',  ( 0.0000000000000000000, 15.03679999999999900, 4.762500000000002000 ) ) ;
#3192 = AXIS2_PLACEMENT_3D ( 'NONE', #3191, #3190, #3189 ) ;
#3193 = CIRCLE ( 'NONE', #3192, 2.564616078442596000 ) ;
#3194 = CARTESIAN_POINT ( 'NONE',  ( 5.832380380939276000E-016, 12.58901540517202700, 7.175500000000001300 ) ) ;
#3195 = DIRECTION ( 'NONE',  ( 6.217248937900876600E-015, 0.0000000000000000000, -1.000000000000000000 ) ) ;
#3196 = DIRECTION ( 'NONE',  ( 0.0000000000000000000, 1.000000000000000000, 0.0000000000000000000 ) ) ;
#3197 = CARTESIAN_POINT ( 'NONE',  ( -3.771900000000000900, 3.098799999999999800, 9.525000000000000400 ) ) ;
#3198 = CYLINDRICAL_SURFACE ( 'NONE', #3257, 1.625599999999997900 ) ;
#3199 = FACE_OUTER_BOUND ( 'NONE', #613, .T. ) ;
#3200 = DIRECTION ( 'NONE',  ( -1.000000000000000000, 0.0000000000000000000, 0.0000000000000000000 ) ) ;
#3201 = DIRECTION ( 'NONE',  ( 0.0000000000000000000, 0.0000000000000000000, 1.000000000000000000 ) ) ;
#3202 = CARTESIAN_POINT ( 'NONE',  ( -3.771900000000000900, 3.098799999999999800, 3.022600000000000200 ) ) ;
#3203 = AXIS2_PLACEMENT_3D ( 'NONE', #3202, #3201, #3200 ) ;
#3204 = DIRECTION ( 'NONE',  ( 0.0000000000000000000, 0.0000000000000000000, 1.000000000000000000 ) ) ;
#3205 = DIRECTION ( 'NONE',  ( -0.0000000000000000000, 1.000000000000000000, -0.0000000000000000000 ) ) ;
#3206 = AXIS2_PLACEMENT_3D ( 'NONE', #3208, #3205, #3204 ) ;
#3207 = CIRCLE ( 'NONE', #3203, 1.625599999999997900 ) ;
#3208 = CARTESIAN_POINT ( 'NONE',  ( 5.832380380939271100E-016, 14.22399999999999700, 4.762500000000000200 ) ) ;
#3209 = CYLINDRICAL_SURFACE ( 'NONE', #3206, 2.412999999999999400 ) ;
#3210 = FACE_OUTER_BOUND ( 'NONE', #610, .T. ) ;
#3211 = CARTESIAN_POINT ( 'NONE',  ( -4.737099999999999900, 1.790761651938294500, 1.498600000000001000 ) ) ;
#3212 = DIRECTION ( 'NONE',  ( 1.000000000000000000, 1.867474214418932100E-015, 0.0000000000000000000 ) ) ;
#3213 = DIRECTION ( 'NONE',  ( -0.0000000000000000000, 0.0000000000000000000, -1.000000000000000000 ) ) ;
#3214 = CARTESIAN_POINT ( 'NONE',  ( -3.771900000000000900, 3.098799999999999800, 1.498600000000001000 ) ) ;
#3215 = AXIS2_PLACEMENT_3D ( 'NONE', #3214, #3213, #3212 ) ;
#3216 = CIRCLE ( 'NONE', #3215, 1.625599999999997900 ) ;
#3217 = DIRECTION ( 'NONE',  ( 0.0000000000000000000, 0.0000000000000000000, 1.000000000000000000 ) ) ;
#3218 = VECTOR ( 'NONE', #3217, 1000.000000000000000 ) ;
#3219 = CARTESIAN_POINT ( 'NONE',  ( -4.254499999999999300, 3.752819174030851200, 9.525000000000000400 ) ) ;
#3220 = LINE ( 'NONE', #3219, #3218 ) ;
#3221 = DIRECTION ( 'NONE',  ( 0.0000000000000000000, 0.0000000000000000000, 1.000000000000000000 ) ) ;
#3222 = DIRECTION ( 'NONE',  ( 0.0000000000000000000, 1.000000000000000000, 0.0000000000000000000 ) ) ;
#3223 = CARTESIAN_POINT ( 'NONE',  ( 0.0000000000000000000, 15.03679999999999900, 4.762500000000002000 ) ) ;
#3224 = AXIS2_PLACEMENT_3D ( 'NONE', #3223, #3222, #3221 ) ;
#3225 = CONICAL_SURFACE ( 'NONE', #3224, 2.564616078442596000, 0.5853045706374927500 ) ;
#3226 = CARTESIAN_POINT ( 'NONE',  ( 0.0000000000000000000, 14.18589999999999800, 7.175499999999999500 ) ) ;
#3227 = CARTESIAN_POINT ( 'NONE',  ( -4.254499999999999300, 3.752819174030851600, 1.498600000000001000 ) ) ;
#3228 = DIRECTION ( 'NONE',  ( 1.000000000000000000, 0.0000000000000000000, 0.0000000000000000000 ) ) ;
#3229 = DIRECTION ( 'NONE',  ( -0.0000000000000000000, 0.0000000000000000000, -1.000000000000000000 ) ) ;
#3230 = CARTESIAN_POINT ( 'NONE',  ( -3.771900000000000900, 3.098799999999999800, 1.498600000000001000 ) ) ;
#3231 = AXIS2_PLACEMENT_3D ( 'NONE', #3230, #3229, #3228 ) ;
#3232 = CIRCLE ( 'NONE', #3231, 0.8127999999999980800 ) ;
#3233 = DIRECTION ( 'NONE',  ( -0.0000000000000000000, -0.0000000000000000000, -1.000000000000000000 ) ) ;
#3234 = VECTOR ( 'NONE', #3233, 1000.000000000000000 ) ;
#3235 = CARTESIAN_POINT ( 'NONE',  ( -4.584699999999998900, 3.098799999999999800, 9.525000000000000400 ) ) ;
#3236 = LINE ( 'NONE', #3235, #3234 ) ;
#3237 = DIRECTION ( 'NONE',  ( -1.000000000000000000, 0.0000000000000000000, 0.0000000000000000000 ) ) ;
#3238 = DIRECTION ( 'NONE',  ( -0.0000000000000000000, -0.0000000000000000000, -1.000000000000000000 ) ) ;
#3239 = AXIS2_PLACEMENT_3D ( 'NONE', #3240, #3238, #3237 ) ;
#3240 = CARTESIAN_POINT ( 'NONE',  ( -3.771900000000000900, 3.098799999999999800, 9.525000000000000400 ) ) ;
#3241 = CYLINDRICAL_SURFACE ( 'NONE', #3239, 0.8127999999999980800 ) ;
#3242 = FACE_OUTER_BOUND ( 'NONE', #568, .T. ) ;
#3243 = DIRECTION ( 'NONE',  ( -0.0000000000000000000, -0.0000000000000000000, -1.000000000000000000 ) ) ;
#3244 = VECTOR ( 'NONE', #3243, 1000.000000000000000 ) ;
#3245 = CARTESIAN_POINT ( 'NONE',  ( -4.737099999999999900, 1.790761651938294500, 9.525000000000000400 ) ) ;
#3246 = LINE ( 'NONE', #3245, #3244 ) ;
#3247 = CARTESIAN_POINT ( 'NONE',  ( -4.254499999999999300, 3.752819174030851600, 6.502400000000000600 ) ) ;
#3248 = CARTESIAN_POINT ( 'NONE',  ( -5.397499999999999100, 3.098799999999999800, 6.502400000000000600 ) ) ;
#3249 = CARTESIAN_POINT ( 'NONE',  ( -4.737099999999999900, 1.790761651938294500, 8.026399999999998900 ) ) ;
#3250 = CARTESIAN_POINT ( 'NONE',  ( -5.397499999999999100, 3.098799999999999800, 8.026399999999998900 ) ) ;
#3251 = DIRECTION ( 'NONE',  ( -0.0000000000000000000, -0.0000000000000000000, -1.000000000000000000 ) ) ;
#3252 = VECTOR ( 'NONE', #3251, 1000.000000000000000 ) ;
#3253 = CARTESIAN_POINT ( 'NONE',  ( -5.397499999999999100, 3.098799999999999800, 9.525000000000000400 ) ) ;
#3254 = LINE ( 'NONE', #3253, #3252 ) ;
#3255 = DIRECTION ( 'NONE',  ( -1.000000000000000000, 0.0000000000000000000, 0.0000000000000000000 ) ) ;
#3256 = DIRECTION ( 'NONE',  ( -0.0000000000000000000, -0.0000000000000000000, -1.000000000000000000 ) ) ;
#3257 = AXIS2_PLACEMENT_3D ( 'NONE', #3197, #3256, #3255 ) ;
#3258 = CIRCLE ( 'NONE', #3316, 0.8127999999999980800 ) ;
#3259 = CARTESIAN_POINT ( 'NONE',  ( -4.254499999999999300, 3.752819174030851600, 3.022600000000000200 ) ) ;
#3260 = DIRECTION ( 'NONE',  ( -1.000000000000000000, 0.0000000000000000000, 0.0000000000000000000 ) ) ;
#3261 = DIRECTION ( 'NONE',  ( 0.0000000000000000000, 0.0000000000000000000, 1.000000000000000000 ) ) ;
#3262 = CARTESIAN_POINT ( 'NONE',  ( -3.771900000000000900, 3.098799999999999800, 3.022600000000000200 ) ) ;
#3263 = AXIS2_PLACEMENT_3D ( 'NONE', #3262, #3261, #3260 ) ;
#3264 = CIRCLE ( 'NONE', #3263, 0.8127999999999980800 ) ;
#3265 = DIRECTION ( 'NONE',  ( -0.0000000000000000000, -0.0000000000000000000, -1.000000000000000000 ) ) ;
#3266 = VECTOR ( 'NONE', #3265, 1000.000000000000000 ) ;
#3267 = CARTESIAN_POINT ( 'NONE',  ( -4.584699999999998900, 3.098799999999999800, 9.525000000000000400 ) ) ;
#3268 = LINE ( 'NONE', #3267, #3266 ) ;
#3269 = DIRECTION ( 'NONE',  ( -1.000000000000000000, 0.0000000000000000000, 0.0000000000000000000 ) ) ;
#3270 = DIRECTION ( 'NONE',  ( -0.0000000000000000000, -0.0000000000000000000, 1.000000000000000000 ) ) ;
#3271 = CARTESIAN_POINT ( 'NONE',  ( -3.771900000000000900, 3.098799999999999800, 8.026399999999998900 ) ) ;
#3272 = AXIS2_PLACEMENT_3D ( 'NONE', #3271, #3270, #3269 ) ;
#3273 = DIRECTION ( 'NONE',  ( -1.000000000000000000, 0.0000000000000000000, 0.0000000000000000000 ) ) ;
#3274 = DIRECTION ( 'NONE',  ( -0.0000000000000000000, -0.0000000000000000000, -1.000000000000000000 ) ) ;
#3275 = CARTESIAN_POINT ( 'NONE',  ( -3.771900000000000900, 3.098799999999999800, 9.525000000000000400 ) ) ;
#3276 = AXIS2_PLACEMENT_3D ( 'NONE', #3275, #3274, #3273 ) ;
#3277 = CYLINDRICAL_SURFACE ( 'NONE', #3276, 1.625599999999997900 ) ;
#3278 = CIRCLE ( 'NONE', #3272, 0.8127999999999980800 ) ;
#3279 = FACE_OUTER_BOUND ( 'NONE', #641, .T. ) ;
#3280 = DIRECTION ( 'NONE',  ( -0.0000000000000000000, -0.0000000000000000000, -1.000000000000000000 ) ) ;
#3281 = VECTOR ( 'NONE', #3280, 1000.000000000000000 ) ;
#3282 = CARTESIAN_POINT ( 'NONE',  ( -5.397499999999999100, 3.098799999999999800, 9.525000000000000400 ) ) ;
#3283 = LINE ( 'NONE', #3282, #3281 ) ;
#3284 = DIRECTION ( 'NONE',  ( -1.000000000000000000, 0.0000000000000000000, 0.0000000000000000000 ) ) ;
#3285 = DIRECTION ( 'NONE',  ( -0.0000000000000000000, -0.0000000000000000000, 1.000000000000000000 ) ) ;
#3286 = CARTESIAN_POINT ( 'NONE',  ( -3.771900000000000900, 3.098799999999999800, 8.026399999999998900 ) ) ;
#3287 = AXIS2_PLACEMENT_3D ( 'NONE', #3286, #3285, #3284 ) ;
#3288 = CIRCLE ( 'NONE', #3287, 1.625599999999997900 ) ;
#3289 = CARTESIAN_POINT ( 'NONE',  ( 8.787355512712666700E-016, 14.22399999999999700, 2.349500000000000400 ) ) ;
#3290 = LINE ( 'NONE', #3289, #3337 ) ;
#3291 = CARTESIAN_POINT ( 'NONE',  ( 0.0000000000000000000, 13.37309999999999900, 7.175499999999999500 ) ) ;
#3292 = CARTESIAN_POINT ( 'NONE',  ( -2.954975131773395600E-016, 13.77949999999999900, 2.349500000000000800 ) ) ;
#3293 = CARTESIAN_POINT ( 'NONE',  ( -2.954975131773395600E-016, 14.21130000000000000, 2.349500000000000800 ) ) ;
#3294 = CARTESIAN_POINT ( 'NONE',  ( -0.9994973260062783900, 14.16050000000000100, 2.349500000000000800 ) ) ;
#3295 = CARTESIAN_POINT ( 'NONE',  ( -1.706248663003138800, 14.10970000000000000, 3.056251336996861600 ) ) ;
#3296 = CARTESIAN_POINT ( 'NONE',  ( -2.412999999999998900, 14.05890000000000100, 3.763002673993722300 ) ) ;
#3297 = CARTESIAN_POINT ( 'NONE',  ( -2.412999999999999400, 14.00809999999999900, 4.762500000000000200 ) ) ;
#3298 = CARTESIAN_POINT ( 'NONE',  ( -2.412999999999998900, 13.95730000000000000, 5.761997326006279800 ) ) ;
#3299 = CARTESIAN_POINT ( 'NONE',  ( -1.706248663003138600, 13.90649999999999900, 6.468748663003139200 ) ) ;
#3300 = CARTESIAN_POINT ( 'NONE',  ( -0.9994973260062779400, 13.85570000000000100, 7.175500000000000400 ) ) ;
#3301 = CARTESIAN_POINT ( 'NONE',  ( 0.0000000000000000000, 13.80489999999999800, 7.175499999999999500 ) ) ;
#3302 = CARTESIAN_POINT ( 'NONE',  ( -2.954975131773395600E-016, 14.21130000000000000, 2.349500000000000800 ) ) ;
#3303 = CARTESIAN_POINT ( 'NONE',  ( 0.0000000000000000000, 13.80489999999999800, 7.175499999999999500 ) ) ;
#3304 =( BOUNDED_CURVE ( )  B_SPLINE_CURVE ( 2, ( #3301, #3300, #3299, #3298, #3297, #3296, #3295, #3294, #3293 ),
 .UNSPECIFIED., .F., .T. ) 
 B_SPLINE_CURVE_WITH_KNOTS ( ( 3, 2, 2, 2, 3 ),
 ( 0.6666666666666666300, 0.7083333333333332600, 0.7500000000000000000, 0.7916666666666666300, 0.8333333333333332600 ),
 .UNSPECIFIED. ) 
 CURVE ( )  GEOMETRIC_REPRESENTATION_ITEM ( )  RATIONAL_B_SPLINE_CURVE ( ( 1.000000000000000000, 0.9238795325112867400, 1.000000000000000000, 0.9238795325112867400, 1.000000000000000000, 0.9238795325112867400, 1.000000000000000000, 0.9238795325112867400, 1.000000000000000000 ) ) 
 REPRESENTATION_ITEM ( '' )  );
#3305 = DIRECTION ( 'NONE',  ( 0.0000000000000000000, 0.0000000000000000000, 1.000000000000000000 ) ) ;
#3306 = DIRECTION ( 'NONE',  ( -0.0000000000000000000, 1.000000000000000000, -0.0000000000000000000 ) ) ;
#3307 = CARTESIAN_POINT ( 'NONE',  ( 5.832380380939271100E-016, 14.22399999999999700, 4.762500000000000200 ) ) ;
#3308 = AXIS2_PLACEMENT_3D ( 'NONE', #3307, #3306, #3305 ) ;
#3309 = CYLINDRICAL_SURFACE ( 'NONE', #3308, 2.412999999999999400 ) ;
#3310 = FACE_OUTER_BOUND ( 'NONE', #645, .T. ) ;
#3311 = CARTESIAN_POINT ( 'NONE',  ( -4.584699999999998900, 3.098799999999999800, 8.026399999999998900 ) ) ;
#3312 = CARTESIAN_POINT ( 'NONE',  ( -4.254499999999999300, 3.752819174030851600, 8.026399999999998900 ) ) ;
#3313 = DIRECTION ( 'NONE',  ( 1.000000000000000000, 0.0000000000000000000, 0.0000000000000000000 ) ) ;
#3314 = DIRECTION ( 'NONE',  ( -0.0000000000000000000, -0.0000000000000000000, -1.000000000000000000 ) ) ;
#3315 = CARTESIAN_POINT ( 'NONE',  ( -3.771900000000000900, 3.098799999999999800, 6.502400000000000600 ) ) ;
#3316 = AXIS2_PLACEMENT_3D ( 'NONE', #3315, #3314, #3313 ) ;
#3317 = CARTESIAN_POINT ( 'NONE',  ( -2.954975131773395600E-016, 12.96669999999999800, 2.349500000000000800 ) ) ;
#3318 =( BOUNDED_CURVE ( )  B_SPLINE_CURVE ( 2, ( #3360, #3359, #3358, #3357, #3356, #3355, #3354, #3353, #3352 ),
 .UNSPECIFIED., .F., .T. ) 
 B_SPLINE_CURVE_WITH_KNOTS ( ( 3, 2, 2, 2, 3 ),
 ( 0.3333333333333333100, 0.3750000000000000000, 0.4166666666666666300, 0.4583333333333333100, 0.5000000000000000000 ),
 .UNSPECIFIED. ) 
 CURVE ( )  GEOMETRIC_REPRESENTATION_ITEM ( )  RATIONAL_B_SPLINE_CURVE ( ( 1.000000000000000000, 0.9238795325112867400, 1.000000000000000000, 0.9238795325112867400, 1.000000000000000000, 0.9238795325112867400, 1.000000000000000000, 0.9238795325112867400, 1.000000000000000000 ) ) 
 REPRESENTATION_ITEM ( '' )  );
#3319 = DIRECTION ( 'NONE',  ( 0.0000000000000000000, 0.0000000000000000000, 1.000000000000000000 ) ) ;
#3320 = DIRECTION ( 'NONE',  ( -0.0000000000000000000, 1.000000000000000000, -0.0000000000000000000 ) ) ;
#3321 = AXIS2_PLACEMENT_3D ( 'NONE', #3322, #3320, #3319 ) ;
#3322 = CARTESIAN_POINT ( 'NONE',  ( 5.832380380939271100E-016, 14.22399999999999700, 4.762500000000000200 ) ) ;
#3323 = CYLINDRICAL_SURFACE ( 'NONE', #3321, 2.412999999999999400 ) ;
#3324 = FACE_OUTER_BOUND ( 'NONE', #655, .T. ) ;
#3325 = CARTESIAN_POINT ( 'NONE',  ( -2.954975131773395600E-016, 12.96669999999999800, 2.349500000000000800 ) ) ;
#3326 = CARTESIAN_POINT ( 'NONE',  ( -0.9994973260062783900, 12.91589999999999700, 2.349500000000000800 ) ) ;
#3327 = CARTESIAN_POINT ( 'NONE',  ( -1.706248663003138800, 12.86509999999999800, 3.056251336996861600 ) ) ;
#3328 = CARTESIAN_POINT ( 'NONE',  ( -2.412999999999998900, 12.81430000000000100, 3.763002673993722300 ) ) ;
#3329 = CARTESIAN_POINT ( 'NONE',  ( -2.412999999999999400, 12.76349999999999900, 4.762500000000000200 ) ) ;
#3330 = CARTESIAN_POINT ( 'NONE',  ( -2.412999999999998900, 12.71270000000000000, 5.761997326006279800 ) ) ;
#3331 = CARTESIAN_POINT ( 'NONE',  ( -1.706248663003138600, 12.66189999999999900, 6.468748663003139200 ) ) ;
#3332 = CARTESIAN_POINT ( 'NONE',  ( -1.215754905807169700, 12.62664420130362300, 6.959242420199108100 ) ) ;
#3333 = CARTESIAN_POINT ( 'NONE',  ( -0.5396624666987616100, 12.58901540517202900, 7.114378700536361700 ) ) ;
#3334 = CARTESIAN_POINT ( 'NONE',  ( 0.0000000000000000000, 12.99209999999999900, 7.175499999999999500 ) ) ;
#3335 =( BOUNDED_CURVE ( )  B_SPLINE_CURVE ( 2, ( #3333, #3332, #3331, #3330, #3329, #3328, #3327, #3326, #3325 ),
 .UNSPECIFIED., .F., .T. ) 
 B_SPLINE_CURVE_WITH_KNOTS ( ( 3, 2, 2, 2, 3 ),
 ( 0.01205990936036227500, 0.04166666666666665700, 0.08333333333333332900, 0.1249999999999999900, 0.1666666666666666600 ),
 .UNSPECIFIED. ) 
 CURVE ( )  GEOMETRIC_REPRESENTATION_ITEM ( )  RATIONAL_B_SPLINE_CURVE ( ( 0.9686895857650079700, 0.9459116750324615400, 1.000000000000000000, 0.9238795325112867400, 1.000000000000000000, 0.9238795325112867400, 1.000000000000000000, 0.9238795325112867400, 1.000000000000000000 ) ) 
 REPRESENTATION_ITEM ( '' )  );
#3336 = DIRECTION ( 'NONE',  ( -0.0000000000000000000, 1.000000000000000000, -0.0000000000000000000 ) ) ;
#3337 = VECTOR ( 'NONE', #3336, 1000.000000000000000 ) ;
#3338 = VECTOR ( 'NONE', #3385, 1000.000000000000000 ) ;
#3339 = CARTESIAN_POINT ( 'NONE',  ( 5.832380380939271100E-016, 14.22399999999999700, 7.175499999999999500 ) ) ;
#3340 = LINE ( 'NONE', #3339, #3338 ) ;
#3341 = CARTESIAN_POINT ( 'NONE',  ( -2.954975131773395600E-016, 13.39849999999999900, 2.349500000000000800 ) ) ;
#3342 = CARTESIAN_POINT ( 'NONE',  ( -0.9994973260062783900, 13.34770000000000100, 2.349500000000000800 ) ) ;
#3343 = CARTESIAN_POINT ( 'NONE',  ( -1.706248663003138800, 13.29689999999999900, 3.056251336996861600 ) ) ;
#3344 = CARTESIAN_POINT ( 'NONE',  ( -2.412999999999998900, 13.24609999999999800, 3.763002673993722300 ) ) ;
#3345 = CARTESIAN_POINT ( 'NONE',  ( -2.412999999999999400, 13.19529999999999800, 4.762500000000000200 ) ) ;
#3346 = CARTESIAN_POINT ( 'NONE',  ( -2.412999999999998900, 13.14449999999999700, 5.761997326006279800 ) ) ;
#3347 = CARTESIAN_POINT ( 'NONE',  ( -1.706248663003138600, 13.09369999999999800, 6.468748663003139200 ) ) ;
#3348 = CARTESIAN_POINT ( 'NONE',  ( -0.9994973260062779400, 13.04289999999999900, 7.175500000000000400 ) ) ;
#3349 = CARTESIAN_POINT ( 'NONE',  ( 0.0000000000000000000, 12.99209999999999900, 7.175499999999999500 ) ) ;
#3350 =( BOUNDED_CURVE ( )  B_SPLINE_CURVE ( 2, ( #3349, #3348, #3347, #3346, #3345, #3344, #3343, #3342, #3341 ),
 .UNSPECIFIED., .F., .T. ) 
 B_SPLINE_CURVE_WITH_KNOTS ( ( 3, 2, 2, 2, 3 ),
 ( 0.3333333333333333100, 0.3750000000000000000, 0.4166666666666666300, 0.4583333333333333100, 0.5000000000000000000 ),
 .UNSPECIFIED. ) 
 CURVE ( )  GEOMETRIC_REPRESENTATION_ITEM ( )  RATIONAL_B_SPLINE_CURVE ( ( 1.000000000000000000, 0.9238795325112867400, 1.000000000000000000, 0.9238795325112867400, 1.000000000000000000, 0.9238795325112867400, 1.000000000000000000, 0.9238795325112867400, 1.000000000000000000 ) ) 
 REPRESENTATION_ITEM ( '' )  );
#3351 = CARTESIAN_POINT ( 'NONE',  ( -2.954975131773395600E-016, 13.39849999999999900, 2.349500000000000800 ) ) ;
#3352 = CARTESIAN_POINT ( 'NONE',  ( -2.954975131773395600E-016, 13.77949999999999900, 2.349500000000000800 ) ) ;
#3353 = CARTESIAN_POINT ( 'NONE',  ( -0.9994973260062783900, 13.72869999999999800, 2.349500000000000800 ) ) ;
#3354 = CARTESIAN_POINT ( 'NONE',  ( -1.706248663003138800, 13.67789999999999800, 3.056251336996861600 ) ) ;
#3355 = CARTESIAN_POINT ( 'NONE',  ( -2.412999999999998900, 13.62709999999999900, 3.763002673993722300 ) ) ;
#3356 = CARTESIAN_POINT ( 'NONE',  ( -2.412999999999999400, 13.57629999999999800, 4.762500000000000200 ) ) ;
#3357 = CARTESIAN_POINT ( 'NONE',  ( -2.412999999999998900, 13.52549999999999700, 5.761997326006279800 ) ) ;
#3358 = CARTESIAN_POINT ( 'NONE',  ( -1.706248663003138600, 13.47469999999999700, 6.468748663003139200 ) ) ;
#3359 = CARTESIAN_POINT ( 'NONE',  ( -0.9994973260062779400, 13.42390000000000000, 7.175500000000000400 ) ) ;
#3360 = CARTESIAN_POINT ( 'NONE',  ( 0.0000000000000000000, 13.37309999999999900, 7.175499999999999500 ) ) ;
#3361 = CARTESIAN_POINT ( 'NONE',  ( -0.9994973260062779400, 14.23669999999999700, 7.175500000000000400 ) ) ;
#3362 = CARTESIAN_POINT ( 'NONE',  ( 0.0000000000000000000, 14.18589999999999800, 7.175499999999999500 ) ) ;
#3363 = CARTESIAN_POINT ( 'NONE',  ( -4.737099999999999900, 1.790761651938294500, 3.022600000000000200 ) ) ;
#3364 =( BOUNDED_CURVE ( )  B_SPLINE_CURVE ( 2, ( #3362, #3361, #3417, #3416, #3415, #3414, #3413, #3412, #3411 ),
 .UNSPECIFIED., .F., .T. ) 
 B_SPLINE_CURVE_WITH_KNOTS ( ( 3, 2, 2, 2, 3 ),
 ( 0.6666666666666666300, 0.7083333333333332600, 0.7500000000000000000, 0.7916666666666666300, 0.8333333333333332600 ),
 .UNSPECIFIED. ) 
 CURVE ( )  GEOMETRIC_REPRESENTATION_ITEM ( )  RATIONAL_B_SPLINE_CURVE ( ( 1.000000000000000000, 0.9238795325112867400, 1.000000000000000000, 0.9238795325112867400, 1.000000000000000000, 0.9238795325112867400, 1.000000000000000000, 0.9238795325112867400, 1.000000000000000000 ) ) 
 REPRESENTATION_ITEM ( '' )  );
#3365 = DIRECTION ( 'NONE',  ( 0.0000000000000000000, 0.0000000000000000000, 1.000000000000000000 ) ) ;
#3366 = DIRECTION ( 'NONE',  ( -0.0000000000000000000, 1.000000000000000000, -0.0000000000000000000 ) ) ;
#3367 = CARTESIAN_POINT ( 'NONE',  ( 5.832380380939271100E-016, 14.22399999999999700, 4.762500000000000200 ) ) ;
#3368 = AXIS2_PLACEMENT_3D ( 'NONE', #3367, #3366, #3365 ) ;
#3369 = CYLINDRICAL_SURFACE ( 'NONE', #3368, 2.412999999999999400 ) ;
#3370 = CARTESIAN_POINT ( 'NONE',  ( -5.397499999999999100, 3.098799999999999800, 3.022600000000000200 ) ) ;
#3371 = FACE_OUTER_BOUND ( 'NONE', #551, .T. ) ;
#3372 = DIRECTION ( 'NONE',  ( -0.0000000000000000000, 1.000000000000000000, -0.0000000000000000000 ) ) ;
#3373 = VECTOR ( 'NONE', #3372, 1000.000000000000000 ) ;
#3374 = CARTESIAN_POINT ( 'NONE',  ( 5.832380380939271100E-016, 14.22399999999999700, 7.175499999999999500 ) ) ;
#3375 = LINE ( 'NONE', #3374, #3373 ) ;
#3376 = CARTESIAN_POINT ( 'NONE',  ( 0.0000000000000000000, 14.61769999999999900, 7.175499999999999500 ) ) ;
#3377 = DIRECTION ( 'NONE',  ( -0.0000000000000000000, 1.000000000000000000, -0.0000000000000000000 ) ) ;
#3378 = VECTOR ( 'NONE', #3377, 1000.000000000000000 ) ;
#3379 = CARTESIAN_POINT ( 'NONE',  ( 8.787355512712666700E-016, 14.22399999999999700, 2.349500000000000400 ) ) ;
#3380 = LINE ( 'NONE', #3379, #3378 ) ;
#3381 = DIRECTION ( 'NONE',  ( 0.0000000000000000000, -1.000000000000000000, 0.0000000000000000000 ) ) ;
#3382 = VECTOR ( 'NONE', #3381, 1000.000000000000000 ) ;
#3383 = CARTESIAN_POINT ( 'NONE',  ( 1.772985079064037400E-015, 14.61769999999999900, 7.175499999999999500 ) ) ;
#3384 = LINE ( 'NONE', #3383, #3382 ) ;
#3385 = DIRECTION ( 'NONE',  ( -0.0000000000000000000, 1.000000000000000000, -0.0000000000000000000 ) ) ;
#3386 = DIRECTION ( 'NONE',  ( -0.0000000000000000000, -0.0000000000000000000, -1.000000000000000000 ) ) ;
#3387 = CARTESIAN_POINT ( 'NONE',  ( -4.254499999999999300, 2.444780825969147900, 6.502400000000000600 ) ) ;
#3388 = CARTESIAN_POINT ( 'NONE',  ( -4.254499999999999300, 2.444780825969147900, 8.026399999999998900 ) ) ;
#3389 = DIRECTION ( 'NONE',  ( -1.000000000000000000, 0.0000000000000000000, 0.0000000000000000000 ) ) ;
#3390 = DIRECTION ( 'NONE',  ( -0.0000000000000000000, -0.0000000000000000000, 1.000000000000000000 ) ) ;
#3391 = CARTESIAN_POINT ( 'NONE',  ( -3.771900000000000900, 3.098799999999999800, 8.026399999999998900 ) ) ;
#3392 = AXIS2_PLACEMENT_3D ( 'NONE', #3391, #3390, #3389 ) ;
#3393 = CIRCLE ( 'NONE', #3392, 0.8127999999999980800 ) ;
#3394 = DIRECTION ( 'NONE',  ( 0.0000000000000000000, 0.0000000000000000000, -1.000000000000000000 ) ) ;
#3395 = VECTOR ( 'NONE', #3394, 1000.000000000000000 ) ;
#3396 = CARTESIAN_POINT ( 'NONE',  ( -3.924300000000000600, 5.308599999999998400, 9.525000000000000400 ) ) ;
#3397 = LINE ( 'NONE', #3396, #3395 ) ;
#3398 = DIRECTION ( 'NONE',  ( -1.000000000000000000, 0.0000000000000000000, 0.0000000000000000000 ) ) ;
#3399 = DIRECTION ( 'NONE',  ( -0.0000000000000000000, -0.0000000000000000000, -1.000000000000000000 ) ) ;
#3400 = CARTESIAN_POINT ( 'NONE',  ( -3.543299999999999900, 13.84300000000000000, 9.525000000000000400 ) ) ;
#3401 = AXIS2_PLACEMENT_3D ( 'NONE', #3400, #3399, #3398 ) ;
#3402 = CARTESIAN_POINT ( 'NONE',  ( -3.924300000000000600, 4.406838348061704400, 8.026399999999998900 ) ) ;
#3403 = CYLINDRICAL_SURFACE ( 'NONE', #3401, 0.3809999999999993900 ) ;
#3404 = FACE_OUTER_BOUND ( 'NONE', #761, .T. ) ;
#3405 = CARTESIAN_POINT ( 'NONE',  ( -5.397499999999999100, 3.098799999999999800, 1.498600000000001000 ) ) ;
#3406 = DIRECTION ( 'NONE',  ( -0.0000000000000000000, -0.0000000000000000000, -1.000000000000000000 ) ) ;
#3407 = VECTOR ( 'NONE', #3406, 1000.000000000000000 ) ;
#3408 = CARTESIAN_POINT ( 'NONE',  ( -4.737099999999999900, 1.790761651938294500, 9.525000000000000400 ) ) ;
#3409 = LINE ( 'NONE', #3408, #3407 ) ;
#3410 = CARTESIAN_POINT ( 'NONE',  ( -2.954975131773395600E-016, 14.59230000000000000, 2.349500000000000800 ) ) ;
#3411 = CARTESIAN_POINT ( 'NONE',  ( -2.954975131773395600E-016, 14.59230000000000000, 2.349500000000000800 ) ) ;
#3412 = CARTESIAN_POINT ( 'NONE',  ( -0.9994973260062783900, 14.54150000000000100, 2.349500000000000800 ) ) ;
#3413 = CARTESIAN_POINT ( 'NONE',  ( -1.706248663003138800, 14.49069999999999900, 3.056251336996861600 ) ) ;
#3414 = CARTESIAN_POINT ( 'NONE',  ( -2.412999999999998900, 14.43989999999999800, 3.763002673993722300 ) ) ;
#3415 = CARTESIAN_POINT ( 'NONE',  ( -2.412999999999999400, 14.38909999999999900, 4.762500000000000200 ) ) ;
#3416 = CARTESIAN_POINT ( 'NONE',  ( -2.412999999999998900, 14.33829999999999800, 5.761997326006279800 ) ) ;
#3417 = CARTESIAN_POINT ( 'NONE',  ( -1.706248663003138600, 14.28749999999999800, 6.468748663003139200 ) ) ;
#3418 = DIRECTION ( 'NONE',  ( 0.0000000000000000000, -1.000000000000000000, 0.0000000000000000000 ) ) ;
#3419 = VECTOR ( 'NONE', #3418, 1000.000000000000000 ) ;
#3420 = CARTESIAN_POINT ( 'NONE',  ( -3.924300000000000600, 0.0000000000000000000, 8.026399999999998900 ) ) ;
#3421 = LINE ( 'NONE', #3420, #3419 ) ;
#3422 = DIRECTION ( 'NONE',  ( 0.0000000000000000000, 0.0000000000000000000, 1.000000000000000000 ) ) ;
#3423 = DIRECTION ( 'NONE',  ( 1.000000000000000000, 0.0000000000000000000, -0.0000000000000000000 ) ) ;
#3424 = CARTESIAN_POINT ( 'NONE',  ( -3.924300000000000600, 0.7620000000000004500, 7.264400000000000200 ) ) ;
#3425 = AXIS2_PLACEMENT_3D ( 'NONE', #3424, #3423, #3422 ) ;
#3426 = DIRECTION ( 'NONE',  ( -1.000000000000000000, 0.0000000000000000000, 0.0000000000000000000 ) ) ;
#3427 = DIRECTION ( 'NONE',  ( -0.0000000000000000000, -0.0000000000000000000, -1.000000000000000000 ) ) ;
#3428 = AXIS2_PLACEMENT_3D ( 'NONE', #3430, #3427, #3426 ) ;
#3429 = CIRCLE ( 'NONE', #3425, 0.7619999999999996800 ) ;
#3430 = CARTESIAN_POINT ( 'NONE',  ( -3.771900000000000900, 3.098799999999999800, 9.525000000000000400 ) ) ;
#3431 = CYLINDRICAL_SURFACE ( 'NONE', #3428, 0.8127999999999980800 ) ;
#3432 = FACE_OUTER_BOUND ( 'NONE', #709, .T. ) ;
#3433 = DIRECTION ( 'NONE',  ( 0.0000000000000000000, 1.000000000000000000, 0.0000000000000000000 ) ) ;
#3434 = VECTOR ( 'NONE', #3433, 1000.000000000000000 ) ;
#3435 = CARTESIAN_POINT ( 'NONE',  ( -3.924300000000000600, 0.0000000000000000000, 6.502400000000000600 ) ) ;
#3436 = LINE ( 'NONE', #3435, #3434 ) ;
#3437 = CARTESIAN_POINT ( 'NONE',  ( -3.924300000000000600, 5.308599999999999300, 1.498600000000000600 ) ) ;
#3438 = DIRECTION ( 'NONE',  ( 0.0000000000000000000, 0.0000000000000000000, 1.000000000000000000 ) ) ;
#3439 = DIRECTION ( 'NONE',  ( -1.000000000000000000, 0.0000000000000000000, 0.0000000000000000000 ) ) ;
#3440 = CARTESIAN_POINT ( 'NONE',  ( -3.924300000000000600, 13.84300000000000000, 9.525000000000000400 ) ) ;
#3441 = AXIS2_PLACEMENT_3D ( 'NONE', #3440, #3439, #3438 ) ;
#3442 = PLANE ( 'NONE',  #3441 ) ;
#3443 = FACE_OUTER_BOUND ( 'NONE', #702, .T. ) ;
#3444 = DIRECTION ( 'NONE',  ( 1.000000000000000000, 0.0000000000000000000, 0.0000000000000000000 ) ) ;
#3445 = DIRECTION ( 'NONE',  ( -0.0000000000000000000, -0.0000000000000000000, -1.000000000000000000 ) ) ;
#3446 = CARTESIAN_POINT ( 'NONE',  ( -3.771900000000000900, 3.098799999999999800, 6.502400000000000600 ) ) ;
#3447 = AXIS2_PLACEMENT_3D ( 'NONE', #3446, #3445, #3444 ) ;
#3448 = CIRCLE ( 'NONE', #3447, 0.8127999999999980800 ) ;
#3449 = CYLINDRICAL_SURFACE ( 'NONE', #3507, 0.8127999999999994100 ) ;
#3450 = FACE_OUTER_BOUND ( 'NONE', #799, .T. ) ;
#3451 = DIRECTION ( 'NONE',  ( -0.0000000000000000000, 1.000000000000000000, -0.0000000000000000000 ) ) ;
#3452 = VECTOR ( 'NONE', #3451, 1000.000000000000000 ) ;
#3453 = CARTESIAN_POINT ( 'NONE',  ( 5.832380380939271100E-016, 14.22399999999999700, 7.175499999999999500 ) ) ;
#3454 = LINE ( 'NONE', #3453, #3452 ) ;
#3455 = DIRECTION ( 'NONE',  ( -0.0000000000000000000, 1.000000000000000000, -0.0000000000000000000 ) ) ;
#3456 = VECTOR ( 'NONE', #3455, 1000.000000000000000 ) ;
#3457 = CARTESIAN_POINT ( 'NONE',  ( 8.787355512712666700E-016, 14.22399999999999700, 2.349500000000000400 ) ) ;
#3458 = LINE ( 'NONE', #3457, #3456 ) ;
#3459 = DIRECTION ( 'NONE',  ( 0.0000000000000000000, 1.000000000000000000, 0.0000000000000000000 ) ) ;
#3460 = VECTOR ( 'NONE', #3459, 1000.000000000000000 ) ;
#3461 = CARTESIAN_POINT ( 'NONE',  ( -3.924300000000000600, 13.84300000000000000, 1.498600000000001000 ) ) ;
#3462 = LINE ( 'NONE', #3461, #3460 ) ;
#3463 = CARTESIAN_POINT ( 'NONE',  ( -3.924300000000000600, 1.790761651938295000, 6.502400000000000600 ) ) ;
#3464 = DIRECTION ( 'NONE',  ( -0.0000000000000000000, -0.0000000000000000000, -1.000000000000000000 ) ) ;
#3465 = VECTOR ( 'NONE', #3464, 1000.000000000000000 ) ;
#3466 = CARTESIAN_POINT ( 'NONE',  ( -4.254499999999999300, 2.444780825969147900, 9.525000000000000400 ) ) ;
#3467 = LINE ( 'NONE', #3466, #3465 ) ;
#3468 = DIRECTION ( 'NONE',  ( 0.0000000000000000000, 0.0000000000000000000, 1.000000000000000000 ) ) ;
#3469 = DIRECTION ( 'NONE',  ( -1.000000000000000000, -0.0000000000000000000, 0.0000000000000000000 ) ) ;
#3470 = CARTESIAN_POINT ( 'NONE',  ( -3.924300000000000600, 0.0000000000000000000, 9.525000000000000400 ) ) ;
#3471 = AXIS2_PLACEMENT_3D ( 'NONE', #3470, #3469, #3468 ) ;
#3472 = PLANE ( 'NONE',  #3471 ) ;
#3473 = FACE_OUTER_BOUND ( 'NONE', #718, .T. ) ;
#3474 = CARTESIAN_POINT ( 'NONE',  ( -3.924300000000000600, 1.790761651938295000, 8.026399999999998900 ) ) ;
#3475 = CARTESIAN_POINT ( 'NONE',  ( -3.924300000000000600, 0.7620000000000004500, 8.026399999999998900 ) ) ;
#3476 = DIRECTION ( 'NONE',  ( -0.0000000000000000000, -0.0000000000000000000, 1.000000000000000000 ) ) ;
#3477 = VECTOR ( 'NONE', #3476, 1000.000000000000000 ) ;
#3478 = CARTESIAN_POINT ( 'NONE',  ( -3.924300000000000600, 1.790761651938295000, 9.525000000000000400 ) ) ;
#3479 = LINE ( 'NONE', #3478, #3477 ) ;
#3480 = CARTESIAN_POINT ( 'NONE',  ( -3.924300000000000600, 0.7620000000000003400, 6.502400000000000600 ) ) ;
#3481 = CARTESIAN_POINT ( 'NONE',  ( -3.924300000000000600, 6.146800000000000700, 6.502400000000000600 ) ) ;
#3482 = DIRECTION ( 'NONE',  ( 0.0000000000000000000, 1.000000000000000000, -0.0000000000000000000 ) ) ;
#3483 = VECTOR ( 'NONE', #3482, 1000.000000000000000 ) ;
#3484 = CARTESIAN_POINT ( 'NONE',  ( -3.924300000000000600, 13.84300000000000000, 6.502400000000000600 ) ) ;
#3485 = LINE ( 'NONE', #3484, #3483 ) ;
#3486 = DIRECTION ( 'NONE',  ( 0.0000000000000000000, 0.0000000000000000000, -1.000000000000000000 ) ) ;
#3487 = VECTOR ( 'NONE', #3486, 1000.000000000000000 ) ;
#3488 = CARTESIAN_POINT ( 'NONE',  ( -3.924300000000000600, 5.308599999999998400, 9.525000000000000400 ) ) ;
#3489 = LINE ( 'NONE', #3488, #3487 ) ;
#3490 = DIRECTION ( 'NONE',  ( 0.0000000000000000000, -1.000000000000000000, 0.0000000000000000000 ) ) ;
#3491 = VECTOR ( 'NONE', #3490, 1000.000000000000000 ) ;
#3492 = CARTESIAN_POINT ( 'NONE',  ( -3.924300000000000600, 13.84300000000000000, 8.026399999999998900 ) ) ;
#3493 = LINE ( 'NONE', #3492, #3491 ) ;
#3494 = CARTESIAN_POINT ( 'NONE',  ( 2.095499999999998600, 7.112000000000001000, -2.566162614434791800E-016 ) ) ;
#3495 = CARTESIAN_POINT ( 'NONE',  ( -2.095500000000000400, 0.6095999999999997000, 0.0000000000000000000 ) ) ;
#3496 = DIRECTION ( 'NONE',  ( -0.0000000000000000000, -1.000000000000000000, 0.0000000000000000000 ) ) ;
#3497 = VECTOR ( 'NONE', #3496, 1000.000000000000000 ) ;
#3498 = CARTESIAN_POINT ( 'NONE',  ( 3.924300000000000600, 13.84300000000000000, 1.498600000000001000 ) ) ;
#3499 = LINE ( 'NONE', #3498, #3497 ) ;
#3500 = DIRECTION ( 'NONE',  ( 0.0000000000000000000, 1.000000000000000000, 0.0000000000000000000 ) ) ;
#3501 = VECTOR ( 'NONE', #3500, 1000.000000000000000 ) ;
#3502 = CARTESIAN_POINT ( 'NONE',  ( 3.924300000000000600, 13.84300000000000000, 3.022600000000000200 ) ) ;
#3503 = LINE ( 'NONE', #3502, #3501 ) ;
#3504 = DIRECTION ( 'NONE',  ( -1.000000000000000000, 0.0000000000000000000, 0.0000000000000000000 ) ) ;
#3505 = DIRECTION ( 'NONE',  ( -0.0000000000000000000, -0.0000000000000000000, -1.000000000000000000 ) ) ;
#3506 = CARTESIAN_POINT ( 'NONE',  ( 3.771899999999998700, 3.098800000000000700, 9.525000000000000400 ) ) ;
#3507 = AXIS2_PLACEMENT_3D ( 'NONE', #3506, #3505, #3504 ) ;
#3508 = CYLINDRICAL_SURFACE ( 'NONE', #3571, 0.3809999999999993900 ) ;
#3509 = FACE_OUTER_BOUND ( 'NONE', #767, .T. ) ;
#3510 = DIRECTION ( 'NONE',  ( -0.0000000000000000000, -0.0000000000000000000, -1.000000000000000000 ) ) ;
#3511 = VECTOR ( 'NONE', #3510, 1000.000000000000000 ) ;
#3512 = CARTESIAN_POINT ( 'NONE',  ( -3.924299999999999700, 13.84300000000000000, 9.525000000000000400 ) ) ;
#3513 = LINE ( 'NONE', #3512, #3511 ) ;
#3514 = DIRECTION ( 'NONE',  ( 0.0000000000000000000, -1.000000000000000000, 0.0000000000000000000 ) ) ;
#3515 = VECTOR ( 'NONE', #3514, 1000.000000000000000 ) ;
#3516 = CARTESIAN_POINT ( 'NONE',  ( -3.924300000000000600, 13.84300000000000000, 3.022600000000000200 ) ) ;
#3517 = LINE ( 'NONE', #3516, #3515 ) ;
#3518 = CARTESIAN_POINT ( 'NONE',  ( -3.924300000000000600, 6.146800000000000700, 3.022600000000000200 ) ) ;
#3519 = DIRECTION ( 'NONE',  ( 0.0000000000000000000, 0.0000000000000000000, -1.000000000000000000 ) ) ;
#3520 = VECTOR ( 'NONE', #3519, 1000.000000000000000 ) ;
#3521 = CARTESIAN_POINT ( 'NONE',  ( -3.924300000000000600, 6.146800000000000700, 9.525000000000000400 ) ) ;
#3522 = LINE ( 'NONE', #3521, #3520 ) ;
#3523 = DIRECTION ( 'NONE',  ( -0.0000000000000000000, 0.0000000000000000000, -1.000000000000000000 ) ) ;
#3524 = DIRECTION ( 'NONE',  ( 1.000000000000000000, 0.0000000000000000000, -0.0000000000000000000 ) ) ;
#3525 = CARTESIAN_POINT ( 'NONE',  ( 3.924300000000000600, 13.84300000000000000, 9.525000000000000400 ) ) ;
#3526 = AXIS2_PLACEMENT_3D ( 'NONE', #3525, #3524, #3523 ) ;
#3527 = PLANE ( 'NONE',  #3526 ) ;
#3528 = FACE_OUTER_BOUND ( 'NONE', #750, .T. ) ;
#3529 = CARTESIAN_POINT ( 'NONE',  ( 3.924300000000000600, 5.308599999999999300, 1.498600000000000600 ) ) ;
#3530 = DIRECTION ( 'NONE',  ( 0.0000000000000000000, 0.0000000000000000000, 1.000000000000000000 ) ) ;
#3531 = VECTOR ( 'NONE', #3530, 1000.000000000000000 ) ;
#3532 = CARTESIAN_POINT ( 'NONE',  ( 3.924300000000000600, 5.308599999999998400, 9.525000000000000400 ) ) ;
#3533 = LINE ( 'NONE', #3532, #3531 ) ;
#3534 = CARTESIAN_POINT ( 'NONE',  ( -3.924300000000000600, 5.308599999999999300, 8.026399999999998900 ) ) ;
#3535 = CARTESIAN_POINT ( 'NONE',  ( -3.924300000000000600, 4.406838348061704400, 6.502400000000000600 ) ) ;
#3536 = DIRECTION ( 'NONE',  ( 0.0000000000000000000, 0.0000000000000000000, -1.000000000000000000 ) ) ;
#3537 = VECTOR ( 'NONE', #3536, 1000.000000000000000 ) ;
#3538 = CARTESIAN_POINT ( 'NONE',  ( -3.924300000000000600, 4.406838348061704400, 9.525000000000000400 ) ) ;
#3539 = LINE ( 'NONE', #3538, #3537 ) ;
#3540 = CARTESIAN_POINT ( 'NONE',  ( 4.737099999999999900, 4.406838348061706200, 8.026399999999998900 ) ) ;
#3541 = CIRCLE ( 'NONE', #3602, 0.8127999999999998600 ) ;
#3542 = CARTESIAN_POINT ( 'NONE',  ( 4.254499999999999300, 3.752819174030853000, 8.026399999999998900 ) ) ;
#3543 = DIRECTION ( 'NONE',  ( 1.000000000000000000, 0.0000000000000000000, 0.0000000000000000000 ) ) ;
#3544 = DIRECTION ( 'NONE',  ( -0.0000000000000000000, -0.0000000000000000000, -1.000000000000000000 ) ) ;
#3545 = CARTESIAN_POINT ( 'NONE',  ( 3.771899999999998700, 3.098800000000000700, 6.502400000000000600 ) ) ;
#3546 = AXIS2_PLACEMENT_3D ( 'NONE', #3545, #3544, #3543 ) ;
#3547 = CIRCLE ( 'NONE', #3546, 0.8127999999999994100 ) ;
#3548 = DIRECTION ( 'NONE',  ( -1.000000000000000000, 0.0000000000000000000, 0.0000000000000000000 ) ) ;
#3549 = DIRECTION ( 'NONE',  ( -0.0000000000000000000, -0.0000000000000000000, -1.000000000000000000 ) ) ;
#3550 = AXIS2_PLACEMENT_3D ( 'NONE', #3551, #3549, #3548 ) ;
#3551 = CARTESIAN_POINT ( 'NONE',  ( 4.737099999999999900, 1.790761651938295200, 9.525000000000000400 ) ) ;
#3552 = CYLINDRICAL_SURFACE ( 'NONE', #3550, 0.8127999999999998600 ) ;
#3553 = FACE_OUTER_BOUND ( 'NONE', #784, .T. ) ;
#3554 = DIRECTION ( 'NONE',  ( -1.000000000000000000, 0.0000000000000000000, 0.0000000000000000000 ) ) ;
#3555 = DIRECTION ( 'NONE',  ( -0.0000000000000000000, -0.0000000000000000000, 1.000000000000000000 ) ) ;
#3556 = CARTESIAN_POINT ( 'NONE',  ( 3.771899999999998700, 3.098800000000000700, 8.026399999999998900 ) ) ;
#3557 = AXIS2_PLACEMENT_3D ( 'NONE', #3556, #3555, #3554 ) ;
#3558 = CIRCLE ( 'NONE', #3557, 0.8127999999999994100 ) ;
#3559 = DIRECTION ( 'NONE',  ( 1.000000000000000000, -1.867474214418930200E-015, 0.0000000000000000000 ) ) ;
#3560 = DIRECTION ( 'NONE',  ( -0.0000000000000000000, -0.0000000000000000000, -1.000000000000000000 ) ) ;
#3561 = CARTESIAN_POINT ( 'NONE',  ( 4.737099999999999900, 1.790761651938295200, 6.502400000000000600 ) ) ;
#3562 = AXIS2_PLACEMENT_3D ( 'NONE', #3561, #3560, #3559 ) ;
#3563 = CIRCLE ( 'NONE', #3562, 0.8127999999999998600 ) ;
#3564 = DIRECTION ( 'NONE',  ( -0.0000000000000000000, -0.0000000000000000000, -1.000000000000000000 ) ) ;
#3565 = VECTOR ( 'NONE', #3564, 1000.000000000000000 ) ;
#3566 = CARTESIAN_POINT ( 'NONE',  ( 3.924300000000000600, 13.84300000000000000, 9.525000000000000400 ) ) ;
#3567 = LINE ( 'NONE', #3566, #3565 ) ;
#3568 = DIRECTION ( 'NONE',  ( -1.000000000000000000, 0.0000000000000000000, 0.0000000000000000000 ) ) ;
#3569 = DIRECTION ( 'NONE',  ( -0.0000000000000000000, -0.0000000000000000000, -1.000000000000000000 ) ) ;
#3570 = CARTESIAN_POINT ( 'NONE',  ( 3.543299999999999900, 13.84300000000000000, 9.525000000000000400 ) ) ;
#3571 = AXIS2_PLACEMENT_3D ( 'NONE', #3570, #3569, #3568 ) ;
#3572 = LINE ( 'NONE', #3635, #3634 ) ;
#3573 = DIRECTION ( 'NONE',  ( 0.0000000000000000000, 1.000000000000000000, 0.0000000000000000000 ) ) ;
#3574 = VECTOR ( 'NONE', #3573, 1000.000000000000000 ) ;
#3575 = CARTESIAN_POINT ( 'NONE',  ( 3.924300000000000600, 13.84300000000000000, 8.026399999999998900 ) ) ;
#3576 = LINE ( 'NONE', #3575, #3574 ) ;
#3577 = CARTESIAN_POINT ( 'NONE',  ( 3.924300000000000600, 4.406838348061706200, 6.502400000000000600 ) ) ;
#3578 = CARTESIAN_POINT ( 'NONE',  ( 3.924300000000000600, 4.406838348061706200, 8.026399999999998900 ) ) ;
#3579 = CARTESIAN_POINT ( 'NONE',  ( 3.924300000000000600, 6.146800000000000700, 6.502400000000000600 ) ) ;
#3580 = DIRECTION ( 'NONE',  ( -0.0000000000000000000, -0.0000000000000000000, 1.000000000000000000 ) ) ;
#3581 = VECTOR ( 'NONE', #3580, 1000.000000000000000 ) ;
#3582 = CARTESIAN_POINT ( 'NONE',  ( 3.924300000000000600, 4.406838348061706200, 9.525000000000000400 ) ) ;
#3583 = LINE ( 'NONE', #3582, #3581 ) ;
#3584 = DIRECTION ( 'NONE',  ( 0.0000000000000000000, 0.0000000000000000000, 1.000000000000000000 ) ) ;
#3585 = VECTOR ( 'NONE', #3584, 1000.000000000000000 ) ;
#3586 = CARTESIAN_POINT ( 'NONE',  ( 3.924300000000000600, 5.308599999999998400, 9.525000000000000400 ) ) ;
#3587 = LINE ( 'NONE', #3586, #3585 ) ;
#3588 = DIRECTION ( 'NONE',  ( -1.000000000000000000, 0.0000000000000000000, 0.0000000000000000000 ) ) ;
#3589 = DIRECTION ( 'NONE',  ( -0.0000000000000000000, -0.0000000000000000000, -1.000000000000000000 ) ) ;
#3590 = AXIS2_PLACEMENT_3D ( 'NONE', #3591, #3589, #3588 ) ;
#3591 = CARTESIAN_POINT ( 'NONE',  ( 4.737099999999999900, 4.406838348061706200, 9.525000000000000400 ) ) ;
#3592 = CYLINDRICAL_SURFACE ( 'NONE', #3590, 0.8127999999999998600 ) ;
#3593 = FACE_OUTER_BOUND ( 'NONE', #772, .T. ) ;
#3594 = DIRECTION ( 'NONE',  ( -1.000000000000000000, 0.0000000000000000000, 0.0000000000000000000 ) ) ;
#3595 = DIRECTION ( 'NONE',  ( -0.0000000000000000000, -0.0000000000000000000, 1.000000000000000000 ) ) ;
#3596 = CARTESIAN_POINT ( 'NONE',  ( 4.737099999999999900, 1.790761651938295200, 8.026399999999998900 ) ) ;
#3597 = AXIS2_PLACEMENT_3D ( 'NONE', #3596, #3595, #3594 ) ;
#3598 = CIRCLE ( 'NONE', #3597, 0.8127999999999998600 ) ;
#3599 = CARTESIAN_POINT ( 'NONE',  ( 4.254499999999999300, 3.752819174030853000, 6.502400000000000600 ) ) ;
#3600 = DIRECTION ( 'NONE',  ( -1.000000000000000000, 0.0000000000000000000, 0.0000000000000000000 ) ) ;
#3601 = DIRECTION ( 'NONE',  ( -0.0000000000000000000, -0.0000000000000000000, 1.000000000000000000 ) ) ;
#3602 = AXIS2_PLACEMENT_3D ( 'NONE', #3540, #3601, #3600 ) ;
#3603 = AXIS2_PLACEMENT_3D ( 'NONE', #3604, #3665, #3664 ) ;
#3604 = CARTESIAN_POINT ( 'NONE',  ( -5.714999999999999900, 0.7620000000000006800, 8.026399999999998900 ) ) ;
#3605 = FACE_OUTER_BOUND ( 'NONE', #833, .T. ) ;
#3606 = DIRECTION ( 'NONE',  ( 0.0000000000000000000, -0.0000000000000000000, 1.000000000000000000 ) ) ;
#3607 = DIRECTION ( 'NONE',  ( 0.0000000000000000000, 1.000000000000000000, 0.0000000000000000000 ) ) ;
#3608 = CARTESIAN_POINT ( 'NONE',  ( -5.714999999999999900, 6.146800000000000700, 6.502400000000000600 ) ) ;
#3609 = AXIS2_PLACEMENT_3D ( 'NONE', #3608, #3607, #3606 ) ;
#3610 = PLANE ( 'NONE',  #3609 ) ;
#3611 = PLANE ( 'NONE',  #3603 ) ;
#3612 = FACE_OUTER_BOUND ( 'NONE', #827, .T. ) ;
#3613 = DIRECTION ( 'NONE',  ( 1.000000000000000000, -0.0000000000000000000, -0.0000000000000000000 ) ) ;
#3614 = VECTOR ( 'NONE', #3613, 1000.000000000000000 ) ;
#3615 = CARTESIAN_POINT ( 'NONE',  ( -5.714999999999999900, 0.7620000000000003400, 6.502400000000000600 ) ) ;
#3616 = LINE ( 'NONE', #3615, #3614 ) ;
#3617 = DIRECTION ( 'NONE',  ( 1.000000000000000000, -0.0000000000000000000, -0.0000000000000000000 ) ) ;
#3618 = VECTOR ( 'NONE', #3617, 1000.000000000000000 ) ;
#3619 = CARTESIAN_POINT ( 'NONE',  ( -5.714999999999999900, 0.7620000000000004500, 8.026399999999998900 ) ) ;
#3620 = LINE ( 'NONE', #3619, #3618 ) ;
#3621 = DIRECTION ( 'NONE',  ( 0.0000000000000000000, -1.000000000000000000, 0.0000000000000000000 ) ) ;
#3622 = VECTOR ( 'NONE', #3621, 1000.000000000000000 ) ;
#3623 = CARTESIAN_POINT ( 'NONE',  ( 3.924300000000000600, 13.84300000000000000, 6.502400000000000600 ) ) ;
#3624 = LINE ( 'NONE', #3623, #3622 ) ;
#3625 = CARTESIAN_POINT ( 'NONE',  ( 3.924300000000000600, 5.308599999999999300, 8.026399999999998900 ) ) ;
#3626 = CARTESIAN_POINT ( 'NONE',  ( 4.254499999999999300, 2.444780825969147900, 8.026399999999998900 ) ) ;
#3627 = CARTESIAN_POINT ( 'NONE',  ( 4.254499999999999300, 2.444780825969147900, 6.502400000000000600 ) ) ;
#3628 = DIRECTION ( 'NONE',  ( 0.0000000000000000000, 0.0000000000000000000, 1.000000000000000000 ) ) ;
#3629 = VECTOR ( 'NONE', #3628, 1000.000000000000000 ) ;
#3630 = CARTESIAN_POINT ( 'NONE',  ( 4.254499999999999300, 2.444780825969148400, 9.525000000000000400 ) ) ;
#3631 = LINE ( 'NONE', #3630, #3629 ) ;
#3632 = CARTESIAN_POINT ( 'NONE',  ( 3.924300000000000600, 6.146800000000000700, 3.022600000000000200 ) ) ;
#3633 = DIRECTION ( 'NONE',  ( 0.0000000000000000000, 0.0000000000000000000, 1.000000000000000000 ) ) ;
#3634 = VECTOR ( 'NONE', #3633, 1000.000000000000000 ) ;
#3635 = CARTESIAN_POINT ( 'NONE',  ( 3.924300000000000600, 6.146800000000000700, 9.525000000000000400 ) ) ;
#3636 = VECTOR ( 'NONE', #3386, 1000.000000000000000 ) ;
#3637 = CARTESIAN_POINT ( 'NONE',  ( 4.254499999999999300, 3.752819174030853000, 9.525000000000000400 ) ) ;
#3638 = LINE ( 'NONE', #3637, #3636 ) ;
#3639 = DIRECTION ( 'NONE',  ( 1.000000000000000000, 0.0000000000000000000, 0.0000000000000000000 ) ) ;
#3640 = DIRECTION ( 'NONE',  ( -0.0000000000000000000, -0.0000000000000000000, -1.000000000000000000 ) ) ;
#3641 = CARTESIAN_POINT ( 'NONE',  ( 4.737099999999999900, 4.406838348061706200, 6.502400000000000600 ) ) ;
#3642 = AXIS2_PLACEMENT_3D ( 'NONE', #3641, #3640, #3639 ) ;
#3643 = CIRCLE ( 'NONE', #3642, 0.8127999999999998600 ) ;
#3644 = DIRECTION ( 'NONE',  ( -1.000000000000000000, 0.0000000000000000000, 0.0000000000000000000 ) ) ;
#3645 = DIRECTION ( 'NONE',  ( -0.0000000000000000000, -0.0000000000000000000, -1.000000000000000000 ) ) ;
#3646 = AXIS2_PLACEMENT_3D ( 'NONE', #3647, #3645, #3644 ) ;
#3647 = CARTESIAN_POINT ( 'NONE',  ( -4.737099999999999900, 4.406838348061704400, 9.525000000000000400 ) ) ;
#3648 = CYLINDRICAL_SURFACE ( 'NONE', #3646, 0.8127999999999998600 ) ;
#3649 = FACE_OUTER_BOUND ( 'NONE', #850, .T. ) ;
#3650 = DIRECTION ( 'NONE',  ( -1.000000000000000000, 0.0000000000000000000, 0.0000000000000000000 ) ) ;
#3651 = DIRECTION ( 'NONE',  ( -0.0000000000000000000, -0.0000000000000000000, 1.000000000000000000 ) ) ;
#3652 = CARTESIAN_POINT ( 'NONE',  ( -4.737099999999999900, 4.406838348061704400, 8.026399999999998900 ) ) ;
#3653 = AXIS2_PLACEMENT_3D ( 'NONE', #3652, #3651, #3650 ) ;
#3654 = CIRCLE ( 'NONE', #3653, 0.8127999999999998600 ) ;
#3655 = DIRECTION ( 'NONE',  ( 1.000000000000000000, 0.0000000000000000000, 0.0000000000000000000 ) ) ;
#3656 = DIRECTION ( 'NONE',  ( -0.0000000000000000000, -0.0000000000000000000, -1.000000000000000000 ) ) ;
#3657 = CARTESIAN_POINT ( 'NONE',  ( -4.737099999999999900, 4.406838348061704400, 6.502400000000000600 ) ) ;
#3658 = AXIS2_PLACEMENT_3D ( 'NONE', #3657, #3656, #3655 ) ;
#3659 = CIRCLE ( 'NONE', #3658, 0.8127999999999998600 ) ;
#3660 = DIRECTION ( 'NONE',  ( 1.000000000000000000, -0.0000000000000000000, -0.0000000000000000000 ) ) ;
#3661 = VECTOR ( 'NONE', #3660, 1000.000000000000000 ) ;
#3662 = CARTESIAN_POINT ( 'NONE',  ( -5.714999999999999900, 6.146800000000000700, 6.502400000000000600 ) ) ;
#3663 = LINE ( 'NONE', #3662, #3661 ) ;
#3664 = DIRECTION ( 'NONE',  ( -1.000000000000000000, 0.0000000000000000000, -0.0000000000000000000 ) ) ;
#3665 = DIRECTION ( 'NONE',  ( 0.0000000000000000000, 0.0000000000000000000, -1.000000000000000000 ) ) ;
#3666 = DIRECTION ( 'NONE',  ( 0.0000000000000000000, 0.0000000000000000000, -1.000000000000000000 ) ) ;
#3667 = DIRECTION ( 'NONE',  ( 1.000000000000000000, -0.0000000000000000000, -0.0000000000000000000 ) ) ;
#3668 = AXIS2_PLACEMENT_3D ( 'NONE', #3669, #3667, #3666 ) ;
#3669 = CARTESIAN_POINT ( 'NONE',  ( -5.714999999999999900, 0.7620000000000004500, 2.260600000000000600 ) ) ;
#3670 = CYLINDRICAL_SURFACE ( 'NONE', #3668, 0.7619999999999999000 ) ;
#3671 = DIRECTION ( 'NONE',  ( 0.0000000000000000000, 0.0000000000000000000, -1.000000000000000000 ) ) ;
#3672 = DIRECTION ( 'NONE',  ( 1.000000000000000000, -0.0000000000000000000, -0.0000000000000000000 ) ) ;
#3673 = AXIS2_PLACEMENT_3D ( 'NONE', #3675, #3672, #3671 ) ;
#3674 = FACE_OUTER_BOUND ( 'NONE', #881, .T. ) ;
#3675 = CARTESIAN_POINT ( 'NONE',  ( -5.714999999999999900, 0.7620000000000004500, 2.260600000000000600 ) ) ;
#3676 = CYLINDRICAL_SURFACE ( 'NONE', #3673, 0.7619999999999999000 ) ;
#3677 = FACE_OUTER_BOUND ( 'NONE', #875, .T. ) ;
#3678 = DIRECTION ( 'NONE',  ( 1.000000000000000000, -0.0000000000000000000, -0.0000000000000000000 ) ) ;
#3679 = VECTOR ( 'NONE', #3678, 1000.000000000000000 ) ;
#3680 = CARTESIAN_POINT ( 'NONE',  ( -5.714999999999999900, 0.7620000000000003400, 6.502400000000000600 ) ) ;
#3681 = LINE ( 'NONE', #3680, #3679 ) ;
#3682 = DIRECTION ( 'NONE',  ( 0.0000000000000000000, 0.0000000000000000000, -1.000000000000000000 ) ) ;
#3683 = DIRECTION ( 'NONE',  ( 1.000000000000000000, -0.0000000000000000000, -0.0000000000000000000 ) ) ;
#3684 = CARTESIAN_POINT ( 'NONE',  ( -5.714999999999999900, 0.7620000000000004500, 7.264400000000000200 ) ) ;
#3685 = AXIS2_PLACEMENT_3D ( 'NONE', #3684, #3683, #3682 ) ;
#3686 = CYLINDRICAL_SURFACE ( 'NONE', #3685, 0.7619999999999996800 ) ;
#3687 = FACE_OUTER_BOUND ( 'NONE', #865, .T. ) ;
#3688 = DIRECTION ( 'NONE',  ( 1.000000000000000000, -0.0000000000000000000, -0.0000000000000000000 ) ) ;
#3689 = VECTOR ( 'NONE', #3688, 1000.000000000000000 ) ;
#3690 = CARTESIAN_POINT ( 'NONE',  ( -5.714999999999999900, 0.7620000000000005700, 3.022600000000000200 ) ) ;
#3691 = LINE ( 'NONE', #3690, #3689 ) ;
#3692 = DIRECTION ( 'NONE',  ( 1.000000000000000000, -0.0000000000000000000, -0.0000000000000000000 ) ) ;
#3693 = VECTOR ( 'NONE', #3692, 1000.000000000000000 ) ;
#3694 = CARTESIAN_POINT ( 'NONE',  ( -5.714999999999999900, 0.7620000000000006800, 1.498600000000000600 ) ) ;
#3695 = LINE ( 'NONE', #3694, #3693 ) ;
#3696 = DIRECTION ( 'NONE',  ( 0.0000000000000000000, -0.0000000000000000000, 1.000000000000000000 ) ) ;
#3697 = DIRECTION ( 'NONE',  ( 0.0000000000000000000, 1.000000000000000000, 0.0000000000000000000 ) ) ;
#3698 = CARTESIAN_POINT ( 'NONE',  ( -5.714999999999999900, 6.146800000000000700, 6.502400000000000600 ) ) ;
#3699 = AXIS2_PLACEMENT_3D ( 'NONE', #3698, #3697, #3696 ) ;
#3700 = PLANE ( 'NONE',  #3699 ) ;
#3701 = FACE_OUTER_BOUND ( 'NONE', #920, .T. ) ;
#3702 = DIRECTION ( 'NONE',  ( 1.000000000000000000, -0.0000000000000000000, -0.0000000000000000000 ) ) ;
#3703 = VECTOR ( 'NONE', #3702, 1000.000000000000000 ) ;
#3704 = CARTESIAN_POINT ( 'NONE',  ( -5.714999999999999900, 5.308599999999999300, 8.026399999999998900 ) ) ;
#3705 = DIRECTION ( 'NONE',  ( -1.000000000000000000, 0.0000000000000000000, 0.0000000000000000000 ) ) ;
#3706 = DIRECTION ( 'NONE',  ( -0.0000000000000000000, 0.0000000000000000000, -1.000000000000000000 ) ) ;
#3707 = CARTESIAN_POINT ( 'NONE',  ( -5.714999999999999900, 6.146800000000000700, 3.022600000000000200 ) ) ;
#3708 = LINE ( 'NONE', #3704, #3703 ) ;
#3709 = AXIS2_PLACEMENT_3D ( 'NONE', #3707, #3706, #3705 ) ;
#3710 = PLANE ( 'NONE',  #3709 ) ;
#3711 = DIRECTION ( 'NONE',  ( 0.0000000000000000000, 0.0000000000000000000, -1.000000000000000000 ) ) ;
#3712 = DIRECTION ( 'NONE',  ( 1.000000000000000000, -0.0000000000000000000, -0.0000000000000000000 ) ) ;
#3713 = AXIS2_PLACEMENT_3D ( 'NONE', #3715, #3712, #3711 ) ;
#3714 = FACE_OUTER_BOUND ( 'NONE', #905, .T. ) ;
#3715 = CARTESIAN_POINT ( 'NONE',  ( -5.714999999999999900, 0.7620000000000004500, 7.264400000000000200 ) ) ;
#3716 = CYLINDRICAL_SURFACE ( 'NONE', #3713, 0.7619999999999996800 ) ;
#3717 = FACE_OUTER_BOUND ( 'NONE', #893, .T. ) ;
#3718 = DIRECTION ( 'NONE',  ( 0.0000000000000000000, 0.0000000000000000000, 1.000000000000000000 ) ) ;
#3719 = DIRECTION ( 'NONE',  ( 0.0000000000000000000, 1.000000000000000000, -0.0000000000000000000 ) ) ;
#3720 = CARTESIAN_POINT ( 'NONE',  ( -5.714999999999999900, 5.308599999999999300, 8.026399999999998900 ) ) ;
#3721 = AXIS2_PLACEMENT_3D ( 'NONE', #3720, #3719, #3718 ) ;
#3722 = PLANE ( 'NONE',  #3721 ) ;
#3723 = FACE_OUTER_BOUND ( 'NONE', #887, .T. ) ;
#3724 = DIRECTION ( 'NONE',  ( 1.000000000000000000, -0.0000000000000000000, -0.0000000000000000000 ) ) ;
#3725 = VECTOR ( 'NONE', #3724, 1000.000000000000000 ) ;
#3726 = CARTESIAN_POINT ( 'NONE',  ( -5.714999999999999900, 5.308599999999999300, 8.026399999999998900 ) ) ;
#3727 = LINE ( 'NONE', #3726, #3725 ) ;
#3728 = CARTESIAN_POINT ( 'NONE',  ( 0.0000000000000000000, 14.80446312505496700, 4.762500000000002000 ) ) ;
#3729 = AXIS2_PLACEMENT_3D ( 'NONE', #3728, #3737, #3792 ) ;
#3730 = CYLINDRICAL_SURFACE ( 'NONE', #3729, 2.564616078442594200 ) ;
#3731 = FACE_OUTER_BOUND ( 'NONE', #938, .T. ) ;
#3732 = DIRECTION ( 'NONE',  ( 0.0000000000000000000, 0.0000000000000000000, 1.000000000000000000 ) ) ;
#3733 = DIRECTION ( 'NONE',  ( 0.0000000000000000000, 1.000000000000000000, -0.0000000000000000000 ) ) ;
#3734 = CARTESIAN_POINT ( 'NONE',  ( -5.714999999999999900, 5.308599999999999300, 8.026399999999998900 ) ) ;
#3735 = AXIS2_PLACEMENT_3D ( 'NONE', #3734, #3733, #3732 ) ;
#3736 = PLANE ( 'NONE',  #3735 ) ;
#3737 = DIRECTION ( 'NONE',  ( -0.0000000000000000000, -1.000000000000000000, -0.0000000000000000000 ) ) ;
#3738 = FACE_OUTER_BOUND ( 'NONE', #856, .T. ) ;
#3739 = DIRECTION ( 'NONE',  ( 1.000000000000000000, -0.0000000000000000000, -0.0000000000000000000 ) ) ;
#3740 = VECTOR ( 'NONE', #3739, 1000.000000000000000 ) ;
#3741 = CARTESIAN_POINT ( 'NONE',  ( -5.714999999999999900, 5.308599999999999300, 1.498600000000000600 ) ) ;
#3742 = DIRECTION ( 'NONE',  ( 0.0000000000000000000, -0.0000000000000000000, 1.000000000000000000 ) ) ;
#3743 = DIRECTION ( 'NONE',  ( 0.0000000000000000000, 1.000000000000000000, 0.0000000000000000000 ) ) ;
#3744 = CARTESIAN_POINT ( 'NONE',  ( -5.714999999999999900, 5.308599999999999300, 1.498600000000000600 ) ) ;
#3745 = AXIS2_PLACEMENT_3D ( 'NONE', #3744, #3743, #3742 ) ;
#3746 = PLANE ( 'NONE',  #3745 ) ;
#3747 = LINE ( 'NONE', #3741, #3740 ) ;
#3748 = FACE_OUTER_BOUND ( 'NONE', #930, .T. ) ;
#3749 = DIRECTION ( 'NONE',  ( 1.000000000000000000, -0.0000000000000000000, -0.0000000000000000000 ) ) ;
#3750 = VECTOR ( 'NONE', #3749, 1000.000000000000000 ) ;
#3751 = CARTESIAN_POINT ( 'NONE',  ( -5.714999999999999900, 0.7620000000000004500, 8.026399999999998900 ) ) ;
#3752 = LINE ( 'NONE', #3751, #3750 ) ;
#3753 = DIRECTION ( 'NONE',  ( 1.000000000000000000, -0.0000000000000000000, -0.0000000000000000000 ) ) ;
#3754 = VECTOR ( 'NONE', #3753, 1000.000000000000000 ) ;
#3755 = CARTESIAN_POINT ( 'NONE',  ( -5.714999999999999900, 6.146800000000000700, 3.022600000000000200 ) ) ;
#3756 = LINE ( 'NONE', #3755, #3754 ) ;
#3757 = DIRECTION ( 'NONE',  ( 1.000000000000000000, -0.0000000000000000000, -0.0000000000000000000 ) ) ;
#3758 = VECTOR ( 'NONE', #3757, 1000.000000000000000 ) ;
#3759 = CARTESIAN_POINT ( 'NONE',  ( -5.714999999999999900, 6.146800000000000700, 6.502400000000000600 ) ) ;
#3760 = LINE ( 'NONE', #3759, #3758 ) ;
#3761 = PLANE ( 'NONE',  #3821 ) ;
#3762 = DIRECTION ( 'NONE',  ( 1.000000000000000000, 0.0000000000000000000, -0.0000000000000000000 ) ) ;
#3763 = DIRECTION ( 'NONE',  ( 0.0000000000000000000, -0.0000000000000000000, 1.000000000000000000 ) ) ;
#3764 = FACE_OUTER_BOUND ( 'NONE', #977, .T. ) ;
#3765 = CARTESIAN_POINT ( 'NONE',  ( -5.714999999999999900, 0.7620000000000006800, 1.498600000000000600 ) ) ;
#3766 = AXIS2_PLACEMENT_3D ( 'NONE', #3765, #3763, #3762 ) ;
#3767 = FACE_OUTER_BOUND ( 'NONE', #896, .T. ) ;
#3768 = DIRECTION ( 'NONE',  ( -1.000000000000000000, 0.0000000000000000000, -0.0000000000000000000 ) ) ;
#3769 = DIRECTION ( 'NONE',  ( 0.0000000000000000000, 0.0000000000000000000, -1.000000000000000000 ) ) ;
#3770 = CARTESIAN_POINT ( 'NONE',  ( -5.714999999999999900, 0.7620000000000006800, 8.026399999999998900 ) ) ;
#3771 = PLANE ( 'NONE',  #3766 ) ;
#3772 = AXIS2_PLACEMENT_3D ( 'NONE', #3770, #3769, #3768 ) ;
#3773 = PLANE ( 'NONE',  #3772 ) ;
#3774 = DIRECTION ( 'NONE',  ( 1.000000000000000000, 0.0000000000000000000, -0.0000000000000000000 ) ) ;
#3775 = DIRECTION ( 'NONE',  ( 0.0000000000000000000, 0.0000000000000000000, 1.000000000000000000 ) ) ;
#3776 = CARTESIAN_POINT ( 'NONE',  ( -5.714999999999999900, 6.146800000000000700, 6.502400000000000600 ) ) ;
#3777 = FACE_OUTER_BOUND ( 'NONE', #967, .T. ) ;
#3778 = AXIS2_PLACEMENT_3D ( 'NONE', #3776, #3775, #3774 ) ;
#3779 = PLANE ( 'NONE',  #3778 ) ;
#3780 = DIRECTION ( 'NONE',  ( 0.0000000000000000000, -1.538202699135283500E-016, 1.000000000000000000 ) ) ;
#3781 = DIRECTION ( 'NONE',  ( -0.0000000000000000000, 1.000000000000000000, 1.538202699135283500E-016 ) ) ;
#3782 = AXIS2_PLACEMENT_3D ( 'NONE', #3784, #3781, #3780 ) ;
#3783 = FACE_OUTER_BOUND ( 'NONE', #957, .T. ) ;
#3784 = CARTESIAN_POINT ( 'NONE',  ( 0.0000000000000000000, 13.84300000000000000, 4.762500000000000200 ) ) ;
#3785 = TOROIDAL_SURFACE ( 'NONE', #3782, 3.552468666412828200, 0.4282686664128281800 ) ;
#3786 = FACE_OUTER_BOUND ( 'NONE', #948, .T. ) ;
#3787 = DIRECTION ( 'NONE',  ( 0.0000000000000000000, 0.0000000000000000000, -1.000000000000000000 ) ) ;
#3788 = DIRECTION ( 'NONE',  ( -0.0000000000000000000, -1.000000000000000000, -0.0000000000000000000 ) ) ;
#3789 = CARTESIAN_POINT ( 'NONE',  ( 0.0000000000000000000, 12.38686063391523200, 4.762500000000002000 ) ) ;
#3790 = AXIS2_PLACEMENT_3D ( 'NONE', #3789, #3788, #3787 ) ;
#3791 = CIRCLE ( 'NONE', #3790, 2.564616078442594200 ) ;
#3792 = DIRECTION ( 'NONE',  ( 0.0000000000000000000, 0.0000000000000000000, -1.000000000000000000 ) ) ;
#3793 = DIRECTION ( 'NONE',  ( 0.0000000000000000000, 0.0000000000000000000, -1.000000000000000000 ) ) ;
#3794 = DIRECTION ( 'NONE',  ( -0.0000000000000000000, -1.000000000000000000, -0.0000000000000000000 ) ) ;
#3795 = AXIS2_PLACEMENT_3D ( 'NONE', #3797, #3794, #3793 ) ;
#3796 = FACE_OUTER_BOUND ( 'NONE', #1010, .T. ) ;
#3797 = CARTESIAN_POINT ( 'NONE',  ( 0.0000000000000000000, 12.59217719367232200, 4.762500000000002000 ) ) ;
#3798 = CONICAL_SURFACE ( 'NONE', #3795, 2.410628658624778700, 0.6435011087932776000 ) ;
#3799 = FACE_OUTER_BOUND ( 'NONE', #1007, .T. ) ;
#3800 = DIRECTION ( 'NONE',  ( 0.0000000000000000000, 0.0000000000000000000, -1.000000000000000000 ) ) ;
#3801 = DIRECTION ( 'NONE',  ( -0.0000000000000000000, -1.000000000000000000, -0.0000000000000000000 ) ) ;
#3802 = AXIS2_PLACEMENT_3D ( 'NONE', #3806, #3801, #3800 ) ;
#3803 = CIRCLE ( 'NONE', #3802, 2.410628658624778700 ) ;
#3804 = DIRECTION ( 'NONE',  ( 0.0000000000000000000, 0.0000000000000000000, -1.000000000000000000 ) ) ;
#3805 = DIRECTION ( 'NONE',  ( 0.0000000000000000000, -1.000000000000000000, -0.0000000000000000000 ) ) ;
#3806 = CARTESIAN_POINT ( 'NONE',  ( 0.0000000000000000000, 12.59217719367232200, 4.762500000000002000 ) ) ;
#3807 = CARTESIAN_POINT ( 'NONE',  ( 0.0000000000000000000, 12.59217719367232000, 7.173128658624780700 ) ) ;
#3808 = AXIS2_PLACEMENT_3D ( 'NONE', #3807, #3805, #3804 ) ;
#3809 = DIRECTION ( 'NONE',  ( 0.0000000000000000000, 0.0000000000000000000, 1.000000000000000000 ) ) ;
#3810 = DIRECTION ( 'NONE',  ( 0.0000000000000000000, 1.000000000000000000, 0.0000000000000000000 ) ) ;
#3811 = CARTESIAN_POINT ( 'NONE',  ( 0.0000000000000000000, 15.03679999999999900, 4.762500000000002000 ) ) ;
#3812 = AXIS2_PLACEMENT_3D ( 'NONE', #3811, #3810, #3809 ) ;
#3813 = PLANE ( 'NONE',  #3808 ) ;
#3814 = FACE_OUTER_BOUND ( 'NONE', #999, .T. ) ;
#3815 = CONICAL_SURFACE ( 'NONE', #3812, 2.564616078442596000, 0.5853045706374927500 ) ;
#3816 = FACE_OUTER_BOUND ( 'NONE', #992, .T. ) ;
#3817 = CARTESIAN_POINT ( 'NONE',  ( 0.0000000000000000000, 10.74420000000000300, 0.0000000000000000000 ) ) ;
#3818 = DIRECTION ( 'NONE',  ( 0.0000000000000000000, -0.0000000000000000000, 1.000000000000000000 ) ) ;
#3819 = DIRECTION ( 'NONE',  ( 0.0000000000000000000, 1.000000000000000000, 0.0000000000000000000 ) ) ;
#3820 = CARTESIAN_POINT ( 'NONE',  ( 0.0000000000000000000, 14.80446312505496700, 7.173128658624781600 ) ) ;
#3821 = AXIS2_PLACEMENT_3D ( 'NONE', #3820, #3819, #3818 ) ;
#3822 = AXIS2_PLACEMENT_3D ( 'NONE', #3883, #3882, #3881 ) ;
#3823 = CIRCLE ( 'NONE', #3822, 2.203816581023861200 ) ;
#3824 = CARTESIAN_POINT ( 'NONE',  ( 0.0000000000000000000, 11.43000000000000000, -2.203816581023861200 ) ) ;
#3825 = DIRECTION ( 'NONE',  ( 0.0000000000000000000, -1.000000000000000000, 0.0000000000000000000 ) ) ;
#3826 = VECTOR ( 'NONE', #3825, 1000.000000000000000 ) ;
#3827 = CARTESIAN_POINT ( 'NONE',  ( 0.0000000000000000000, 21.42999999999999600, -2.203816581023861200 ) ) ;
#3828 = LINE ( 'NONE', #3827, #3826 ) ;
#3829 = CARTESIAN_POINT ( 'NONE',  ( 0.4445000000000000100, 12.46754691167845100, -2.158524327589499900 ) ) ;
#3830 = CARTESIAN_POINT ( 'NONE',  ( -3.851859888774471700E-031, 12.46754691167845100, -2.203816581023861200 ) ) ;
#3831 = CARTESIAN_POINT ( 'NONE',  ( -4.444664455087808700, 10.88286545822284000, 5.442964332309000800E-016 ) ) ;
#3832 = CARTESIAN_POINT ( 'NONE',  ( 4.444664455087803400, 10.88286545822284300, 0.0000000000000000000 ) ) ;
#3833 = DIRECTION ( 'NONE',  ( 1.000000000000000000, 3.902934616337729900E-016, 0.0000000000000000000 ) ) ;
#3834 = DIRECTION ( 'NONE',  ( 2.449212707644754500E-016, -1.000000000000000000, -0.0000000000000000000 ) ) ;
#3835 = CARTESIAN_POINT ( 'NONE',  ( -2.665445237586753800E-015, 10.88286545822284200, 0.0000000000000000000 ) ) ;
#3836 = AXIS2_PLACEMENT_3D ( 'NONE', #3835, #3834, #3833 ) ;
#3837 = DIRECTION ( 'NONE',  ( 1.000000000000000000, 3.742257525567484800E-016, 0.0000000000000000000 ) ) ;
#3838 = DIRECTION ( 'NONE',  ( 2.449212707644754500E-016, -1.000000000000000000, -0.0000000000000000000 ) ) ;
#3839 = AXIS2_PLACEMENT_3D ( 'NONE', #3841, #3838, #3837 ) ;
#3840 = CIRCLE ( 'NONE', #3836, 4.444664455087806100 ) ;
#3841 = CARTESIAN_POINT ( 'NONE',  ( -2.332875104031628500E-015, 9.524999999999998600, 0.0000000000000000000 ) ) ;
#3842 = CONICAL_SURFACE ( 'NONE', #3839, 4.635499999999998600, 0.1396263401595531100 ) ;
#3843 = FACE_OUTER_BOUND ( 'NONE', #1018, .T. ) ;
#3844 = DIRECTION ( 'NONE',  ( 0.0000000000000000000, 0.7990244809155271400, 0.6012984940091504700 ) ) ;
#3845 = VECTOR ( 'NONE', #3844, 1000.000000000000100 ) ;
#3846 = CARTESIAN_POINT ( 'NONE',  ( 0.0000000000000000000, -0.05527277796440674400, 1.780622422260474300 ) ) ;
#3847 = LINE ( 'NONE', #3846, #3845 ) ;
#3848 = DIRECTION ( 'NONE',  ( 0.0000000000000000000, 0.0000000000000000000, 1.000000000000000000 ) ) ;
#3849 = DIRECTION ( 'NONE',  ( -0.0000000000000000000, 1.000000000000000000, 1.538202699135283500E-016 ) ) ;
#3850 = CARTESIAN_POINT ( 'NONE',  ( 0.0000000000000000000, 15.03679999999999900, 4.762500000000000200 ) ) ;
#3851 = AXIS2_PLACEMENT_3D ( 'NONE', #3850, #3849, #3848 ) ;
#3852 = CYLINDRICAL_SURFACE ( 'NONE', #3851, 3.124199999999999600 ) ;
#3853 = CARTESIAN_POINT ( 'NONE',  ( -0.5754545270613837800, 11.43000000000000000, 0.0000000000000000000 ) ) ;
#3854 = DIRECTION ( 'NONE',  ( -0.6427876096865411400, 0.7660444431189765700, 0.0000000000000000000 ) ) ;
#3855 = VECTOR ( 'NONE', #3854, 1000.000000000000000 ) ;
#3856 = CARTESIAN_POINT ( 'NONE',  ( -1.586563240746577300, 12.63499244203763400, 0.0000000000000000000 ) ) ;
#3857 = LINE ( 'NONE', #3856, #3855 ) ;
#3858 = DIRECTION ( 'NONE',  ( -1.000000000000000000, 0.0000000000000000000, 0.0000000000000000000 ) ) ;
#3859 = DIRECTION ( 'NONE',  ( -2.449212707644754500E-016, 1.000000000000000000, 0.0000000000000000000 ) ) ;
#3860 = AXIS2_PLACEMENT_3D ( 'NONE', #3861, #3859, #3858 ) ;
#3861 = CARTESIAN_POINT ( 'NONE',  ( -3.094578405003400200E-015, 12.63499244203763400, 0.0000000000000000000 ) ) ;
#3862 = CONICAL_SURFACE ( 'NONE', #3860, 1.586563240746574200, 0.6981317007977339000 ) ;
#3863 = FACE_OUTER_BOUND ( 'NONE', #982, .T. ) ;
#3864 = CARTESIAN_POINT ( 'NONE',  ( 2.388460640011441200E-016, -2.574980159653072000E-016, -1.822217440865684800 ) ) ;
#3865 = DIRECTION ( 'NONE',  ( 1.000000000000000000, 2.449212707644754500E-016, 0.0000000000000000000 ) ) ;
#3866 = DIRECTION ( 'NONE',  ( 2.449212707644754500E-016, -1.000000000000000000, -0.0000000000000000000 ) ) ;
#3867 = CARTESIAN_POINT ( 'NONE',  ( 3.358588012964039700E-016, -2.574980159653072000E-016, 0.0000000000000000000 ) ) ;
#3868 = AXIS2_PLACEMENT_3D ( 'NONE', #3867, #3866, #3865 ) ;
#3869 = DIRECTION ( 'NONE',  ( 0.0000000000000000000, 0.0000000000000000000, 1.000000000000000000 ) ) ;
#3870 = DIRECTION ( 'NONE',  ( 0.0000000000000000000, 1.000000000000000000, 0.0000000000000000000 ) ) ;
#3871 = CARTESIAN_POINT ( 'NONE',  ( 0.0000000000000000000, -0.05527277796440674400, 0.0000000000000000000 ) ) ;
#3872 = AXIS2_PLACEMENT_3D ( 'NONE', #3871, #3870, #3869 ) ;
#3873 = CONICAL_SURFACE ( 'NONE', #3872, 1.780622422260474300, 0.6451252161652798500 ) ;
#3874 = CIRCLE ( 'NONE', #3868, 1.822217440865684800 ) ;
#3875 = FACE_OUTER_BOUND ( 'NONE', #1034, .T. ) ;
#3876 = DIRECTION ( 'NONE',  ( 0.0000000000000000000, -1.000000000000000000, 0.0000000000000000000 ) ) ;
#3877 = VECTOR ( 'NONE', #3876, 1000.000000000000000 ) ;
#3878 = CARTESIAN_POINT ( 'NONE',  ( 0.4445000000000000100, 21.42999999999999600, -2.158524327589499900 ) ) ;
#3879 = LINE ( 'NONE', #3878, #3877 ) ;
#3880 = CARTESIAN_POINT ( 'NONE',  ( 0.4445000000000000100, 11.43000000000000000, -2.158524327589499900 ) ) ;
#3881 = DIRECTION ( 'NONE',  ( 0.0000000000000000000, 0.0000000000000000000, 1.000000000000000000 ) ) ;
#3882 = DIRECTION ( 'NONE',  ( 0.0000000000000000000, 1.000000000000000000, 0.0000000000000000000 ) ) ;
#3883 = CARTESIAN_POINT ( 'NONE',  ( 0.0000000000000000000, 11.43000000000000000, 0.0000000000000000000 ) ) ;
#3884 = CARTESIAN_POINT ( 'NONE',  ( 0.8679845199528205500, 0.4572000000000005500, -2.095500000000000400 ) ) ;
#3885 = DIRECTION ( 'NONE',  ( 0.0000000000000000000, 0.0000000000000000000, -1.000000000000000000 ) ) ;
#3886 = DIRECTION ( 'NONE',  ( -0.0000000000000000000, -1.000000000000000000, -0.0000000000000000000 ) ) ;
#3887 = CARTESIAN_POINT ( 'NONE',  ( 0.0000000000000000000, 14.80446312505496700, 4.762500000000002000 ) ) ;
#3888 = AXIS2_PLACEMENT_3D ( 'NONE', #3887, #3886, #3885 ) ;
#3889 = CIRCLE ( 'NONE', #3888, 2.410628658624779600 ) ;
#3890 = DIRECTION ( 'NONE',  ( 1.000000000000000000, 0.0000000000000000000, 0.0000000000000000000 ) ) ;
#3891 = DIRECTION ( 'NONE',  ( 2.449212707644754500E-016, -1.000000000000000000, -0.0000000000000000000 ) ) ;
#3892 = CARTESIAN_POINT ( 'NONE',  ( -3.050684045977384600E-015, 12.46754691167845100, 0.0000000000000000000 ) ) ;
#3893 = AXIS2_PLACEMENT_3D ( 'NONE', #3892, #3891, #3890 ) ;
#3894 = DIRECTION ( 'NONE',  ( 0.0000000000000000000, 0.0000000000000000000, -1.000000000000000000 ) ) ;
#3895 = DIRECTION ( 'NONE',  ( 0.0000000000000000000, -1.000000000000000000, 0.0000000000000000000 ) ) ;
#3896 = AXIS2_PLACEMENT_3D ( 'NONE', #3898, #3895, #3894 ) ;
#3897 = CIRCLE ( 'NONE', #3893, 2.203816581023861200 ) ;
#3898 = CARTESIAN_POINT ( 'NONE',  ( 0.0000000000000000000, 21.42999999999999600, 0.0000000000000000000 ) ) ;
#3899 = CYLINDRICAL_SURFACE ( 'NONE', #3896, 2.203816581023861200 ) ;
#3900 = FACE_OUTER_BOUND ( 'NONE', #1049, .T. ) ;
#3901 = DIRECTION ( 'NONE',  ( 0.0000000000000000000, 0.0000000000000000000, 1.000000000000000000 ) ) ;
#3902 = DIRECTION ( 'NONE',  ( 0.0000000000000000000, 1.000000000000000000, 0.0000000000000000000 ) ) ;
#3903 = CARTESIAN_POINT ( 'NONE',  ( -3.094578405003400200E-015, 11.43000000000000000, -1.768646937069031200E-016 ) ) ;
#3904 = AXIS2_PLACEMENT_3D ( 'NONE', #3903, #3902, #3901 ) ;
#3905 = CIRCLE ( 'NONE', #3904, 0.5754545270613811200 ) ;
#3906 = CARTESIAN_POINT ( 'NONE',  ( 0.5754545270613783400, 11.43000000000000000, 7.047052701752184100E-017 ) ) ;
#3907 = DIRECTION ( 'NONE',  ( 0.6427876096865407000, 0.7660444431189769000, 7.871617909804361700E-017 ) ) ;
#3908 = VECTOR ( 'NONE', #3907, 1000.000000000000200 ) ;
#3909 = CARTESIAN_POINT ( 'NONE',  ( 1.586563240746571100, 12.63499244203763400, 1.942915425359276800E-016 ) ) ;
#3910 = LINE ( 'NONE', #3909, #3908 ) ;
#3911 = FACE_OUTER_BOUND ( 'NONE', #1068, .T. ) ;
#3912 = DIRECTION ( 'NONE',  ( -1.000000000000000000, 0.0000000000000000000, 0.0000000000000000000 ) ) ;
#3913 = DIRECTION ( 'NONE',  ( 0.0000000000000000000, 0.0000000000000000000, -1.000000000000000000 ) ) ;
#3914 = CARTESIAN_POINT ( 'NONE',  ( 3.564316141976548600, 10.75914057146933800, 0.0000000000000000000 ) ) ;
#3915 = AXIS2_PLACEMENT_3D ( 'NONE', #3914, #3913, #3912 ) ;
#3916 = CIRCLE ( 'NONE', #3915, 0.8889999999999986800 ) ;
#3917 = DIRECTION ( 'NONE',  ( 1.000000000000000000, 0.0000000000000000000, -1.224606353822377800E-016 ) ) ;
#3918 = DIRECTION ( 'NONE',  ( 1.224606353822377300E-016, 2.999321443644274900E-032, 1.000000000000000000 ) ) ;
#3919 = CARTESIAN_POINT ( 'NONE',  ( -3.564316141976553900, 10.75914057146933400, 4.364884194496147100E-016 ) ) ;
#3920 = AXIS2_PLACEMENT_3D ( 'NONE', #3919, #3918, #3917 ) ;
#3921 = CIRCLE ( 'NONE', #3920, 0.8889999999999986800 ) ;
#3922 = CARTESIAN_POINT ( 'NONE',  ( -2.095500000000002100, 8.331200000000000800, 0.0000000000000000000 ) ) ;
#3923 = DIRECTION ( 'NONE',  ( 2.449212707644754500E-016, -1.000000000000000000, -0.0000000000000000000 ) ) ;
#3924 = VECTOR ( 'NONE', #3923, 1000.000000000000000 ) ;
#3925 = CARTESIAN_POINT ( 'NONE',  ( -2.095500000000000800, -5.132325228869585600E-016, 2.566162614434792800E-016 ) ) ;
#3926 = LINE ( 'NONE', #3925, #3924 ) ;
#3927 = CARTESIAN_POINT ( 'NONE',  ( -2.095500000000002100, 8.737600000000000500, 0.0000000000000000000 ) ) ;
#3928 = CARTESIAN_POINT ( 'NONE',  ( -2.095500000000001700, 8.686799999999999900, 0.8679845199528224400 ) ) ;
#3929 = CARTESIAN_POINT ( 'NONE',  ( -1.481742259976412300, 8.635999999999999200, 1.481742259976410700 ) ) ;
#3930 = CARTESIAN_POINT ( 'NONE',  ( -0.8679845199528235500, 8.585199999999998600, 2.095499999999999900 ) ) ;
#3931 = CARTESIAN_POINT ( 'NONE',  ( -1.705331701047120500E-015, 8.534400000000001500, 2.095500000000000400 ) ) ;
#3932 = CARTESIAN_POINT ( 'NONE',  ( 0.8679845199528197800, 8.483600000000000900, 2.095499999999999900 ) ) ;
#3933 = CARTESIAN_POINT ( 'NONE',  ( 1.481742259976408500, 8.432800000000000300, 1.481742259976410300 ) ) ;
#3934 = CARTESIAN_POINT ( 'NONE',  ( 2.095499999999998100, 8.382000000000001400, 0.8679845199528205500 ) ) ;
#3935 = CARTESIAN_POINT ( 'NONE',  ( 2.095499999999998100, 8.331200000000002600, -2.566162614434791800E-016 ) ) ;
#3936 =( BOUNDED_CURVE ( )  B_SPLINE_CURVE ( 2, ( #3935, #3934, #3933, #3932, #3931, #3930, #3929, #3928, #3927 ),
 .UNSPECIFIED., .F., .F. ) 
 B_SPLINE_CURVE_WITH_KNOTS ( ( 3, 2, 2, 2, 3 ),
 ( 0.9545454545454545900, 0.9659090909090909400, 0.9772727272727272900, 0.9886363636363636500, 1.000000000000000000 ),
 .UNSPECIFIED. ) 
 CURVE ( )  GEOMETRIC_REPRESENTATION_ITEM ( )  RATIONAL_B_SPLINE_CURVE ( ( 1.000000000000000000, 0.9238795325112867400, 1.000000000000000000, 0.9238795325112867400, 1.000000000000000000, 0.9238795325112867400, 1.000000000000000000, 0.9238795325112867400, 1.000000000000000000 ) ) 
 REPRESENTATION_ITEM ( '' )  );
#3937 = CARTESIAN_POINT ( 'NONE',  ( -2.095500000000002100, 8.737600000000000500, 0.0000000000000000000 ) ) ;
#3938 = CARTESIAN_POINT ( 'NONE',  ( 2.095499999999998100, 8.331200000000002600, -2.566162614434791800E-016 ) ) ;
#3939 = LINE ( 'NONE', #4001, #4000 ) ;
#3940 = CARTESIAN_POINT ( 'NONE',  ( 4.635499999999996000, 9.525000000000000400, 0.0000000000000000000 ) ) ;
#3941 = DIRECTION ( 'NONE',  ( 1.000000000000000000, 3.742257525567484800E-016, 0.0000000000000000000 ) ) ;
#3942 = DIRECTION ( 'NONE',  ( 2.449212707644754500E-016, -1.000000000000000000, -0.0000000000000000000 ) ) ;
#3943 = CARTESIAN_POINT ( 'NONE',  ( -2.332875104031628500E-015, 9.524999999999998600, 0.0000000000000000000 ) ) ;
#3944 = AXIS2_PLACEMENT_3D ( 'NONE', #3943, #3942, #3941 ) ;
#3945 = CIRCLE ( 'NONE', #3944, 4.635499999999998600 ) ;
#3946 = CARTESIAN_POINT ( 'NONE',  ( -4.635500000000001300, 9.524999999999996800, 5.676662753143629400E-016 ) ) ;
#3947 = DIRECTION ( 'NONE',  ( -0.1391731009600718800, -0.9902680687415693600, 1.704322637168675300E-017 ) ) ;
#3948 = VECTOR ( 'NONE', #3947, 1000.000000000000200 ) ;
#3949 = CARTESIAN_POINT ( 'NONE',  ( -4.635500000000001300, 9.524999999999996800, 5.676662753143629400E-016 ) ) ;
#3950 = LINE ( 'NONE', #3949, #3948 ) ;
#3951 = CARTESIAN_POINT ( 'NONE',  ( -2.095500000000002100, 9.144000000000001900, 0.0000000000000000000 ) ) ;
#3952 = DIRECTION ( 'NONE',  ( 2.449212707644754500E-016, -1.000000000000000000, -0.0000000000000000000 ) ) ;
#3953 = VECTOR ( 'NONE', #3952, 1000.000000000000000 ) ;
#3954 = CARTESIAN_POINT ( 'NONE',  ( -2.095500000000000800, -5.132325228869585600E-016, 2.566162614434792800E-016 ) ) ;
#3955 = LINE ( 'NONE', #3954, #3953 ) ;
#3956 = CARTESIAN_POINT ( 'NONE',  ( -2.095500000000004400, 9.525000000000000400, 2.566162614434795300E-016 ) ) ;
#3957 = CARTESIAN_POINT ( 'NONE',  ( 2.095500000000000400, 9.525000000000000400, 0.0000000000000000000 ) ) ;
#3958 = DIRECTION ( 'NONE',  ( 1.000000000000000000, 0.0000000000000000000, 0.0000000000000000000 ) ) ;
#3959 = DIRECTION ( 'NONE',  ( 2.449212707644754500E-016, -1.000000000000000000, -0.0000000000000000000 ) ) ;
#3960 = CARTESIAN_POINT ( 'NONE',  ( -2.332875104031628900E-015, 9.525000000000000400, 0.0000000000000000000 ) ) ;
#3961 = AXIS2_PLACEMENT_3D ( 'NONE', #3960, #3959, #3958 ) ;
#3962 = CIRCLE ( 'NONE', #3961, 2.095500000000002100 ) ;
#3963 = DIRECTION ( 'NONE',  ( 1.000000000000000000, 2.449212707644755000E-016, 0.0000000000000000000 ) ) ;
#3964 = DIRECTION ( 'NONE',  ( 2.449212707644754500E-016, -1.000000000000000000, -0.0000000000000000000 ) ) ;
#3965 = AXIS2_PLACEMENT_3D ( 'NONE', #3966, #3964, #3963 ) ;
#3966 = CARTESIAN_POINT ( 'NONE',  ( 0.0000000000000000000, 0.0000000000000000000, 0.0000000000000000000 ) ) ;
#3967 = CYLINDRICAL_SURFACE ( 'NONE', #3965, 2.095500000000000800 ) ;
#3968 = FACE_OUTER_BOUND ( 'NONE', #1104, .T. ) ;
#3969 = DIRECTION ( 'NONE',  ( 2.449212707644754500E-016, -1.000000000000000000, -0.0000000000000000000 ) ) ;
#3970 = VECTOR ( 'NONE', #3969, 1000.000000000000000 ) ;
#3971 = CARTESIAN_POINT ( 'NONE',  ( 2.095500000000000800, 5.132325228869585600E-016, 0.0000000000000000000 ) ) ;
#3972 = LINE ( 'NONE', #3971, #3970 ) ;
#3973 = CARTESIAN_POINT ( 'NONE',  ( 2.095499999999999000, 5.486400000000000600, -2.566162614434791800E-016 ) ) ;
#3974 = CARTESIAN_POINT ( 'NONE',  ( 0.0000000000000000000, 0.3406409295698253900, 2.078563626546405400 ) ) ;
#3975 = DIRECTION ( 'NONE',  ( 0.0000000000000000000, 0.0000000000000000000, -1.000000000000000000 ) ) ;
#3976 = DIRECTION ( 'NONE',  ( -0.0000000000000000000, -1.000000000000000000, -0.0000000000000000000 ) ) ;
#3977 = CARTESIAN_POINT ( 'NONE',  ( 0.0000000000000000000, 0.3406409295698253300, 0.0000000000000000000 ) ) ;
#3978 = AXIS2_PLACEMENT_3D ( 'NONE', #3977, #3976, #3975 ) ;
#3979 = CIRCLE ( 'NONE', #3978, 2.078563626546405400 ) ;
#3980 = CARTESIAN_POINT ( 'NONE',  ( 2.545422223892810900E-016, 0.3406409295698253900, -2.078563626546405400 ) ) ;
#3981 = DIRECTION ( 'NONE',  ( 7.363539563074324300E-017, 0.7990244809155271400, -0.6012984940091504700 ) ) ;
#3982 = VECTOR ( 'NONE', #3981, 1000.000000000000100 ) ;
#3983 = CARTESIAN_POINT ( 'NONE',  ( 2.180561532058769200E-016, -0.05527277796440674400, -1.780622422260474300 ) ) ;
#3984 = LINE ( 'NONE', #3983, #3982 ) ;
#3985 = CARTESIAN_POINT ( 'NONE',  ( 9.629649721936179300E-032, -2.574980159653073000E-016, 1.822217440865684800 ) ) ;
#3986 = CARTESIAN_POINT ( 'NONE',  ( -4.106332312511686000, 11.46379614043791100, 5.028640640807942400E-016 ) ) ;
#3987 = CARTESIAN_POINT ( 'NONE',  ( 4.106332312511680600, 11.46379614043791200, 0.0000000000000000000 ) ) ;
#3988 = DIRECTION ( 'NONE',  ( 1.000000000000000000, 4.224508256896882100E-016, 0.0000000000000000000 ) ) ;
#3989 = DIRECTION ( 'NONE',  ( 2.449212707644754500E-016, -1.000000000000000000, -0.0000000000000000000 ) ) ;
#3990 = CARTESIAN_POINT ( 'NONE',  ( -2.807727518500942600E-015, 11.46379614043791200, 0.0000000000000000000 ) ) ;
#3991 = AXIS2_PLACEMENT_3D ( 'NONE', #3990, #3989, #3988 ) ;
#3992 = DIRECTION ( 'NONE',  ( 1.000000000000000000, 2.449212707644754500E-016, 0.0000000000000000000 ) ) ;
#3993 = DIRECTION ( 'NONE',  ( 2.449212707644754500E-016, -1.000000000000000000, -0.0000000000000000000 ) ) ;
#3994 = CARTESIAN_POINT ( 'NONE',  ( -2.602085213965210600E-015, 10.75914057146933600, 0.0000000000000000000 ) ) ;
#3995 = AXIS2_PLACEMENT_3D ( 'NONE', #3994, #3993, #3992 ) ;
#3996 = TOROIDAL_SURFACE ( 'NONE', #3995, 3.564316141976551200, 0.8889999999999989000 ) ;
#3997 = CIRCLE ( 'NONE', #3991, 4.106332312511682400 ) ;
#3998 = FACE_OUTER_BOUND ( 'NONE', #1085, .T. ) ;
#3999 = DIRECTION ( 'NONE',  ( 0.1391731009600723800, -0.9902680687415693600, 0.0000000000000000000 ) ) ;
#4000 = VECTOR ( 'NONE', #3999, 1000.000000000000000 ) ;
#4001 = CARTESIAN_POINT ( 'NONE',  ( 4.635499999999996000, 9.525000000000000400, 0.0000000000000000000 ) ) ;
#4002 = CARTESIAN_POINT ( 'NONE',  ( -2.095500000000001700, 6.705599999999999600, 0.0000000000000000000 ) ) ;
#4003 = DIRECTION ( 'NONE',  ( 2.449212707644754500E-016, -1.000000000000000000, -0.0000000000000000000 ) ) ;
#4004 = VECTOR ( 'NONE', #4003, 1000.000000000000000 ) ;
#4005 = CARTESIAN_POINT ( 'NONE',  ( -2.095500000000000800, -5.132325228869585600E-016, 2.566162614434792800E-016 ) ) ;
#4006 = LINE ( 'NONE', #4005, #4004 ) ;
#4007 = CARTESIAN_POINT ( 'NONE',  ( -2.095500000000001700, 7.111999999999999200, 0.0000000000000000000 ) ) ;
#4008 = CARTESIAN_POINT ( 'NONE',  ( -2.095500000000001300, 7.061200000000000400, 0.8679845199528224400 ) ) ;
#4009 = CARTESIAN_POINT ( 'NONE',  ( -1.481742259976411800, 7.010400000000000600, 1.481742259976410700 ) ) ;
#4010 = CARTESIAN_POINT ( 'NONE',  ( -0.8679845199528230000, 6.959600000000001800, 2.095499999999999900 ) ) ;
#4011 = CARTESIAN_POINT ( 'NONE',  ( -1.307187683292389400E-015, 6.908800000000000300, 2.095500000000000400 ) ) ;
#4012 = CARTESIAN_POINT ( 'NONE',  ( 0.8679845199528203300, 6.858000000000001400, 2.095499999999999900 ) ) ;
#4013 = CARTESIAN_POINT ( 'NONE',  ( 1.481742259976409000, 6.807199999999999900, 1.481742259976410300 ) ) ;
#4014 = CARTESIAN_POINT ( 'NONE',  ( 2.095499999999998600, 6.756400000000002800, 0.8679845199528205500 ) ) ;
#4015 = CARTESIAN_POINT ( 'NONE',  ( 2.095499999999998600, 6.705600000000001300, -2.566162614434791800E-016 ) ) ;
#4016 = CARTESIAN_POINT ( 'NONE',  ( -2.095500000000001700, 7.111999999999999200, 0.0000000000000000000 ) ) ;
#4017 = CARTESIAN_POINT ( 'NONE',  ( 2.095499999999998600, 6.705600000000001300, -2.566162614434791800E-016 ) ) ;
#4018 =( BOUNDED_CURVE ( )  B_SPLINE_CURVE ( 2, ( #4015, #4014, #4013, #4012, #4011, #4010, #4009, #4008, #4007 ),
 .UNSPECIFIED., .F., .T. ) 
 B_SPLINE_CURVE_WITH_KNOTS ( ( 3, 2, 2, 2, 3 ),
 ( 0.7727272727272727100, 0.7840909090909090600, 0.7954545454545455300, 0.8068181818181818800, 0.8181818181818182300 ),
 .UNSPECIFIED. ) 
 CURVE ( )  GEOMETRIC_REPRESENTATION_ITEM ( )  RATIONAL_B_SPLINE_CURVE ( ( 1.000000000000000000, 0.9238795325112867400, 1.000000000000000000, 0.9238795325112867400, 1.000000000000000000, 0.9238795325112867400, 1.000000000000000000, 0.9238795325112867400, 1.000000000000000000 ) ) 
 REPRESENTATION_ITEM ( '' )  );
#4019 = DIRECTION ( 'NONE',  ( 1.000000000000000000, 2.449212707644755000E-016, 0.0000000000000000000 ) ) ;
#4020 = DIRECTION ( 'NONE',  ( 2.449212707644754500E-016, -1.000000000000000000, -0.0000000000000000000 ) ) ;
#4021 = AXIS2_PLACEMENT_3D ( 'NONE', #4022, #4020, #4019 ) ;
#4022 = CARTESIAN_POINT ( 'NONE',  ( 0.0000000000000000000, 0.0000000000000000000, 0.0000000000000000000 ) ) ;
#4023 = CYLINDRICAL_SURFACE ( 'NONE', #4021, 2.095500000000000800 ) ;
#4024 = LINE ( 'NONE', #4059, #4058 ) ;
#4025 = CARTESIAN_POINT ( 'NONE',  ( 2.095499999999998600, 7.924800000000001200, -2.566162614434791800E-016 ) ) ;
#4026 =( BOUNDED_CURVE ( )  B_SPLINE_CURVE ( 2, ( #4068, #4067, #4066, #4065, #4064, #4063, #4062, #4061, #4060 ),
 .UNSPECIFIED., .F., .T. ) 
 B_SPLINE_CURVE_WITH_KNOTS ( ( 3, 2, 2, 2, 3 ),
 ( 0.8636363636363636500, 0.8750000000000000000, 0.8863636363636363500, 0.8977272727272727100, 0.9090909090909091700 ),
 .UNSPECIFIED. ) 
 CURVE ( )  GEOMETRIC_REPRESENTATION_ITEM ( )  RATIONAL_B_SPLINE_CURVE ( ( 1.000000000000000000, 0.9238795325112867400, 1.000000000000000000, 0.9238795325112867400, 1.000000000000000000, 0.9238795325112867400, 1.000000000000000000, 0.9238795325112867400, 1.000000000000000000 ) ) 
 REPRESENTATION_ITEM ( '' )  );
#4027 = DIRECTION ( 'NONE',  ( 2.449212707644754500E-016, -1.000000000000000000, -0.0000000000000000000 ) ) ;
#4028 = VECTOR ( 'NONE', #4027, 1000.000000000000000 ) ;
#4029 = CARTESIAN_POINT ( 'NONE',  ( 2.095500000000000800, 5.132325228869585600E-016, 0.0000000000000000000 ) ) ;
#4030 = CARTESIAN_POINT ( 'NONE',  ( -2.095500000000001700, 6.705599999999999600, 0.0000000000000000000 ) ) ;
#4031 = CARTESIAN_POINT ( 'NONE',  ( -2.095500000000001300, 6.654800000000000700, 0.8679845199528224400 ) ) ;
#4032 = CARTESIAN_POINT ( 'NONE',  ( -1.481742259976411600, 6.603999999999999200, 1.481742259976410700 ) ) ;
#4033 = CARTESIAN_POINT ( 'NONE',  ( -0.8679845199528227800, 6.553200000000001200, 2.095499999999999900 ) ) ;
#4034 = CARTESIAN_POINT ( 'NONE',  ( -1.207651678853706700E-015, 6.502400000000000600, 2.095500000000000400 ) ) ;
#4035 = CARTESIAN_POINT ( 'NONE',  ( 0.8679845199528204400, 6.451600000000000900, 2.095499999999999900 ) ) ;
#4036 = CARTESIAN_POINT ( 'NONE',  ( 1.481742259976409200, 6.400800000000001200, 1.481742259976410300 ) ) ;
#4037 = CARTESIAN_POINT ( 'NONE',  ( 2.095499999999999000, 6.350000000000000500, 0.8679845199528205500 ) ) ;
#4038 = CARTESIAN_POINT ( 'NONE',  ( 2.095499999999999000, 6.299200000000000800, -2.566162614434791800E-016 ) ) ;
#4039 = LINE ( 'NONE', #4029, #4028 ) ;
#4040 = CARTESIAN_POINT ( 'NONE',  ( 2.095499999999999000, 6.299200000000000800, -2.566162614434791800E-016 ) ) ;
#4041 =( BOUNDED_CURVE ( )  B_SPLINE_CURVE ( 2, ( #4038, #4037, #4036, #4035, #4034, #4033, #4032, #4031, #4030 ),
 .UNSPECIFIED., .F., .T. ) 
 B_SPLINE_CURVE_WITH_KNOTS ( ( 3, 2, 2, 2, 3 ),
 ( 0.6818181818181818800, 0.6931818181818182300, 0.7045454545454545900, 0.7159090909090909400, 0.7272727272727272900 ),
 .UNSPECIFIED. ) 
 CURVE ( )  GEOMETRIC_REPRESENTATION_ITEM ( )  RATIONAL_B_SPLINE_CURVE ( ( 1.000000000000000000, 0.9238795325112867400, 1.000000000000000000, 0.9238795325112867400, 1.000000000000000000, 0.9238795325112867400, 1.000000000000000000, 0.9238795325112867400, 1.000000000000000000 ) ) 
 REPRESENTATION_ITEM ( '' )  );
#4042 = CARTESIAN_POINT ( 'NONE',  ( -0.8679845199528231100, 7.772400000000001100, 2.095499999999999900 ) ) ;
#4043 = CARTESIAN_POINT ( 'NONE',  ( -1.506259692169755000E-015, 7.721600000000001400, 2.095500000000000400 ) ) ;
#4044 = CARTESIAN_POINT ( 'NONE',  ( 0.8679845199528200000, 7.670800000000000700, 2.095499999999999900 ) ) ;
#4045 = CARTESIAN_POINT ( 'NONE',  ( 1.481742259976408700, 7.620000000000001000, 1.481742259976410300 ) ) ;
#4046 = CARTESIAN_POINT ( 'NONE',  ( 2.095499999999998600, 7.569200000000001300, 0.8679845199528205500 ) ) ;
#4047 = CARTESIAN_POINT ( 'NONE',  ( 2.095499999999998600, 7.518400000000001500, -2.566162614434791800E-016 ) ) ;
#4048 = CARTESIAN_POINT ( 'NONE',  ( -2.095500000000002100, 7.924799999999999400, 0.0000000000000000000 ) ) ;
#4049 = CARTESIAN_POINT ( 'NONE',  ( 2.095499999999998600, 7.518400000000001500, -2.566162614434791800E-016 ) ) ;
#4050 =( BOUNDED_CURVE ( )  B_SPLINE_CURVE ( 2, ( #4047, #4046, #4045, #4044, #4043, #4042, #4088, #4087, #4086 ),
 .UNSPECIFIED., .F., .T. ) 
 B_SPLINE_CURVE_WITH_KNOTS ( ( 3, 2, 2, 2, 3 ),
 ( 0.8636363636363636500, 0.8750000000000000000, 0.8863636363636363500, 0.8977272727272727100, 0.9090909090909091700 ),
 .UNSPECIFIED. ) 
 CURVE ( )  GEOMETRIC_REPRESENTATION_ITEM ( )  RATIONAL_B_SPLINE_CURVE ( ( 1.000000000000000000, 0.9238795325112867400, 1.000000000000000000, 0.9238795325112867400, 1.000000000000000000, 0.9238795325112867400, 1.000000000000000000, 0.9238795325112867400, 1.000000000000000000 ) ) 
 REPRESENTATION_ITEM ( '' )  );
#4051 = DIRECTION ( 'NONE',  ( 1.000000000000000000, 2.449212707644755000E-016, 0.0000000000000000000 ) ) ;
#4052 = DIRECTION ( 'NONE',  ( 2.449212707644754500E-016, -1.000000000000000000, -0.0000000000000000000 ) ) ;
#4053 = CARTESIAN_POINT ( 'NONE',  ( 0.0000000000000000000, 0.0000000000000000000, 0.0000000000000000000 ) ) ;
#4054 = AXIS2_PLACEMENT_3D ( 'NONE', #4053, #4052, #4051 ) ;
#4055 = CYLINDRICAL_SURFACE ( 'NONE', #4054, 2.095500000000000800 ) ;
#4056 = FACE_OUTER_BOUND ( 'NONE', #1122, .T. ) ;
#4057 = DIRECTION ( 'NONE',  ( 2.449212707644754500E-016, -1.000000000000000000, -0.0000000000000000000 ) ) ;
#4058 = VECTOR ( 'NONE', #4057, 1000.000000000000000 ) ;
#4059 = CARTESIAN_POINT ( 'NONE',  ( 2.095500000000000800, 5.132325228869585600E-016, 0.0000000000000000000 ) ) ;
#4060 = CARTESIAN_POINT ( 'NONE',  ( -2.095500000000002100, 8.331200000000000800, 0.0000000000000000000 ) ) ;
#4061 = CARTESIAN_POINT ( 'NONE',  ( -2.095500000000001700, 8.280400000000000200, 0.8679845199528224400 ) ) ;
#4062 = CARTESIAN_POINT ( 'NONE',  ( -1.481742259976412100, 8.229599999999999600, 1.481742259976410700 ) ) ;
#4063 = CARTESIAN_POINT ( 'NONE',  ( -0.8679845199528231100, 8.178800000000002500, 2.095499999999999900 ) ) ;
#4064 = CARTESIAN_POINT ( 'NONE',  ( -1.605795696608438100E-015, 8.128000000000001900, 2.095500000000000400 ) ) ;
#4065 = CARTESIAN_POINT ( 'NONE',  ( 0.8679845199528200000, 8.077200000000001300, 2.095499999999999900 ) ) ;
#4066 = CARTESIAN_POINT ( 'NONE',  ( 1.481742259976408700, 8.026400000000000600, 1.481742259976410300 ) ) ;
#4067 = CARTESIAN_POINT ( 'NONE',  ( 2.095499999999998600, 7.975600000000000900, 0.8679845199528205500 ) ) ;
#4068 = CARTESIAN_POINT ( 'NONE',  ( 2.095499999999998600, 7.924800000000001200, -2.566162614434791800E-016 ) ) ;
#4069 =( BOUNDED_CURVE ( )  B_SPLINE_CURVE ( 2, ( #4116, #4115, #4114, #4113, #4112, #4111, #4110, #4109, #4108 ),
 .UNSPECIFIED., .F., .T. ) 
 B_SPLINE_CURVE_WITH_KNOTS ( ( 3, 2, 2, 2, 3 ),
 ( 0.9545454545454545900, 0.9659090909090909400, 0.9772727272727272900, 0.9886363636363636500, 1.000000000000000000 ),
 .UNSPECIFIED. ) 
 CURVE ( )  GEOMETRIC_REPRESENTATION_ITEM ( )  RATIONAL_B_SPLINE_CURVE ( ( 1.000000000000000000, 0.9238795325112867400, 1.000000000000000000, 0.9238795325112867400, 1.000000000000000000, 0.9238795325112867400, 1.000000000000000000, 0.9238795325112867400, 1.000000000000000000 ) ) 
 REPRESENTATION_ITEM ( '' )  );
#4070 = CARTESIAN_POINT ( 'NONE',  ( 2.095499999999998100, 8.737600000000002300, -2.566162614434791800E-016 ) ) ;
#4071 = CARTESIAN_POINT ( 'NONE',  ( -2.095500000000001700, 7.518399999999999700, 0.0000000000000000000 ) ) ;
#4072 = CARTESIAN_POINT ( 'NONE',  ( -2.095500000000001300, 7.467600000000000000, 0.8679845199528224400 ) ) ;
#4073 = CARTESIAN_POINT ( 'NONE',  ( -1.481742259976411800, 7.416800000000000300, 1.481742259976410700 ) ) ;
#4074 = CARTESIAN_POINT ( 'NONE',  ( -0.8679845199528230000, 7.366000000000000500, 2.095499999999999900 ) ) ;
#4075 = CARTESIAN_POINT ( 'NONE',  ( -1.406723687731072200E-015, 7.315200000000000800, 2.095500000000000400 ) ) ;
#4076 = CARTESIAN_POINT ( 'NONE',  ( 0.8679845199528203300, 7.264400000000001100, 2.095499999999999900 ) ) ;
#4077 = CARTESIAN_POINT ( 'NONE',  ( 1.481742259976409000, 7.213600000000000500, 1.481742259976410300 ) ) ;
#4078 = CARTESIAN_POINT ( 'NONE',  ( 2.095499999999998600, 7.162800000000001600, 0.8679845199528205500 ) ) ;
#4079 = CARTESIAN_POINT ( 'NONE',  ( 2.095499999999998600, 7.112000000000001000, -2.566162614434791800E-016 ) ) ;
#4080 =( BOUNDED_CURVE ( )  B_SPLINE_CURVE ( 2, ( #4079, #4078, #4077, #4076, #4075, #4074, #4073, #4072, #4071 ),
 .UNSPECIFIED., .F., .T. ) 
 B_SPLINE_CURVE_WITH_KNOTS ( ( 3, 2, 2, 2, 3 ),
 ( 0.7727272727272727100, 0.7840909090909090600, 0.7954545454545455300, 0.8068181818181818800, 0.8181818181818182300 ),
 .UNSPECIFIED. ) 
 CURVE ( )  GEOMETRIC_REPRESENTATION_ITEM ( )  RATIONAL_B_SPLINE_CURVE ( ( 1.000000000000000000, 0.9238795325112867400, 1.000000000000000000, 0.9238795325112867400, 1.000000000000000000, 0.9238795325112867400, 1.000000000000000000, 0.9238795325112867400, 1.000000000000000000 ) ) 
 REPRESENTATION_ITEM ( '' )  );
#4081 = CARTESIAN_POINT ( 'NONE',  ( -2.095500000000001700, 7.518399999999999700, 0.0000000000000000000 ) ) ;
#4082 = DIRECTION ( 'NONE',  ( 2.449212707644754500E-016, -1.000000000000000000, -0.0000000000000000000 ) ) ;
#4083 = VECTOR ( 'NONE', #4082, 1000.000000000000000 ) ;
#4084 = CARTESIAN_POINT ( 'NONE',  ( -2.095500000000000800, -5.132325228869585600E-016, 2.566162614434792800E-016 ) ) ;
#4085 = LINE ( 'NONE', #4084, #4083 ) ;
#4086 = CARTESIAN_POINT ( 'NONE',  ( -2.095500000000002100, 7.924799999999999400, 0.0000000000000000000 ) ) ;
#4087 = CARTESIAN_POINT ( 'NONE',  ( -2.095500000000001700, 7.873999999999998800, 0.8679845199528224400 ) ) ;
#4088 = CARTESIAN_POINT ( 'NONE',  ( -1.481742259976412100, 7.823199999999999000, 1.481742259976410700 ) ) ;
#4089 = CARTESIAN_POINT ( 'NONE',  ( 2.095500000000000400, 0.6096000000000008100, -2.566162614434791800E-016 ) ) ;
#4090 = CARTESIAN_POINT ( 'NONE',  ( 2.095500000000000400, 0.5588000000000007400, -0.8679845199528211100 ) ) ;
#4091 = CARTESIAN_POINT ( 'NONE',  ( 1.481742259976410300, 0.5080000000000006700, -1.481742259976410500 ) ) ;
#4092 = DIRECTION ( 'NONE',  ( 1.000000000000000000, 2.449212707644755000E-016, 0.0000000000000000000 ) ) ;
#4093 = DIRECTION ( 'NONE',  ( 2.449212707644754500E-016, -1.000000000000000000, -0.0000000000000000000 ) ) ;
#4094 = AXIS2_PLACEMENT_3D ( 'NONE', #4095, #4093, #4092 ) ;
#4095 = CARTESIAN_POINT ( 'NONE',  ( 0.0000000000000000000, 0.0000000000000000000, 0.0000000000000000000 ) ) ;
#4096 = CYLINDRICAL_SURFACE ( 'NONE', #4094, 2.095500000000000800 ) ;
#4097 = DIRECTION ( 'NONE',  ( 1.000000000000000000, 2.449212707644755000E-016, 0.0000000000000000000 ) ) ;
#4098 = DIRECTION ( 'NONE',  ( 2.449212707644754500E-016, -1.000000000000000000, -0.0000000000000000000 ) ) ;
#4099 = AXIS2_PLACEMENT_3D ( 'NONE', #4101, #4098, #4097 ) ;
#4100 = FACE_OUTER_BOUND ( 'NONE', #1141, .T. ) ;
#4101 = CARTESIAN_POINT ( 'NONE',  ( 0.0000000000000000000, 0.0000000000000000000, 0.0000000000000000000 ) ) ;
#4102 = CYLINDRICAL_SURFACE ( 'NONE', #4099, 2.095500000000000800 ) ;
#4103 = FACE_OUTER_BOUND ( 'NONE', #1054, .T. ) ;
#4104 = DIRECTION ( 'NONE',  ( 2.449212707644754500E-016, -1.000000000000000000, -0.0000000000000000000 ) ) ;
#4105 = VECTOR ( 'NONE', #4104, 1000.000000000000000 ) ;
#4106 = CARTESIAN_POINT ( 'NONE',  ( 2.095500000000000800, 5.132325228869585600E-016, 0.0000000000000000000 ) ) ;
#4107 = LINE ( 'NONE', #4106, #4105 ) ;
#4108 = CARTESIAN_POINT ( 'NONE',  ( -2.095500000000002100, 9.144000000000001900, 0.0000000000000000000 ) ) ;
#4109 = CARTESIAN_POINT ( 'NONE',  ( -2.095500000000001700, 9.093200000000001300, 0.8679845199528224400 ) ) ;
#4110 = CARTESIAN_POINT ( 'NONE',  ( -1.481742259976412300, 9.042400000000000700, 1.481742259976410700 ) ) ;
#4111 = CARTESIAN_POINT ( 'NONE',  ( -0.8679845199528235500, 8.991600000000000000, 2.095499999999999900 ) ) ;
#4112 = CARTESIAN_POINT ( 'NONE',  ( -1.804867705485803500E-015, 8.940800000000001200, 2.095500000000000400 ) ) ;
#4113 = CARTESIAN_POINT ( 'NONE',  ( 0.8679845199528197800, 8.890000000000000600, 2.095499999999999900 ) ) ;
#4114 = CARTESIAN_POINT ( 'NONE',  ( 1.481742259976408500, 8.839199999999999900, 1.481742259976410300 ) ) ;
#4115 = CARTESIAN_POINT ( 'NONE',  ( 2.095499999999998100, 8.788399999999999300, 0.8679845199528205500 ) ) ;
#4116 = CARTESIAN_POINT ( 'NONE',  ( 2.095499999999998100, 8.737600000000002300, -2.566162614434791800E-016 ) ) ;
#4117 = CARTESIAN_POINT ( 'NONE',  ( 1.481742259976409800, 3.962400000000001500, 1.481742259976410300 ) ) ;
#4118 = CARTESIAN_POINT ( 'NONE',  ( 2.095499999999999500, 3.911600000000000900, 0.8679845199528205500 ) ) ;
#4119 = CARTESIAN_POINT ( 'NONE',  ( 2.095499999999999500, 3.860800000000000700, -2.566162614434791800E-016 ) ) ;
#4120 = LINE ( 'NONE', #4161, #4160 ) ;
#4121 = CARTESIAN_POINT ( 'NONE',  ( 2.095499999999999500, 3.860800000000000700, -2.566162614434791800E-016 ) ) ;
#4122 =( BOUNDED_CURVE ( )  B_SPLINE_CURVE ( 2, ( #4119, #4118, #4117, #4167, #4166, #4165, #4164, #4163, #4162 ),
 .UNSPECIFIED., .F., .T. ) 
 B_SPLINE_CURVE_WITH_KNOTS ( ( 3, 2, 2, 2, 3 ),
 ( 0.4090909090909091200, 0.4204545454545454700, 0.4318181818181818200, 0.4431818181818181800, 0.4545454545454545900 ),
 .UNSPECIFIED. ) 
 CURVE ( )  GEOMETRIC_REPRESENTATION_ITEM ( )  RATIONAL_B_SPLINE_CURVE ( ( 1.000000000000000000, 0.9238795325112867400, 1.000000000000000000, 0.9238795325112867400, 1.000000000000000000, 0.9238795325112867400, 1.000000000000000000, 0.9238795325112867400, 1.000000000000000000 ) ) 
 REPRESENTATION_ITEM ( '' )  );
#4123 = CARTESIAN_POINT ( 'NONE',  ( -2.095500000000000800, 4.267199999999999900, 0.0000000000000000000 ) ) ;
#4124 = DIRECTION ( 'NONE',  ( 2.449212707644754500E-016, -1.000000000000000000, -0.0000000000000000000 ) ) ;
#4125 = VECTOR ( 'NONE', #4124, 1000.000000000000000 ) ;
#4126 = CARTESIAN_POINT ( 'NONE',  ( -2.095500000000000800, -5.132325228869585600E-016, 2.566162614434792800E-016 ) ) ;
#4127 = LINE ( 'NONE', #4126, #4125 ) ;
#4128 = CARTESIAN_POINT ( 'NONE',  ( -2.095500000000001300, 4.673600000000000400, 0.0000000000000000000 ) ) ;
#4129 = CARTESIAN_POINT ( 'NONE',  ( -2.095500000000000800, 4.622799999999999800, 0.8679845199528224400 ) ) ;
#4130 = CARTESIAN_POINT ( 'NONE',  ( -1.481742259976411200, 4.572000000000001000, 1.481742259976410700 ) ) ;
#4131 = CARTESIAN_POINT ( 'NONE',  ( -0.8679845199528224400, 4.521200000000000300, 2.095499999999999900 ) ) ;
#4132 = CARTESIAN_POINT ( 'NONE',  ( -7.099716566602924500E-016, 4.470400000000000600, 2.095500000000000400 ) ) ;
#4133 = CARTESIAN_POINT ( 'NONE',  ( 0.8679845199528211100, 4.419600000000000000, 2.095499999999999900 ) ) ;
#4134 = CARTESIAN_POINT ( 'NONE',  ( 1.481742259976409600, 4.368800000000001100, 1.481742259976410300 ) ) ;
#4135 = CARTESIAN_POINT ( 'NONE',  ( 2.095499999999999000, 4.318000000000001400, 0.8679845199528205500 ) ) ;
#4136 = CARTESIAN_POINT ( 'NONE',  ( 2.095499999999999000, 4.267200000000001700, -2.566162614434791800E-016 ) ) ;
#4137 =( BOUNDED_CURVE ( )  B_SPLINE_CURVE ( 2, ( #4136, #4135, #4134, #4133, #4132, #4131, #4130, #4129, #4128 ),
 .UNSPECIFIED., .F., .F. ) 
 B_SPLINE_CURVE_WITH_KNOTS ( ( 3, 2, 2, 2, 3 ),
 ( 0.5000000000000000000, 0.5113636363636363500, 0.5227272727272727100, 0.5340909090909090600, 0.5454545454545454100 ),
 .UNSPECIFIED. ) 
 CURVE ( )  GEOMETRIC_REPRESENTATION_ITEM ( )  RATIONAL_B_SPLINE_CURVE ( ( 1.000000000000000000, 0.9238795325112867400, 1.000000000000000000, 0.9238795325112867400, 1.000000000000000000, 0.9238795325112867400, 1.000000000000000000, 0.9238795325112867400, 1.000000000000000000 ) ) 
 REPRESENTATION_ITEM ( '' )  );
#4138 = CARTESIAN_POINT ( 'NONE',  ( -2.095500000000001300, 4.673600000000000400, 0.0000000000000000000 ) ) ;
#4139 = CARTESIAN_POINT ( 'NONE',  ( 2.095499999999999000, 4.267200000000001700, -2.566162614434791800E-016 ) ) ;
#4140 = CARTESIAN_POINT ( 'NONE',  ( -2.095500000000001300, 5.486399999999999700, 0.0000000000000000000 ) ) ;
#4141 =( BOUNDED_CURVE ( )  B_SPLINE_CURVE ( 2, ( #4187, #4186, #4185, #4184, #4183, #4182, #4181, #4180, #4179 ),
 .UNSPECIFIED., .F., .T. ) 
 B_SPLINE_CURVE_WITH_KNOTS ( ( 3, 2, 2, 2, 3 ),
 ( 0.5909090909090909400, 0.6022727272727272900, 0.6136363636363636500, 0.6250000000000000000, 0.6363636363636363500 ),
 .UNSPECIFIED. ) 
 CURVE ( )  GEOMETRIC_REPRESENTATION_ITEM ( )  RATIONAL_B_SPLINE_CURVE ( ( 1.000000000000000000, 0.9238795325112867400, 1.000000000000000000, 0.9238795325112867400, 1.000000000000000000, 0.9238795325112867400, 1.000000000000000000, 0.9238795325112867400, 1.000000000000000000 ) ) 
 REPRESENTATION_ITEM ( '' )  );
#4142 = CARTESIAN_POINT ( 'NONE',  ( 2.095499999999999000, 5.080000000000001000, -2.566162614434791800E-016 ) ) ;
#4143 = DIRECTION ( 'NONE',  ( 1.000000000000000000, 2.449212707644755000E-016, 0.0000000000000000000 ) ) ;
#4144 = DIRECTION ( 'NONE',  ( 2.449212707644754500E-016, -1.000000000000000000, -0.0000000000000000000 ) ) ;
#4145 = AXIS2_PLACEMENT_3D ( 'NONE', #4146, #4144, #4143 ) ;
#4146 = CARTESIAN_POINT ( 'NONE',  ( 0.0000000000000000000, 0.0000000000000000000, 0.0000000000000000000 ) ) ;
#4147 = CYLINDRICAL_SURFACE ( 'NONE', #4145, 2.095500000000000800 ) ;
#4148 = FACE_OUTER_BOUND ( 'NONE', #1100, .T. ) ;
#4149 = DIRECTION ( 'NONE',  ( 2.449212707644754500E-016, -1.000000000000000000, -0.0000000000000000000 ) ) ;
#4150 = VECTOR ( 'NONE', #4149, 1000.000000000000000 ) ;
#4151 = CARTESIAN_POINT ( 'NONE',  ( 2.095500000000000800, 5.132325228869585600E-016, 0.0000000000000000000 ) ) ;
#4152 = LINE ( 'NONE', #4151, #4150 ) ;
#4153 = DIRECTION ( 'NONE',  ( 1.000000000000000000, 2.449212707644755000E-016, 0.0000000000000000000 ) ) ;
#4154 = DIRECTION ( 'NONE',  ( 2.449212707644754500E-016, -1.000000000000000000, -0.0000000000000000000 ) ) ;
#4155 = CARTESIAN_POINT ( 'NONE',  ( 0.0000000000000000000, 0.0000000000000000000, 0.0000000000000000000 ) ) ;
#4156 = AXIS2_PLACEMENT_3D ( 'NONE', #4155, #4154, #4153 ) ;
#4157 = CYLINDRICAL_SURFACE ( 'NONE', #4156, 2.095500000000000800 ) ;
#4158 = FACE_OUTER_BOUND ( 'NONE', #1207, .T. ) ;
#4159 = DIRECTION ( 'NONE',  ( 2.449212707644754500E-016, -1.000000000000000000, -0.0000000000000000000 ) ) ;
#4160 = VECTOR ( 'NONE', #4159, 1000.000000000000000 ) ;
#4161 = CARTESIAN_POINT ( 'NONE',  ( 2.095500000000000800, 5.132325228869585600E-016, 0.0000000000000000000 ) ) ;
#4162 = CARTESIAN_POINT ( 'NONE',  ( -2.095500000000000800, 4.267199999999999900, 0.0000000000000000000 ) ) ;
#4163 = CARTESIAN_POINT ( 'NONE',  ( -2.095500000000000400, 4.216399999999999300, 0.8679845199528224400 ) ) ;
#4164 = CARTESIAN_POINT ( 'NONE',  ( -1.481742259976411000, 4.165600000000000400, 1.481742259976410700 ) ) ;
#4165 = CARTESIAN_POINT ( 'NONE',  ( -0.8679845199528224400, 4.114799999999999800, 2.095499999999999900 ) ) ;
#4166 = CARTESIAN_POINT ( 'NONE',  ( -6.104356522216096200E-016, 4.064000000000000900, 2.095500000000000400 ) ) ;
#4167 = CARTESIAN_POINT ( 'NONE',  ( 0.8679845199528211100, 4.013200000000000300, 2.095499999999999900 ) ) ;
#4168 = CARTESIAN_POINT ( 'NONE',  ( 1.481742259976409600, 4.775200000000000800, 1.481742259976410300 ) ) ;
#4169 = CARTESIAN_POINT ( 'NONE',  ( 2.095499999999999000, 4.724400000000001000, 0.8679845199528205500 ) ) ;
#4170 = CARTESIAN_POINT ( 'NONE',  ( 2.095499999999999000, 4.673600000000000400, -2.566162614434791800E-016 ) ) ;
#4171 = LINE ( 'NONE', #4207, #4206 ) ;
#4172 = CARTESIAN_POINT ( 'NONE',  ( 2.095499999999999000, 4.673600000000000400, -2.566162614434791800E-016 ) ) ;
#4173 =( BOUNDED_CURVE ( )  B_SPLINE_CURVE ( 2, ( #4170, #4169, #4168, #4213, #4212, #4211, #4210, #4209, #4208 ),
 .UNSPECIFIED., .F., .T. ) 
 B_SPLINE_CURVE_WITH_KNOTS ( ( 3, 2, 2, 2, 3 ),
 ( 0.5000000000000000000, 0.5113636363636363500, 0.5227272727272727100, 0.5340909090909090600, 0.5454545454545454100 ),
 .UNSPECIFIED. ) 
 CURVE ( )  GEOMETRIC_REPRESENTATION_ITEM ( )  RATIONAL_B_SPLINE_CURVE ( ( 1.000000000000000000, 0.9238795325112867400, 1.000000000000000000, 0.9238795325112867400, 1.000000000000000000, 0.9238795325112867400, 1.000000000000000000, 0.9238795325112867400, 1.000000000000000000 ) ) 
 REPRESENTATION_ITEM ( '' )  );
#4174 = CARTESIAN_POINT ( 'NONE',  ( -2.095500000000001300, 5.080000000000000100, 0.0000000000000000000 ) ) ;
#4175 = DIRECTION ( 'NONE',  ( 2.449212707644754500E-016, -1.000000000000000000, -0.0000000000000000000 ) ) ;
#4176 = VECTOR ( 'NONE', #4175, 1000.000000000000000 ) ;
#4177 = CARTESIAN_POINT ( 'NONE',  ( -2.095500000000000800, -5.132325228869585600E-016, 2.566162614434792800E-016 ) ) ;
#4178 = LINE ( 'NONE', #4177, #4176 ) ;
#4179 = CARTESIAN_POINT ( 'NONE',  ( -2.095500000000001300, 5.486399999999999700, 0.0000000000000000000 ) ) ;
#4180 = CARTESIAN_POINT ( 'NONE',  ( -2.095500000000000800, 5.435600000000000000, 0.8679845199528224400 ) ) ;
#4181 = CARTESIAN_POINT ( 'NONE',  ( -1.481742259976411400, 5.384800000000000300, 1.481742259976410700 ) ) ;
#4182 = CARTESIAN_POINT ( 'NONE',  ( -0.8679845199528226600, 5.334000000000001400, 2.095499999999999900 ) ) ;
#4183 = CARTESIAN_POINT ( 'NONE',  ( -9.090436655376580200E-016, 5.283199999999999900, 2.095500000000000400 ) ) ;
#4184 = CARTESIAN_POINT ( 'NONE',  ( 0.8679845199528207800, 5.232400000000001100, 2.095499999999999900 ) ) ;
#4185 = CARTESIAN_POINT ( 'NONE',  ( 1.481742259976409400, 5.181600000000000400, 1.481742259976410300 ) ) ;
#4186 = CARTESIAN_POINT ( 'NONE',  ( 2.095499999999999000, 5.130800000000001600, 0.8679845199528205500 ) ) ;
#4187 = CARTESIAN_POINT ( 'NONE',  ( 2.095499999999999000, 5.080000000000001000, -2.566162614434791800E-016 ) ) ;
#4188 = CARTESIAN_POINT ( 'NONE',  ( -2.095500000000001300, 6.248399999999999300, 0.8679845199528224400 ) ) ;
#4189 = CARTESIAN_POINT ( 'NONE',  ( -1.481742259976411600, 6.197600000000000400, 1.481742259976410700 ) ) ;
#4190 = CARTESIAN_POINT ( 'NONE',  ( -0.8679845199528227800, 6.146800000000001600, 2.095499999999999900 ) ) ;
#4191 = CARTESIAN_POINT ( 'NONE',  ( -1.108115674415023900E-015, 6.096000000000001000, 2.095500000000000400 ) ) ;
#4192 = CARTESIAN_POINT ( 'NONE',  ( 0.8679845199528204400, 6.045200000000000400, 2.095499999999999900 ) ) ;
#4193 = CARTESIAN_POINT ( 'NONE',  ( 1.481742259976409200, 5.994400000000000600, 1.481742259976410300 ) ) ;
#4194 = CARTESIAN_POINT ( 'NONE',  ( 2.095499999999999000, 5.943600000000000900, 0.8679845199528205500 ) ) ;
#4195 = CARTESIAN_POINT ( 'NONE',  ( 2.095499999999999000, 5.892800000000001100, -2.566162614434791800E-016 ) ) ;
#4196 = CARTESIAN_POINT ( 'NONE',  ( -2.095500000000001700, 6.299199999999999900, 0.0000000000000000000 ) ) ;
#4197 =( BOUNDED_CURVE ( )  B_SPLINE_CURVE ( 2, ( #4195, #4194, #4193, #4192, #4191, #4190, #4189, #4188, #4234 ),
 .UNSPECIFIED., .F., .T. ) 
 B_SPLINE_CURVE_WITH_KNOTS ( ( 3, 2, 2, 2, 3 ),
 ( 0.6818181818181818800, 0.6931818181818182300, 0.7045454545454545900, 0.7159090909090909400, 0.7272727272727272900 ),
 .UNSPECIFIED. ) 
 CURVE ( )  GEOMETRIC_REPRESENTATION_ITEM ( )  RATIONAL_B_SPLINE_CURVE ( ( 1.000000000000000000, 0.9238795325112867400, 1.000000000000000000, 0.9238795325112867400, 1.000000000000000000, 0.9238795325112867400, 1.000000000000000000, 0.9238795325112867400, 1.000000000000000000 ) ) 
 REPRESENTATION_ITEM ( '' )  );
#4198 = CARTESIAN_POINT ( 'NONE',  ( 2.095499999999999000, 5.892800000000001100, -2.566162614434791800E-016 ) ) ;
#4199 = DIRECTION ( 'NONE',  ( 1.000000000000000000, 2.449212707644755000E-016, 0.0000000000000000000 ) ) ;
#4200 = DIRECTION ( 'NONE',  ( 2.449212707644754500E-016, -1.000000000000000000, -0.0000000000000000000 ) ) ;
#4201 = CARTESIAN_POINT ( 'NONE',  ( 0.0000000000000000000, 0.0000000000000000000, 0.0000000000000000000 ) ) ;
#4202 = AXIS2_PLACEMENT_3D ( 'NONE', #4201, #4200, #4199 ) ;
#4203 = CYLINDRICAL_SURFACE ( 'NONE', #4202, 2.095500000000000800 ) ;
#4204 = FACE_OUTER_BOUND ( 'NONE', #1170, .T. ) ;
#4205 = DIRECTION ( 'NONE',  ( 2.449212707644754500E-016, -1.000000000000000000, -0.0000000000000000000 ) ) ;
#4206 = VECTOR ( 'NONE', #4205, 1000.000000000000000 ) ;
#4207 = CARTESIAN_POINT ( 'NONE',  ( 2.095500000000000800, 5.132325228869585600E-016, 0.0000000000000000000 ) ) ;
#4208 = CARTESIAN_POINT ( 'NONE',  ( -2.095500000000001300, 5.080000000000000100, 0.0000000000000000000 ) ) ;
#4209 = CARTESIAN_POINT ( 'NONE',  ( -2.095500000000000800, 5.029200000000000300, 0.8679845199528224400 ) ) ;
#4210 = CARTESIAN_POINT ( 'NONE',  ( -1.481742259976411200, 4.978399999999999700, 1.481742259976410700 ) ) ;
#4211 = CARTESIAN_POINT ( 'NONE',  ( -0.8679845199528224400, 4.927600000000000000, 2.095499999999999900 ) ) ;
#4212 = CARTESIAN_POINT ( 'NONE',  ( -8.095076610989752800E-016, 4.876800000000000200, 2.095500000000000400 ) ) ;
#4213 = CARTESIAN_POINT ( 'NONE',  ( 0.8679845199528211100, 4.826000000000000500, 2.095499999999999900 ) ) ;
#4214 = CARTESIAN_POINT ( 'NONE',  ( -2.095500000000000400, 1.828799999999999800, 0.0000000000000000000 ) ) ;
#4215 = DIRECTION ( 'NONE',  ( 2.449212707644754500E-016, -1.000000000000000000, -0.0000000000000000000 ) ) ;
#4216 = VECTOR ( 'NONE', #4215, 1000.000000000000000 ) ;
#4217 = CARTESIAN_POINT ( 'NONE',  ( -2.095500000000000800, -5.132325228869585600E-016, 2.566162614434792800E-016 ) ) ;
#4218 = LINE ( 'NONE', #4217, #4216 ) ;
#4219 = CARTESIAN_POINT ( 'NONE',  ( -2.095500000000001300, 5.892800000000000300, 0.0000000000000000000 ) ) ;
#4220 = CARTESIAN_POINT ( 'NONE',  ( -2.095500000000000800, 5.841999999999999600, 0.8679845199528224400 ) ) ;
#4221 = CARTESIAN_POINT ( 'NONE',  ( -1.481742259976411400, 5.791199999999999900, 1.481742259976410700 ) ) ;
#4222 = CARTESIAN_POINT ( 'NONE',  ( -0.8679845199528226600, 5.740399999999999300, 2.095499999999999900 ) ) ;
#4223 = CARTESIAN_POINT ( 'NONE',  ( -1.008579669976340900E-015, 5.689600000000000400, 2.095500000000000400 ) ) ;
#4224 = CARTESIAN_POINT ( 'NONE',  ( 0.8679845199528207800, 5.638800000000000700, 2.095499999999999900 ) ) ;
#4225 = CARTESIAN_POINT ( 'NONE',  ( 1.481742259976409400, 5.588000000000001000, 1.481742259976410300 ) ) ;
#4226 = CARTESIAN_POINT ( 'NONE',  ( 2.095499999999999000, 5.537200000000001200, 0.8679845199528205500 ) ) ;
#4227 = CARTESIAN_POINT ( 'NONE',  ( 2.095499999999999000, 5.486400000000000600, -2.566162614434791800E-016 ) ) ;
#4228 =( BOUNDED_CURVE ( )  B_SPLINE_CURVE ( 2, ( #4227, #4226, #4225, #4224, #4223, #4222, #4221, #4220, #4219 ),
 .UNSPECIFIED., .F., .T. ) 
 B_SPLINE_CURVE_WITH_KNOTS ( ( 3, 2, 2, 2, 3 ),
 ( 0.5909090909090909400, 0.6022727272727272900, 0.6136363636363636500, 0.6250000000000000000, 0.6363636363636363500 ),
 .UNSPECIFIED. ) 
 CURVE ( )  GEOMETRIC_REPRESENTATION_ITEM ( )  RATIONAL_B_SPLINE_CURVE ( ( 1.000000000000000000, 0.9238795325112867400, 1.000000000000000000, 0.9238795325112867400, 1.000000000000000000, 0.9238795325112867400, 1.000000000000000000, 0.9238795325112867400, 1.000000000000000000 ) ) 
 REPRESENTATION_ITEM ( '' )  );
#4229 = CARTESIAN_POINT ( 'NONE',  ( -2.095500000000001300, 5.892800000000000300, 0.0000000000000000000 ) ) ;
#4230 = DIRECTION ( 'NONE',  ( 2.449212707644754500E-016, -1.000000000000000000, -0.0000000000000000000 ) ) ;
#4231 = VECTOR ( 'NONE', #4230, 1000.000000000000000 ) ;
#4232 = CARTESIAN_POINT ( 'NONE',  ( -2.095500000000000800, -5.132325228869585600E-016, 2.566162614434792800E-016 ) ) ;
#4233 = LINE ( 'NONE', #4232, #4231 ) ;
#4234 = CARTESIAN_POINT ( 'NONE',  ( -2.095500000000001700, 6.299199999999999900, 0.0000000000000000000 ) ) ;
#4235 =( BOUNDED_CURVE ( )  B_SPLINE_CURVE ( 2, ( #4277, #4276, #4275, #4274, #4273, #4272, #4271, #4270, #4269 ),
 .UNSPECIFIED., .F., .T. ) 
 B_SPLINE_CURVE_WITH_KNOTS ( ( 3, 2, 2, 2, 3 ),
 ( 0.1363636363636363500, 0.1477272727272727300, 0.1590909090909090900, 0.1704545454545454700, 0.1818181818181818200 ),
 .UNSPECIFIED. ) 
 CURVE ( )  GEOMETRIC_REPRESENTATION_ITEM ( )  RATIONAL_B_SPLINE_CURVE ( ( 1.000000000000000000, 0.9238795325112867400, 1.000000000000000000, 0.9238795325112867400, 1.000000000000000000, 0.9238795325112867400, 1.000000000000000000, 0.9238795325112867400, 1.000000000000000000 ) ) 
 REPRESENTATION_ITEM ( '' )  );
#4236 = DIRECTION ( 'NONE',  ( 1.000000000000000000, 2.449212707644755000E-016, 0.0000000000000000000 ) ) ;
#4237 = DIRECTION ( 'NONE',  ( 2.449212707644754500E-016, -1.000000000000000000, -0.0000000000000000000 ) ) ;
#4238 = CARTESIAN_POINT ( 'NONE',  ( 0.0000000000000000000, 0.0000000000000000000, 0.0000000000000000000 ) ) ;
#4239 = AXIS2_PLACEMENT_3D ( 'NONE', #4238, #4237, #4236 ) ;
#4240 = CYLINDRICAL_SURFACE ( 'NONE', #4239, 2.095500000000000800 ) ;
#4241 = FACE_OUTER_BOUND ( 'NONE', #1188, .T. ) ;
#4242 = DIRECTION ( 'NONE',  ( 2.449212707644754500E-016, -1.000000000000000000, -0.0000000000000000000 ) ) ;
#4243 = VECTOR ( 'NONE', #4242, 1000.000000000000000 ) ;
#4244 = CARTESIAN_POINT ( 'NONE',  ( 2.095500000000000800, 5.132325228869585600E-016, 0.0000000000000000000 ) ) ;
#4245 = CARTESIAN_POINT ( 'NONE',  ( -2.095500000000000400, 1.828799999999999800, 0.0000000000000000000 ) ) ;
#4246 = CARTESIAN_POINT ( 'NONE',  ( -2.095500000000000400, 1.777999999999999800, 0.8679845199528224400 ) ) ;
#4247 = CARTESIAN_POINT ( 'NONE',  ( -1.481742259976410500, 1.727199999999999800, 1.481742259976410700 ) ) ;
#4248 = CARTESIAN_POINT ( 'NONE',  ( -0.8679845199528215500, 1.676400000000000600, 2.095499999999999900 ) ) ;
#4249 = CARTESIAN_POINT ( 'NONE',  ( -1.321962558951262100E-017, 1.625600000000000400, 2.095500000000000400 ) ) ;
#4250 = CARTESIAN_POINT ( 'NONE',  ( 0.8679845199528215500, 1.574800000000000400, 2.095499999999999900 ) ) ;
#4251 = CARTESIAN_POINT ( 'NONE',  ( 1.481742259976410500, 1.524000000000000700, 1.481742259976410300 ) ) ;
#4252 = CARTESIAN_POINT ( 'NONE',  ( 2.095499999999999900, 1.473200000000000700, 0.8679845199528205500 ) ) ;
#4253 = CARTESIAN_POINT ( 'NONE',  ( 2.095499999999999900, 1.422400000000001000, -2.566162614434791800E-016 ) ) ;
#4254 = LINE ( 'NONE', #4244, #4243 ) ;
#4255 = CARTESIAN_POINT ( 'NONE',  ( 2.095499999999999900, 1.422400000000001000, -2.566162614434791800E-016 ) ) ;
#4256 =( BOUNDED_CURVE ( )  B_SPLINE_CURVE ( 2, ( #4253, #4252, #4251, #4250, #4249, #4248, #4247, #4246, #4245 ),
 .UNSPECIFIED., .F., .T. ) 
 B_SPLINE_CURVE_WITH_KNOTS ( ( 3, 2, 2, 2, 3 ),
 ( 0.1363636363636363500, 0.1477272727272727300, 0.1590909090909090900, 0.1704545454545454700, 0.1818181818181818200 ),
 .UNSPECIFIED. ) 
 CURVE ( )  GEOMETRIC_REPRESENTATION_ITEM ( )  RATIONAL_B_SPLINE_CURVE ( ( 1.000000000000000000, 0.9238795325112867400, 1.000000000000000000, 0.9238795325112867400, 1.000000000000000000, 0.9238795325112867400, 1.000000000000000000, 0.9238795325112867400, 1.000000000000000000 ) ) 
 REPRESENTATION_ITEM ( '' )  );
#4257 = CARTESIAN_POINT ( 'NONE',  ( -2.095500000000000800, 3.048000000000000000, 0.0000000000000000000 ) ) ;
#4258 = CARTESIAN_POINT ( 'NONE',  ( -2.095500000000000400, 2.997199999999999900, 0.8679845199528224400 ) ) ;
#4259 = CARTESIAN_POINT ( 'NONE',  ( -1.481742259976411000, 2.946400000000000100, 1.481742259976410700 ) ) ;
#4260 = CARTESIAN_POINT ( 'NONE',  ( -0.8679845199528221100, 2.895600000000000000, 2.095499999999999900 ) ) ;
#4261 = CARTESIAN_POINT ( 'NONE',  ( -3.118276389055611100E-016, 2.844800000000000200, 2.095500000000000400 ) ) ;
#4262 = CARTESIAN_POINT ( 'NONE',  ( 0.8679845199528212200, 2.794000000000000500, 2.095499999999999900 ) ) ;
#4263 = CARTESIAN_POINT ( 'NONE',  ( 1.481742259976410100, 2.743200000000000700, 1.481742259976410300 ) ) ;
#4264 = CARTESIAN_POINT ( 'NONE',  ( 2.095499999999999500, 2.692400000000001000, 0.8679845199528205500 ) ) ;
#4265 = CARTESIAN_POINT ( 'NONE',  ( 2.095499999999999500, 2.641600000000000800, -2.566162614434791800E-016 ) ) ;
#4266 = CARTESIAN_POINT ( 'NONE',  ( -2.095500000000000800, 3.048000000000000000, 0.0000000000000000000 ) ) ;
#4267 = CARTESIAN_POINT ( 'NONE',  ( 2.095499999999999500, 2.641600000000000800, -2.566162614434791800E-016 ) ) ;
#4268 =( BOUNDED_CURVE ( )  B_SPLINE_CURVE ( 2, ( #4265, #4264, #4263, #4262, #4261, #4260, #4259, #4258, #4257 ),
 .UNSPECIFIED., .F., .T. ) 
 B_SPLINE_CURVE_WITH_KNOTS ( ( 3, 2, 2, 2, 3 ),
 ( 0.3181818181818181800, 0.3295454545454545300, 0.3409090909090909400, 0.3522727272727272900, 0.3636363636363636500 ),
 .UNSPECIFIED. ) 
 CURVE ( )  GEOMETRIC_REPRESENTATION_ITEM ( )  RATIONAL_B_SPLINE_CURVE ( ( 1.000000000000000000, 0.9238795325112867400, 1.000000000000000000, 0.9238795325112867400, 1.000000000000000000, 0.9238795325112867400, 1.000000000000000000, 0.9238795325112867400, 1.000000000000000000 ) ) 
 REPRESENTATION_ITEM ( '' )  );
#4269 = CARTESIAN_POINT ( 'NONE',  ( -2.095500000000000400, 1.422399999999999900, 0.0000000000000000000 ) ) ;
#4270 = CARTESIAN_POINT ( 'NONE',  ( -2.095500000000000400, 1.371599999999999900, 0.8679845199528224400 ) ) ;
#4271 = CARTESIAN_POINT ( 'NONE',  ( -1.481742259976410500, 1.320799999999999800, 1.481742259976410700 ) ) ;
#4272 = CARTESIAN_POINT ( 'NONE',  ( -0.8679845199528215500, 1.270000000000000200, 2.095499999999999900 ) ) ;
#4273 = CARTESIAN_POINT ( 'NONE',  ( 8.631637884917015900E-017, 1.219200000000000300, 2.095500000000000400 ) ) ;
#4274 = CARTESIAN_POINT ( 'NONE',  ( 0.8679845199528215500, 1.168400000000000100, 2.095499999999999900 ) ) ;
#4275 = CARTESIAN_POINT ( 'NONE',  ( 1.481742259976410500, 1.117600000000000800, 1.481742259976410300 ) ) ;
#4276 = CARTESIAN_POINT ( 'NONE',  ( 2.095499999999999900, 1.066800000000000900, 0.8679845199528205500 ) ) ;
#4277 = CARTESIAN_POINT ( 'NONE',  ( 2.095499999999999900, 1.016000000000000900, -2.566162614434791800E-016 ) ) ;
#4278 = DIRECTION ( 'NONE',  ( 1.000000000000000000, 2.449212707644755000E-016, 0.0000000000000000000 ) ) ;
#4279 = DIRECTION ( 'NONE',  ( 2.449212707644754500E-016, -1.000000000000000000, -0.0000000000000000000 ) ) ;
#4280 = CARTESIAN_POINT ( 'NONE',  ( 0.0000000000000000000, 0.0000000000000000000, 0.0000000000000000000 ) ) ;
#4281 = AXIS2_PLACEMENT_3D ( 'NONE', #4280, #4279, #4278 ) ;
#4282 = CYLINDRICAL_SURFACE ( 'NONE', #4281, 2.095500000000000800 ) ;
#4283 = CARTESIAN_POINT ( 'NONE',  ( 1.844202611600993100, 12.56203910566129500, -0.4444999999999999000 ) ) ;
#4284 = CARTESIAN_POINT ( 'NONE',  ( 1.630658711910726300, 12.61248106217346000, -0.4444999999999999000 ) ) ;
#4285 = FACE_OUTER_BOUND ( 'NONE', #1203, .T. ) ;
#4286 = DIRECTION ( 'NONE',  ( 2.449212707644754500E-016, -1.000000000000000000, -0.0000000000000000000 ) ) ;
#4287 = VECTOR ( 'NONE', #4286, 1000.000000000000000 ) ;
#4288 = CARTESIAN_POINT ( 'NONE',  ( 2.095500000000000800, 5.132325228869585600E-016, 0.0000000000000000000 ) ) ;
#4289 = CARTESIAN_POINT ( 'NONE',  ( -2.095500000000000400, 2.641599999999999900, 0.0000000000000000000 ) ) ;
#4290 = CARTESIAN_POINT ( 'NONE',  ( -2.095500000000000400, 2.590800000000000200, 0.8679845199528224400 ) ) ;
#4291 = CARTESIAN_POINT ( 'NONE',  ( -1.481742259976410700, 2.539999999999999600, 1.481742259976410700 ) ) ;
#4292 = CARTESIAN_POINT ( 'NONE',  ( -0.8679845199528217800, 2.489200000000000300, 2.095499999999999900 ) ) ;
#4293 = CARTESIAN_POINT ( 'NONE',  ( -2.122916344668783300E-016, 2.438400000000000100, 2.095500000000000400 ) ) ;
#4294 = CARTESIAN_POINT ( 'NONE',  ( 0.8679845199528214400, 2.387600000000000400, 2.095499999999999900 ) ) ;
#4295 = CARTESIAN_POINT ( 'NONE',  ( 1.481742259976410300, 2.336800000000000700, 1.481742259976410300 ) ) ;
#4296 = CARTESIAN_POINT ( 'NONE',  ( 2.095499999999999900, 2.286000000000000900, 0.8679845199528205500 ) ) ;
#4297 = CARTESIAN_POINT ( 'NONE',  ( 2.095499999999999900, 2.235200000000000700, -2.566162614434791800E-016 ) ) ;
#4298 = LINE ( 'NONE', #4288, #4287 ) ;
#4299 = CARTESIAN_POINT ( 'NONE',  ( 2.095499999999999900, 2.235200000000000700, -2.566162614434791800E-016 ) ) ;
#4300 =( BOUNDED_CURVE ( )  B_SPLINE_CURVE ( 2, ( #4297, #4296, #4295, #4294, #4293, #4292, #4291, #4290, #4289 ),
 .UNSPECIFIED., .F., .T. ) 
 B_SPLINE_CURVE_WITH_KNOTS ( ( 3, 2, 2, 2, 3 ),
 ( 0.2272727272727272900, 0.2386363636363636500, 0.2500000000000000000, 0.2613636363636363500, 0.2727272727272727100 ),
 .UNSPECIFIED. ) 
 CURVE ( )  GEOMETRIC_REPRESENTATION_ITEM ( )  RATIONAL_B_SPLINE_CURVE ( ( 1.000000000000000000, 0.9238795325112867400, 1.000000000000000000, 0.9238795325112867400, 1.000000000000000000, 0.9238795325112867400, 1.000000000000000000, 0.9238795325112867400, 1.000000000000000000 ) ) 
 REPRESENTATION_ITEM ( '' )  );
#4301 = CARTESIAN_POINT ( 'NONE',  ( -2.095500000000000400, 2.641599999999999900, 0.0000000000000000000 ) ) ;
#4302 = DIRECTION ( 'NONE',  ( 2.449212707644754500E-016, -1.000000000000000000, -0.0000000000000000000 ) ) ;
#4303 = VECTOR ( 'NONE', #4302, 1000.000000000000000 ) ;
#4304 = CARTESIAN_POINT ( 'NONE',  ( -2.095500000000000800, -5.132325228869585600E-016, 2.566162614434792800E-016 ) ) ;
#4305 = LINE ( 'NONE', #4304, #4303 ) ;
#4306 = VERTEX_POINT ( 'NONE', #6656 ) ;
#4307 = EDGE_CURVE ( 'NONE', #4312, #128, #6714, .T. ) ;
#4308 = ORIENTED_EDGE ( 'NONE', *, *, #4307, .T. ) ;
#4309 = EDGE_CURVE ( 'NONE', #118, #4306, #6710, .T. ) ;
#4310 = VERTEX_POINT ( 'NONE', #6706 ) ;
#4311 = ORIENTED_EDGE ( 'NONE', *, *, #4314, .F. ) ;
#4312 = VERTEX_POINT ( 'NONE', #6705 ) ;
#4313 = EDGE_CURVE ( 'NONE', #4310, #4312, #6704, .T. ) ;
#4314 = EDGE_CURVE ( 'NONE', #312, #7067, #6699, .T. ) ;
#4315 = ORIENTED_EDGE ( 'NONE', *, *, #7070, .F. ) ;
#4316 = ORIENTED_EDGE ( 'NONE', *, *, #4313, .T. ) ;
#4317 = CARTESIAN_POINT ( 'NONE',  ( -5.108996477829267800E-016, 3.657600000000000400, 2.095500000000000400 ) ) ;
#4318 = CARTESIAN_POINT ( 'NONE',  ( 0.8679845199528211100, 3.606800000000000200, 2.095499999999999900 ) ) ;
#4319 = CARTESIAN_POINT ( 'NONE',  ( 1.481742259976409800, 3.556000000000000900, 1.481742259976410300 ) ) ;
#4320 = CARTESIAN_POINT ( 'NONE',  ( 2.095499999999999500, 3.505200000000001200, 0.8679845199528205500 ) ) ;
#4321 = CARTESIAN_POINT ( 'NONE',  ( 2.095499999999999500, 3.454400000000000600, -2.566162614434791800E-016 ) ) ;
#4322 = CARTESIAN_POINT ( 'NONE',  ( -2.095500000000000800, 3.860799999999999800, 0.0000000000000000000 ) ) ;
#4323 = CARTESIAN_POINT ( 'NONE',  ( 2.095499999999999500, 3.454400000000000600, -2.566162614434791800E-016 ) ) ;
#4324 =( BOUNDED_CURVE ( )  B_SPLINE_CURVE ( 2, ( #4321, #4320, #4319, #4318, #4317, #4361, #4360, #4359, #4358 ),
 .UNSPECIFIED., .F., .T. ) 
 B_SPLINE_CURVE_WITH_KNOTS ( ( 3, 2, 2, 2, 3 ),
 ( 0.4090909090909091200, 0.4204545454545454700, 0.4318181818181818200, 0.4431818181818181800, 0.4545454545454545900 ),
 .UNSPECIFIED. ) 
 CURVE ( )  GEOMETRIC_REPRESENTATION_ITEM ( )  RATIONAL_B_SPLINE_CURVE ( ( 1.000000000000000000, 0.9238795325112867400, 1.000000000000000000, 0.9238795325112867400, 1.000000000000000000, 0.9238795325112867400, 1.000000000000000000, 0.9238795325112867400, 1.000000000000000000 ) ) 
 REPRESENTATION_ITEM ( '' )  );
#4325 = CARTESIAN_POINT ( 'NONE',  ( -2.095500000000000400, 2.235200000000000300, 0.0000000000000000000 ) ) ;
#4326 = CARTESIAN_POINT ( 'NONE',  ( -2.095500000000000400, 2.184400000000000100, 0.8679845199528224400 ) ) ;
#4327 = CARTESIAN_POINT ( 'NONE',  ( -1.481742259976410700, 2.133599999999999900, 1.481742259976410700 ) ) ;
#4328 = CARTESIAN_POINT ( 'NONE',  ( -0.8679845199528217800, 2.082800000000000200, 2.095499999999999900 ) ) ;
#4329 = CARTESIAN_POINT ( 'NONE',  ( -1.127556300281955500E-016, 2.032000000000000500, 2.095500000000000400 ) ) ;
#4330 = CARTESIAN_POINT ( 'NONE',  ( 0.8679845199528214400, 1.981200000000000700, 2.095499999999999900 ) ) ;
#4331 = CARTESIAN_POINT ( 'NONE',  ( 1.481742259976410300, 1.930400000000001000, 1.481742259976410300 ) ) ;
#4332 = CARTESIAN_POINT ( 'NONE',  ( 2.095499999999999900, 1.879600000000000800, 0.8679845199528205500 ) ) ;
#4333 = CARTESIAN_POINT ( 'NONE',  ( 2.095499999999999900, 1.828800000000000600, -2.566162614434791800E-016 ) ) ;
#4334 = CARTESIAN_POINT ( 'NONE',  ( 2.095499999999999900, 1.828800000000000600, -2.566162614434791800E-016 ) ) ;
#4335 =( BOUNDED_CURVE ( )  B_SPLINE_CURVE ( 2, ( #4333, #4332, #4331, #4330, #4329, #4328, #4327, #4326, #4325 ),
 .UNSPECIFIED., .F., .T. ) 
 B_SPLINE_CURVE_WITH_KNOTS ( ( 3, 2, 2, 2, 3 ),
 ( 0.2272727272727272900, 0.2386363636363636500, 0.2500000000000000000, 0.2613636363636363500, 0.2727272727272727100 ),
 .UNSPECIFIED. ) 
 CURVE ( )  GEOMETRIC_REPRESENTATION_ITEM ( )  RATIONAL_B_SPLINE_CURVE ( ( 1.000000000000000000, 0.9238795325112867400, 1.000000000000000000, 0.9238795325112867400, 1.000000000000000000, 0.9238795325112867400, 1.000000000000000000, 0.9238795325112867400, 1.000000000000000000 ) ) 
 REPRESENTATION_ITEM ( '' )  );
#4336 = CYLINDRICAL_SURFACE ( 'NONE', #4380, 2.095500000000000800 ) ;
#4337 = FACE_OUTER_BOUND ( 'NONE', #1138, .T. ) ;
#4338 = DIRECTION ( 'NONE',  ( 2.449212707644754500E-016, -1.000000000000000000, -0.0000000000000000000 ) ) ;
#4339 = VECTOR ( 'NONE', #4338, 1000.000000000000000 ) ;
#4340 = CARTESIAN_POINT ( 'NONE',  ( 2.095500000000000800, 5.132325228869585600E-016, 0.0000000000000000000 ) ) ;
#4341 = CARTESIAN_POINT ( 'NONE',  ( -2.095500000000000800, 3.454399999999999700, 0.0000000000000000000 ) ) ;
#4342 = CARTESIAN_POINT ( 'NONE',  ( -2.095500000000000400, 3.403599999999999500, 0.8679845199528224400 ) ) ;
#4343 = CARTESIAN_POINT ( 'NONE',  ( -1.481742259976411000, 3.352799999999999800, 1.481742259976410700 ) ) ;
#4344 = CARTESIAN_POINT ( 'NONE',  ( -0.8679845199528221100, 3.302000000000000500, 2.095499999999999900 ) ) ;
#4345 = CARTESIAN_POINT ( 'NONE',  ( -4.113636433442439000E-016, 3.251200000000000300, 2.095500000000000400 ) ) ;
#4346 = CARTESIAN_POINT ( 'NONE',  ( 0.8679845199528212200, 3.200400000000001000, 2.095499999999999900 ) ) ;
#4347 = CARTESIAN_POINT ( 'NONE',  ( 1.481742259976410100, 3.149600000000000800, 1.481742259976410300 ) ) ;
#4348 = CARTESIAN_POINT ( 'NONE',  ( 2.095499999999999500, 3.098800000000000700, 0.8679845199528205500 ) ) ;
#4349 = CARTESIAN_POINT ( 'NONE',  ( 2.095499999999999500, 3.048000000000000900, -2.566162614434791800E-016 ) ) ;
#4350 = LINE ( 'NONE', #4340, #4339 ) ;
#4351 = CARTESIAN_POINT ( 'NONE',  ( 2.095499999999999500, 3.048000000000000900, -2.566162614434791800E-016 ) ) ;
#4352 =( BOUNDED_CURVE ( )  B_SPLINE_CURVE ( 2, ( #4349, #4348, #4347, #4346, #4345, #4344, #4343, #4342, #4341 ),
 .UNSPECIFIED., .F., .T. ) 
 B_SPLINE_CURVE_WITH_KNOTS ( ( 3, 2, 2, 2, 3 ),
 ( 0.3181818181818181800, 0.3295454545454545300, 0.3409090909090909400, 0.3522727272727272900, 0.3636363636363636500 ),
 .UNSPECIFIED. ) 
 CURVE ( )  GEOMETRIC_REPRESENTATION_ITEM ( )  RATIONAL_B_SPLINE_CURVE ( ( 1.000000000000000000, 0.9238795325112867400, 1.000000000000000000, 0.9238795325112867400, 1.000000000000000000, 0.9238795325112867400, 1.000000000000000000, 0.9238795325112867400, 1.000000000000000000 ) ) 
 REPRESENTATION_ITEM ( '' )  );
#4353 = CARTESIAN_POINT ( 'NONE',  ( -2.095500000000000800, 3.454399999999999700, 0.0000000000000000000 ) ) ;
#4354 = DIRECTION ( 'NONE',  ( 2.449212707644754500E-016, -1.000000000000000000, -0.0000000000000000000 ) ) ;
#4355 = VECTOR ( 'NONE', #4354, 1000.000000000000000 ) ;
#4356 = CARTESIAN_POINT ( 'NONE',  ( -2.095500000000000800, -5.132325228869585600E-016, 2.566162614434792800E-016 ) ) ;
#4357 = LINE ( 'NONE', #4356, #4355 ) ;
#4358 = CARTESIAN_POINT ( 'NONE',  ( -2.095500000000000800, 3.860799999999999800, 0.0000000000000000000 ) ) ;
#4359 = CARTESIAN_POINT ( 'NONE',  ( -2.095500000000000400, 3.809999999999999600, 0.8679845199528224400 ) ) ;
#4360 = CARTESIAN_POINT ( 'NONE',  ( -1.481742259976411000, 3.759200000000000300, 1.481742259976410700 ) ) ;
#4361 = CARTESIAN_POINT ( 'NONE',  ( -0.8679845199528224400, 3.708400000000000600, 2.095499999999999900 ) ) ;
#4362 = CARTESIAN_POINT ( 'NONE',  ( -2.095500000000001700, 6.756400000000001100, -0.8679845199528208900 ) ) ;
#4363 = CARTESIAN_POINT ( 'NONE',  ( -2.095500000000001700, 6.705599999999999600, 0.0000000000000000000 ) ) ;
#4364 = CYLINDRICAL_SURFACE ( 'NONE', #4400, 2.095500000000000800 ) ;
#4365 = FACE_OUTER_BOUND ( 'NONE', #1229, .T. ) ;
#4366 =( BOUNDED_CURVE ( )  B_SPLINE_CURVE ( 2, ( #4363, #4362, #4407, #4406, #4405, #4404, #4403, #4402, #4401 ),
 .UNSPECIFIED., .F., .T. ) 
 B_SPLINE_CURVE_WITH_KNOTS ( ( 3, 2, 2, 2, 3 ),
 ( 0.7272727272727272900, 0.7386363636363636500, 0.7500000000000000000, 0.7613636363636363500, 0.7727272727272727100 ),
 .UNSPECIFIED. ) 
 CURVE ( )  GEOMETRIC_REPRESENTATION_ITEM ( )  RATIONAL_B_SPLINE_CURVE ( ( 1.000000000000000000, 0.9238795325112867400, 1.000000000000000000, 0.9238795325112867400, 1.000000000000000000, 0.9238795325112867400, 1.000000000000000000, 0.9238795325112867400, 1.000000000000000000 ) ) 
 REPRESENTATION_ITEM ( '' )  );
#4367 = CARTESIAN_POINT ( 'NONE',  ( 2.095499999999998600, 7.518400000000001500, -2.566162614434791800E-016 ) ) ;
#4368 = CARTESIAN_POINT ( 'NONE',  ( 2.095499999999998600, 7.467600000000000900, -0.8679845199528211100 ) ) ;
#4369 = CARTESIAN_POINT ( 'NONE',  ( 1.481742259976408300, 7.416800000000000300, -1.481742259976410500 ) ) ;
#4370 = CARTESIAN_POINT ( 'NONE',  ( 0.8679845199528188900, 7.366000000000000500, -2.095500000000000400 ) ) ;
#4371 = CARTESIAN_POINT ( 'NONE',  ( -1.919956210618030700E-015, 7.315200000000000800, -2.095500000000000400 ) ) ;
#4372 = CARTESIAN_POINT ( 'NONE',  ( -0.8679845199528226600, 7.264400000000001100, -2.095500000000000400 ) ) ;
#4373 = CARTESIAN_POINT ( 'NONE',  ( -1.481742259976412300, 7.213600000000000500, -1.481742259976410300 ) ) ;
#4374 = CARTESIAN_POINT ( 'NONE',  ( -2.095500000000001700, 7.162799999999999800, -0.8679845199528208900 ) ) ;
#4375 = CARTESIAN_POINT ( 'NONE',  ( -2.095500000000001700, 7.111999999999999200, 0.0000000000000000000 ) ) ;
#4376 =( BOUNDED_CURVE ( )  B_SPLINE_CURVE ( 2, ( #4375, #4374, #4373, #4372, #4371, #4370, #4369, #4368, #4367 ),
 .UNSPECIFIED., .F., .T. ) 
 B_SPLINE_CURVE_WITH_KNOTS ( ( 3, 2, 2, 2, 3 ),
 ( 0.8181818181818182300, 0.8295454545454545900, 0.8409090909090909400, 0.8522727272727272900, 0.8636363636363636500 ),
 .UNSPECIFIED. ) 
 CURVE ( )  GEOMETRIC_REPRESENTATION_ITEM ( )  RATIONAL_B_SPLINE_CURVE ( ( 1.000000000000000000, 0.9238795325112867400, 1.000000000000000000, 0.9238795325112867400, 1.000000000000000000, 0.9238795325112867400, 1.000000000000000000, 0.9238795325112867400, 1.000000000000000000 ) ) 
 REPRESENTATION_ITEM ( '' )  );
#4377 = DIRECTION ( 'NONE',  ( 1.000000000000000000, 2.449212707644755000E-016, 0.0000000000000000000 ) ) ;
#4378 = DIRECTION ( 'NONE',  ( 2.449212707644754500E-016, -1.000000000000000000, -0.0000000000000000000 ) ) ;
#4379 = CARTESIAN_POINT ( 'NONE',  ( 0.0000000000000000000, 0.0000000000000000000, 0.0000000000000000000 ) ) ;
#4380 = AXIS2_PLACEMENT_3D ( 'NONE', #4379, #4378, #4377 ) ;
#4381 = DIRECTION ( 'NONE',  ( 1.000000000000000000, 2.449212707644755000E-016, 0.0000000000000000000 ) ) ;
#4382 = DIRECTION ( 'NONE',  ( 2.449212707644754500E-016, -1.000000000000000000, -0.0000000000000000000 ) ) ;
#4383 = AXIS2_PLACEMENT_3D ( 'NONE', #4384, #4382, #4381 ) ;
#4384 = CARTESIAN_POINT ( 'NONE',  ( 0.0000000000000000000, 0.0000000000000000000, 0.0000000000000000000 ) ) ;
#4385 = CYLINDRICAL_SURFACE ( 'NONE', #4383, 2.095500000000000800 ) ;
#4386 = FACE_OUTER_BOUND ( 'NONE', #1238, .T. ) ;
#4387 = DIRECTION ( 'NONE',  ( 0.0000000000000000000, 0.0000000000000000000, -1.000000000000000000 ) ) ;
#4388 = DIRECTION ( 'NONE',  ( 0.0000000000000000000, 1.000000000000000000, 0.0000000000000000000 ) ) ;
#4389 = CARTESIAN_POINT ( 'NONE',  ( -8.343020934463380400E-017, 0.3406409295698253300, 0.0000000000000000000 ) ) ;
#4390 = AXIS2_PLACEMENT_3D ( 'NONE', #4389, #4388, #4387 ) ;
#4391 = CIRCLE ( 'NONE', #4390, 2.095500000000000800 ) ;
#4392 = CARTESIAN_POINT ( 'NONE',  ( -2.095500000000000800, 0.3406409295698253300, 2.566162614434792800E-016 ) ) ;
#4393 = DIRECTION ( 'NONE',  ( 2.449212707644754500E-016, -1.000000000000000000, -0.0000000000000000000 ) ) ;
#4394 = VECTOR ( 'NONE', #4393, 1000.000000000000000 ) ;
#4395 = CARTESIAN_POINT ( 'NONE',  ( -2.095500000000000800, -5.132325228869585600E-016, 2.566162614434792800E-016 ) ) ;
#4396 = LINE ( 'NONE', #4395, #4394 ) ;
#4397 = DIRECTION ( 'NONE',  ( 1.000000000000000000, 2.449212707644755000E-016, 0.0000000000000000000 ) ) ;
#4398 = DIRECTION ( 'NONE',  ( 2.449212707644754500E-016, -1.000000000000000000, -0.0000000000000000000 ) ) ;
#4399 = CARTESIAN_POINT ( 'NONE',  ( 0.0000000000000000000, 0.0000000000000000000, 0.0000000000000000000 ) ) ;
#4400 = AXIS2_PLACEMENT_3D ( 'NONE', #4399, #4398, #4397 ) ;
#4401 = CARTESIAN_POINT ( 'NONE',  ( 2.095499999999998600, 7.112000000000001000, -2.566162614434791800E-016 ) ) ;
#4402 = CARTESIAN_POINT ( 'NONE',  ( 2.095499999999998600, 7.061200000000001300, -0.8679845199528211100 ) ) ;
#4403 = CARTESIAN_POINT ( 'NONE',  ( 1.481742259976408500, 7.010400000000000600, -1.481742259976410500 ) ) ;
#4404 = CARTESIAN_POINT ( 'NONE',  ( 0.8679845199528190000, 6.959600000000001800, -2.095500000000000400 ) ) ;
#4405 = CARTESIAN_POINT ( 'NONE',  ( -1.820420206179347500E-015, 6.908800000000000300, -2.095500000000000400 ) ) ;
#4406 = CARTESIAN_POINT ( 'NONE',  ( -0.8679845199528224400, 6.857999999999999700, -2.095500000000000400 ) ) ;
#4407 = CARTESIAN_POINT ( 'NONE',  ( -1.481742259976412100, 6.807199999999999900, -1.481742259976410300 ) ) ;
#4408 = CARTESIAN_POINT ( 'NONE',  ( 2.095499999999998600, 7.874000000000000600, -0.8679845199528211100 ) ) ;
#4409 = CARTESIAN_POINT ( 'NONE',  ( 1.481742259976408300, 7.823200000000000800, -1.481742259976410500 ) ) ;
#4410 = CARTESIAN_POINT ( 'NONE',  ( 0.8679845199528188900, 7.772400000000000200, -2.095500000000000400 ) ) ;
#4411 = CARTESIAN_POINT ( 'NONE',  ( -2.019492215056713600E-015, 7.721600000000001400, -2.095500000000000400 ) ) ;
#4412 = CARTESIAN_POINT ( 'NONE',  ( -0.8679845199528226600, 7.670799999999999800, -2.095500000000000400 ) ) ;
#4413 = CARTESIAN_POINT ( 'NONE',  ( -1.481742259976412300, 7.620000000000000100, -1.481742259976410300 ) ) ;
#4414 = CARTESIAN_POINT ( 'NONE',  ( -2.095500000000001700, 7.569199999999999500, -0.8679845199528208900 ) ) ;
#4415 = CARTESIAN_POINT ( 'NONE',  ( -2.095500000000001700, 7.518399999999999700, 0.0000000000000000000 ) ) ;
#4416 = CARTESIAN_POINT ( 'NONE',  ( -2.095500000000000400, 1.422399999999999900, 0.0000000000000000000 ) ) ;
#4417 = CARTESIAN_POINT ( 'NONE',  ( 2.095499999999999900, 1.016000000000000900, -2.566162614434791800E-016 ) ) ;
#4418 =( BOUNDED_CURVE ( )  B_SPLINE_CURVE ( 2, ( #4415, #4414, #4413, #4412, #4411, #4410, #4409, #4408, #4454 ),
 .UNSPECIFIED., .F., .T. ) 
 B_SPLINE_CURVE_WITH_KNOTS ( ( 3, 2, 2, 2, 3 ),
 ( 0.8181818181818182300, 0.8295454545454545900, 0.8409090909090909400, 0.8522727272727272900, 0.8636363636363636500 ),
 .UNSPECIFIED. ) 
 CURVE ( )  GEOMETRIC_REPRESENTATION_ITEM ( )  RATIONAL_B_SPLINE_CURVE ( ( 1.000000000000000000, 0.9238795325112867400, 1.000000000000000000, 0.9238795325112867400, 1.000000000000000000, 0.9238795325112867400, 1.000000000000000000, 0.9238795325112867400, 1.000000000000000000 ) ) 
 REPRESENTATION_ITEM ( '' )  );
#4419 = CARTESIAN_POINT ( 'NONE',  ( 2.095499999999998100, 8.331200000000002600, -2.566162614434791800E-016 ) ) ;
#4420 = CARTESIAN_POINT ( 'NONE',  ( 2.095499999999998100, 8.280400000000002000, -0.8679845199528211100 ) ) ;
#4421 = CARTESIAN_POINT ( 'NONE',  ( 1.481742259976408100, 8.229600000000001400, -1.481742259976410500 ) ) ;
#4422 = CARTESIAN_POINT ( 'NONE',  ( 0.8679845199528185600, 8.178800000000002500, -2.095500000000000400 ) ) ;
#4423 = CARTESIAN_POINT ( 'NONE',  ( -2.119028219495396000E-015, 8.128000000000000100, -2.095500000000000400 ) ) ;
#4424 = CARTESIAN_POINT ( 'NONE',  ( -0.8679845199528228900, 8.077199999999999500, -2.095500000000000400 ) ) ;
#4425 = CARTESIAN_POINT ( 'NONE',  ( -1.481742259976412500, 8.026399999999998900, -1.481742259976410300 ) ) ;
#4426 = CARTESIAN_POINT ( 'NONE',  ( -2.095500000000002100, 7.975599999999999100, -0.8679845199528208900 ) ) ;
#4427 = CARTESIAN_POINT ( 'NONE',  ( -2.095500000000002100, 7.924799999999999400, 0.0000000000000000000 ) ) ;
#4428 =( BOUNDED_CURVE ( )  B_SPLINE_CURVE ( 2, ( #4427, #4426, #4425, #4424, #4423, #4422, #4421, #4420, #4419 ),
 .UNSPECIFIED., .F., .T. ) 
 B_SPLINE_CURVE_WITH_KNOTS ( ( 3, 2, 2, 2, 3 ),
 ( 0.9090909090909091700, 0.9204545454545455300, 0.9318181818181818800, 0.9431818181818182300, 0.9545454545454545900 ),
 .UNSPECIFIED. ) 
 CURVE ( )  GEOMETRIC_REPRESENTATION_ITEM ( )  RATIONAL_B_SPLINE_CURVE ( ( 1.000000000000000000, 0.9238795325112867400, 1.000000000000000000, 0.9238795325112867400, 1.000000000000000000, 0.9238795325112867400, 1.000000000000000000, 0.9238795325112867400, 1.000000000000000000 ) ) 
 REPRESENTATION_ITEM ( '' )  );
#4429 = DIRECTION ( 'NONE',  ( 2.449212707644754500E-016, -1.000000000000000000, -0.0000000000000000000 ) ) ;
#4430 = AXIS2_PLACEMENT_3D ( 'NONE', #4432, #4429, #4469 ) ;
#4431 = FACE_OUTER_BOUND ( 'NONE', #1256, .T. ) ;
#4432 = CARTESIAN_POINT ( 'NONE',  ( 0.0000000000000000000, 0.0000000000000000000, 0.0000000000000000000 ) ) ;
#4433 = CYLINDRICAL_SURFACE ( 'NONE', #4430, 2.095500000000000800 ) ;
#4434 = DIRECTION ( 'NONE',  ( 2.449212707644754500E-016, -1.000000000000000000, -0.0000000000000000000 ) ) ;
#4435 = VECTOR ( 'NONE', #4434, 1000.000000000000000 ) ;
#4436 = CARTESIAN_POINT ( 'NONE',  ( 2.095500000000000800, 5.132325228869585600E-016, 0.0000000000000000000 ) ) ;
#4437 = CARTESIAN_POINT ( 'NONE',  ( -2.095500000000000400, 1.015999999999999800, 0.0000000000000000000 ) ) ;
#4438 = CARTESIAN_POINT ( 'NONE',  ( -2.095499999999999900, 0.9651999999999997200, 0.8679845199528224400 ) ) ;
#4439 = CARTESIAN_POINT ( 'NONE',  ( -1.481742259976410300, 0.9143999999999999900, 1.481742259976410700 ) ) ;
#4440 = CARTESIAN_POINT ( 'NONE',  ( -0.8679845199528214400, 0.8636000000000001500, 2.095499999999999900 ) ) ;
#4441 = CARTESIAN_POINT ( 'NONE',  ( 1.858523832878530000E-016, 0.8128000000000003000, 2.095500000000000400 ) ) ;
#4442 = CARTESIAN_POINT ( 'NONE',  ( 0.8679845199528217800, 0.7620000000000005700, 2.095499999999999900 ) ) ;
#4443 = CARTESIAN_POINT ( 'NONE',  ( 1.481742259976410500, 0.7112000000000006100, 1.481742259976410300 ) ) ;
#4444 = CARTESIAN_POINT ( 'NONE',  ( 2.095500000000000400, 0.6604000000000007600, 0.8679845199528205500 ) ) ;
#4445 = CARTESIAN_POINT ( 'NONE',  ( 2.095500000000000400, 0.6096000000000008100, -2.566162614434791800E-016 ) ) ;
#4446 = LINE ( 'NONE', #4436, #4435 ) ;
#4447 = CARTESIAN_POINT ( 'NONE',  ( 2.095500000000000400, 0.6096000000000008100, -2.566162614434791800E-016 ) ) ;
#4448 =( BOUNDED_CURVE ( )  B_SPLINE_CURVE ( 2, ( #4445, #4444, #4443, #4442, #4441, #4440, #4439, #4438, #4437 ),
 .UNSPECIFIED., .F., .T. ) 
 B_SPLINE_CURVE_WITH_KNOTS ( ( 3, 2, 2, 2, 3 ),
 ( 0.04545454545454545600, 0.05681818181818182300, 0.06818181818181817700, 0.07954545454545454400, 0.09090909090909091200 ),
 .UNSPECIFIED. ) 
 CURVE ( )  GEOMETRIC_REPRESENTATION_ITEM ( )  RATIONAL_B_SPLINE_CURVE ( ( 1.000000000000000000, 0.9238795325112867400, 1.000000000000000000, 0.9238795325112867400, 1.000000000000000000, 0.9238795325112867400, 1.000000000000000000, 0.9238795325112867400, 1.000000000000000000 ) ) 
 REPRESENTATION_ITEM ( '' )  );
#4449 = CARTESIAN_POINT ( 'NONE',  ( -2.095500000000000400, 1.015999999999999800, 0.0000000000000000000 ) ) ;
#4450 = DIRECTION ( 'NONE',  ( 2.449212707644754500E-016, -1.000000000000000000, -0.0000000000000000000 ) ) ;
#4451 = VECTOR ( 'NONE', #4450, 1000.000000000000000 ) ;
#4452 = CARTESIAN_POINT ( 'NONE',  ( -2.095500000000000800, -5.132325228869585600E-016, 2.566162614434792800E-016 ) ) ;
#4453 = LINE ( 'NONE', #4452, #4451 ) ;
#4454 = CARTESIAN_POINT ( 'NONE',  ( 2.095499999999998600, 7.924800000000001200, -2.566162614434791800E-016 ) ) ;
#4455 = CARTESIAN_POINT ( 'NONE',  ( -2.095500000000000800, 3.454399999999999700, 0.0000000000000000000 ) ) ;
#4456 = CYLINDRICAL_SURFACE ( 'NONE', #4483, 2.095500000000000800 ) ;
#4457 = FACE_OUTER_BOUND ( 'NONE', #1264, .T. ) ;
#4458 =( BOUNDED_CURVE ( )  B_SPLINE_CURVE ( 2, ( #4455, #4491, #4490, #4489, #4488, #4487, #4486, #4485, #4484 ),
 .UNSPECIFIED., .F., .T. ) 
 B_SPLINE_CURVE_WITH_KNOTS ( ( 3, 2, 2, 2, 3 ),
 ( 0.3636363636363636500, 0.3750000000000000000, 0.3863636363636363500, 0.3977272727272727600, 0.4090909090909091200 ),
 .UNSPECIFIED. ) 
 CURVE ( )  GEOMETRIC_REPRESENTATION_ITEM ( )  RATIONAL_B_SPLINE_CURVE ( ( 1.000000000000000000, 0.9238795325112867400, 1.000000000000000000, 0.9238795325112867400, 1.000000000000000000, 0.9238795325112867400, 1.000000000000000000, 0.9238795325112867400, 1.000000000000000000 ) ) 
 REPRESENTATION_ITEM ( '' )  );
#4459 = CARTESIAN_POINT ( 'NONE',  ( -2.095500000000000400, 0.6095999999999997000, 0.0000000000000000000 ) ) ;
#4460 = CARTESIAN_POINT ( 'NONE',  ( -2.095499999999999900, 0.5587999999999997400, 0.8679845199528224400 ) ) ;
#4461 = CARTESIAN_POINT ( 'NONE',  ( -1.481742259976410300, 0.5080000000000000100, 1.481742259976410700 ) ) ;
#4462 = CARTESIAN_POINT ( 'NONE',  ( -0.8679845199528214400, 0.4572000000000000500, 2.095499999999999900 ) ) ;
#4463 = CARTESIAN_POINT ( 'NONE',  ( 2.853883877265357400E-016, 0.4064000000000003200, 2.095500000000000400 ) ) ;
#4464 = CARTESIAN_POINT ( 'NONE',  ( 0.5413543999974140800, 0.3747164815872948700, 2.095500000000000400 ) ) ;
#4465 = CARTESIAN_POINT ( 'NONE',  ( 1.014969456279583500, 0.3406409295698490400, 1.833291371500866300 ) ) ;
#4466 =( BOUNDED_CURVE ( )  B_SPLINE_CURVE ( 2, ( #4465, #4464, #4463, #4462, #4461, #4460, #4459 ),
 .UNSPECIFIED., .F., .T. ) 
 B_SPLINE_CURVE_WITH_KNOTS ( ( 3, 2, 2, 3 ),
 ( 0.06088541293986413100, 0.06818181818181817700, 0.07954545454545454400, 0.09090909090909091200 ),
 .UNSPECIFIED. ) 
 CURVE ( )  GEOMETRIC_REPRESENTATION_ITEM ( )  RATIONAL_B_SPLINE_CURVE ( ( 0.9650131707493143600, 0.9511242915355916400, 1.000000000000000000, 0.9238795325112867400, 1.000000000000000000, 0.9238795325112867400, 1.000000000000000000 ) ) 
 REPRESENTATION_ITEM ( '' )  );
#4467 = CARTESIAN_POINT ( 'NONE',  ( -2.095500000000000400, 2.235200000000000300, 0.0000000000000000000 ) ) ;
#4468 = CARTESIAN_POINT ( 'NONE',  ( 1.014969456279583500, 0.3406409295698490400, 1.833291371500866300 ) ) ;
#4469 = DIRECTION ( 'NONE',  ( 1.000000000000000000, 2.449212707644755000E-016, 0.0000000000000000000 ) ) ;
#4470 = CARTESIAN_POINT ( 'NONE',  ( 2.095499999999999500, 3.454400000000000600, -2.566162614434791800E-016 ) ) ;
#4471 = CARTESIAN_POINT ( 'NONE',  ( 2.095499999999999500, 3.403600000000000800, -0.8679845199528211100 ) ) ;
#4472 = CARTESIAN_POINT ( 'NONE',  ( 1.481742259976409400, 3.352800000000000700, -1.481742259976410500 ) ) ;
#4473 = CARTESIAN_POINT ( 'NONE',  ( 0.8679845199528197800, 3.302000000000000500, -2.095500000000000400 ) ) ;
#4474 = CARTESIAN_POINT ( 'NONE',  ( -9.245961662312022100E-016, 3.251200000000000300, -2.095500000000000400 ) ) ;
#4475 = CARTESIAN_POINT ( 'NONE',  ( -0.8679845199528217800, 3.200400000000000100, -2.095500000000000400 ) ) ;
#4476 = CARTESIAN_POINT ( 'NONE',  ( -1.481742259976411400, 3.149600000000000000, -1.481742259976410300 ) ) ;
#4477 = CARTESIAN_POINT ( 'NONE',  ( -2.095500000000000800, 3.098800000000000200, -0.8679845199528208900 ) ) ;
#4478 = CARTESIAN_POINT ( 'NONE',  ( -2.095500000000000800, 3.048000000000000000, 0.0000000000000000000 ) ) ;
#4479 =( BOUNDED_CURVE ( )  B_SPLINE_CURVE ( 2, ( #4478, #4477, #4476, #4475, #4474, #4473, #4472, #4471, #4470 ),
 .UNSPECIFIED., .F., .T. ) 
 B_SPLINE_CURVE_WITH_KNOTS ( ( 3, 2, 2, 2, 3 ),
 ( 0.3636363636363636500, 0.3750000000000000000, 0.3863636363636363500, 0.3977272727272727600, 0.4090909090909091200 ),
 .UNSPECIFIED. ) 
 CURVE ( )  GEOMETRIC_REPRESENTATION_ITEM ( )  RATIONAL_B_SPLINE_CURVE ( ( 1.000000000000000000, 0.9238795325112867400, 1.000000000000000000, 0.9238795325112867400, 1.000000000000000000, 0.9238795325112867400, 1.000000000000000000, 0.9238795325112867400, 1.000000000000000000 ) ) 
 REPRESENTATION_ITEM ( '' )  );
#4480 = DIRECTION ( 'NONE',  ( 1.000000000000000000, 2.449212707644755000E-016, 0.0000000000000000000 ) ) ;
#4481 = DIRECTION ( 'NONE',  ( 2.449212707644754500E-016, -1.000000000000000000, -0.0000000000000000000 ) ) ;
#4482 = CARTESIAN_POINT ( 'NONE',  ( 0.0000000000000000000, 0.0000000000000000000, 0.0000000000000000000 ) ) ;
#4483 = AXIS2_PLACEMENT_3D ( 'NONE', #4482, #4481, #4480 ) ;
#4484 = CARTESIAN_POINT ( 'NONE',  ( 2.095499999999999500, 3.860800000000000700, -2.566162614434791800E-016 ) ) ;
#4485 = CARTESIAN_POINT ( 'NONE',  ( 2.095499999999999500, 3.810000000000000900, -0.8679845199528211100 ) ) ;
#4486 = CARTESIAN_POINT ( 'NONE',  ( 1.481742259976409400, 3.759200000000000800, -1.481742259976410500 ) ) ;
#4487 = CARTESIAN_POINT ( 'NONE',  ( 0.8679845199528197800, 3.708400000000000600, -2.095500000000000400 ) ) ;
#4488 = CARTESIAN_POINT ( 'NONE',  ( -1.024132170669885200E-015, 3.657600000000000400, -2.095500000000000400 ) ) ;
#4489 = CARTESIAN_POINT ( 'NONE',  ( -0.8679845199528217800, 3.606800000000000200, -2.095500000000000400 ) ) ;
#4490 = CARTESIAN_POINT ( 'NONE',  ( -1.481742259976411400, 3.555999999999999600, -1.481742259976410300 ) ) ;
#4491 = CARTESIAN_POINT ( 'NONE',  ( -2.095500000000000800, 3.505199999999999900, -0.8679845199528208900 ) ) ;
#4492 = DIRECTION ( 'NONE',  ( 1.000000000000000000, 2.449212707644755000E-016, 0.0000000000000000000 ) ) ;
#4493 = DIRECTION ( 'NONE',  ( 2.449212707644754500E-016, -1.000000000000000000, -0.0000000000000000000 ) ) ;
#4494 = AXIS2_PLACEMENT_3D ( 'NONE', #4495, #4493, #4492 ) ;
#4495 = CARTESIAN_POINT ( 'NONE',  ( 0.0000000000000000000, 0.0000000000000000000, 0.0000000000000000000 ) ) ;
#4496 = CYLINDRICAL_SURFACE ( 'NONE', #4494, 2.095500000000000800 ) ;
#4497 = DIRECTION ( 'NONE',  ( 1.000000000000000000, 2.449212707644755000E-016, 0.0000000000000000000 ) ) ;
#4498 = DIRECTION ( 'NONE',  ( 2.449212707644754500E-016, -1.000000000000000000, -0.0000000000000000000 ) ) ;
#4499 = FACE_OUTER_BOUND ( 'NONE', #1297, .T. ) ;
#4500 = CARTESIAN_POINT ( 'NONE',  ( 0.0000000000000000000, 0.0000000000000000000, 0.0000000000000000000 ) ) ;
#4501 = AXIS2_PLACEMENT_3D ( 'NONE', #4500, #4498, #4497 ) ;
#4502 = CARTESIAN_POINT ( 'NONE',  ( 2.095499999999999500, 3.048000000000000900, -2.566162614434791800E-016 ) ) ;
#4503 = CARTESIAN_POINT ( 'NONE',  ( 2.095499999999999500, 2.997200000000000800, -0.8679845199528211100 ) ) ;
#4504 = CARTESIAN_POINT ( 'NONE',  ( 1.481742259976409600, 2.946400000000000600, -1.481742259976410500 ) ) ;
#4505 = CARTESIAN_POINT ( 'NONE',  ( 0.8679845199528200000, 2.895600000000000800, -2.095500000000000400 ) ) ;
#4506 = CARTESIAN_POINT ( 'NONE',  ( -8.250601617925193800E-016, 2.844800000000000200, -2.095500000000000400 ) ) ;
#4507 = CARTESIAN_POINT ( 'NONE',  ( -0.8679845199528214400, 2.794000000000000500, -2.095500000000000400 ) ) ;
#4508 = CARTESIAN_POINT ( 'NONE',  ( -1.481742259976411200, 2.743199999999999900, -1.481742259976410300 ) ) ;
#4509 = CARTESIAN_POINT ( 'NONE',  ( -2.095500000000000400, 2.692399999999999700, -0.8679845199528208900 ) ) ;
#4510 = CARTESIAN_POINT ( 'NONE',  ( -2.095500000000000400, 2.641599999999999900, 0.0000000000000000000 ) ) ;
#4511 = CYLINDRICAL_SURFACE ( 'NONE', #4501, 2.095500000000000800 ) ;
#4512 = FACE_OUTER_BOUND ( 'NONE', #1272, .T. ) ;
#4513 =( BOUNDED_CURVE ( )  B_SPLINE_CURVE ( 2, ( #4510, #4509, #4508, #4507, #4506, #4505, #4504, #4503, #4502 ),
 .UNSPECIFIED., .F., .T. ) 
 B_SPLINE_CURVE_WITH_KNOTS ( ( 3, 2, 2, 2, 3 ),
 ( 0.2727272727272727100, 0.2840909090909091200, 0.2954545454545454700, 0.3068181818181818200, 0.3181818181818181800 ),
 .UNSPECIFIED. ) 
 CURVE ( )  GEOMETRIC_REPRESENTATION_ITEM ( )  RATIONAL_B_SPLINE_CURVE ( ( 1.000000000000000000, 0.9238795325112867400, 1.000000000000000000, 0.9238795325112867400, 1.000000000000000000, 0.9238795325112867400, 1.000000000000000000, 0.9238795325112867400, 1.000000000000000000 ) ) 
 REPRESENTATION_ITEM ( '' )  );
#4514 = CARTESIAN_POINT ( 'NONE',  ( 2.095499999999999000, 4.673600000000000400, -2.566162614434791800E-016 ) ) ;
#4515 = CARTESIAN_POINT ( 'NONE',  ( 2.095499999999999500, 4.622800000000000700, -0.8679845199528211100 ) ) ;
#4516 = CARTESIAN_POINT ( 'NONE',  ( 1.481742259976409200, 4.572000000000001000, -1.481742259976410500 ) ) ;
#4517 = CARTESIAN_POINT ( 'NONE',  ( 0.8679845199528194400, 4.521200000000000300, -2.095500000000000400 ) ) ;
#4518 = CARTESIAN_POINT ( 'NONE',  ( -1.223204179547250900E-015, 4.470400000000001500, -2.095500000000000400 ) ) ;
#4519 = CARTESIAN_POINT ( 'NONE',  ( -0.8679845199528218900, 4.419600000000000000, -2.095500000000000400 ) ) ;
#4520 = CARTESIAN_POINT ( 'NONE',  ( -1.481742259976411600, 4.368800000000000200, -1.481742259976410300 ) ) ;
#4521 = CARTESIAN_POINT ( 'NONE',  ( -2.095500000000000800, 4.317999999999999600, -0.8679845199528208900 ) ) ;
#4522 = CARTESIAN_POINT ( 'NONE',  ( -2.095500000000000800, 4.267199999999999900, 0.0000000000000000000 ) ) ;
#4523 = FACE_OUTER_BOUND ( 'NONE', #1281, .T. ) ;
#4524 = AXIS2_PLACEMENT_3D ( 'NONE', #4551, #4550, #4549 ) ;
#4525 = CYLINDRICAL_SURFACE ( 'NONE', #4524, 2.095500000000000800 ) ;
#4526 =( BOUNDED_CURVE ( )  B_SPLINE_CURVE ( 2, ( #4522, #4521, #4520, #4519, #4518, #4517, #4516, #4515, #4514 ),
 .UNSPECIFIED., .F., .T. ) 
 B_SPLINE_CURVE_WITH_KNOTS ( ( 3, 2, 2, 2, 3 ),
 ( 0.4545454545454545900, 0.4659090909090909400, 0.4772727272727272900, 0.4886363636363636500, 0.5000000000000000000 ),
 .UNSPECIFIED. ) 
 CURVE ( )  GEOMETRIC_REPRESENTATION_ITEM ( )  RATIONAL_B_SPLINE_CURVE ( ( 1.000000000000000000, 0.9238795325112867400, 1.000000000000000000, 0.9238795325112867400, 1.000000000000000000, 0.9238795325112867400, 1.000000000000000000, 0.9238795325112867400, 1.000000000000000000 ) ) 
 REPRESENTATION_ITEM ( '' )  );
#4527 = CARTESIAN_POINT ( 'NONE',  ( 2.095499999999999000, 5.080000000000001000, -2.566162614434791800E-016 ) ) ;
#4528 = CARTESIAN_POINT ( 'NONE',  ( 2.095499999999999000, 5.029200000000001200, -0.8679845199528211100 ) ) ;
#4529 = CARTESIAN_POINT ( 'NONE',  ( 1.481742259976409000, 4.978399999999999700, -1.481742259976410500 ) ) ;
#4530 = CARTESIAN_POINT ( 'NONE',  ( 0.8679845199528194400, 4.927600000000000900, -2.095500000000000400 ) ) ;
#4531 = CARTESIAN_POINT ( 'NONE',  ( -1.322740183985933500E-015, 4.876800000000000200, -2.095500000000000400 ) ) ;
#4532 = CARTESIAN_POINT ( 'NONE',  ( -0.8679845199528221100, 4.826000000000000500, -2.095500000000000400 ) ) ;
#4533 = CARTESIAN_POINT ( 'NONE',  ( -1.481742259976411800, 4.775199999999999900, -1.481742259976410300 ) ) ;
#4534 = CARTESIAN_POINT ( 'NONE',  ( -2.095500000000001300, 4.724399999999999300, -0.8679845199528208900 ) ) ;
#4535 = CARTESIAN_POINT ( 'NONE',  ( -2.095500000000001300, 4.673600000000000400, 0.0000000000000000000 ) ) ;
#4536 =( BOUNDED_CURVE ( )  B_SPLINE_CURVE ( 2, ( #4535, #4534, #4533, #4532, #4531, #4530, #4529, #4528, #4527 ),
 .UNSPECIFIED., .F., .T. ) 
 B_SPLINE_CURVE_WITH_KNOTS ( ( 3, 2, 2, 2, 3 ),
 ( 0.5454545454545454100, 0.5568181818181818800, 0.5681818181818182300, 0.5795454545454545900, 0.5909090909090909400 ),
 .UNSPECIFIED. ) 
 CURVE ( )  GEOMETRIC_REPRESENTATION_ITEM ( )  RATIONAL_B_SPLINE_CURVE ( ( 1.000000000000000000, 0.9238795325112867400, 1.000000000000000000, 0.9238795325112867400, 1.000000000000000000, 0.9238795325112867400, 1.000000000000000000, 0.9238795325112867400, 1.000000000000000000 ) ) 
 REPRESENTATION_ITEM ( '' )  );
#4537 = CARTESIAN_POINT ( 'NONE',  ( -2.095500000000001700, 6.299199999999999900, 0.0000000000000000000 ) ) ;
#4538 =( BOUNDED_CURVE ( )  B_SPLINE_CURVE ( 2, ( #4537, #4575, #4574, #4573, #4572, #4571, #4570, #4569, #4568 ),
 .UNSPECIFIED., .F., .T. ) 
 B_SPLINE_CURVE_WITH_KNOTS ( ( 3, 2, 2, 2, 3 ),
 ( 0.7272727272727272900, 0.7386363636363636500, 0.7500000000000000000, 0.7613636363636363500, 0.7727272727272727100 ),
 .UNSPECIFIED. ) 
 CURVE ( )  GEOMETRIC_REPRESENTATION_ITEM ( )  RATIONAL_B_SPLINE_CURVE ( ( 1.000000000000000000, 0.9238795325112867400, 1.000000000000000000, 0.9238795325112867400, 1.000000000000000000, 0.9238795325112867400, 1.000000000000000000, 0.9238795325112867400, 1.000000000000000000 ) ) 
 REPRESENTATION_ITEM ( '' )  );
#4539 = CARTESIAN_POINT ( 'NONE',  ( 2.095499999999999000, 4.267200000000001700, -2.566162614434791800E-016 ) ) ;
#4540 = CARTESIAN_POINT ( 'NONE',  ( 2.095499999999999500, 4.216400000000001000, -0.8679845199528211100 ) ) ;
#4541 = CARTESIAN_POINT ( 'NONE',  ( 1.481742259976409200, 4.165600000000000400, -1.481742259976410500 ) ) ;
#4542 = CARTESIAN_POINT ( 'NONE',  ( 0.8679845199528194400, 4.114799999999999800, -2.095500000000000400 ) ) ;
#4543 = CARTESIAN_POINT ( 'NONE',  ( -1.123668175108567900E-015, 4.064000000000000900, -2.095500000000000400 ) ) ;
#4544 = CARTESIAN_POINT ( 'NONE',  ( -0.8679845199528218900, 4.013200000000000300, -2.095500000000000400 ) ) ;
#4545 = CARTESIAN_POINT ( 'NONE',  ( -1.481742259976411600, 3.962400000000000600, -1.481742259976410300 ) ) ;
#4546 = CARTESIAN_POINT ( 'NONE',  ( -2.095500000000000800, 3.911599999999999500, -0.8679845199528208900 ) ) ;
#4547 = CARTESIAN_POINT ( 'NONE',  ( -2.095500000000000800, 3.860799999999999800, 0.0000000000000000000 ) ) ;
#4548 =( BOUNDED_CURVE ( )  B_SPLINE_CURVE ( 2, ( #4547, #4546, #4545, #4544, #4543, #4542, #4541, #4540, #4539 ),
 .UNSPECIFIED., .F., .T. ) 
 B_SPLINE_CURVE_WITH_KNOTS ( ( 3, 2, 2, 2, 3 ),
 ( 0.4545454545454545900, 0.4659090909090909400, 0.4772727272727272900, 0.4886363636363636500, 0.5000000000000000000 ),
 .UNSPECIFIED. ) 
 CURVE ( )  GEOMETRIC_REPRESENTATION_ITEM ( )  RATIONAL_B_SPLINE_CURVE ( ( 1.000000000000000000, 0.9238795325112867400, 1.000000000000000000, 0.9238795325112867400, 1.000000000000000000, 0.9238795325112867400, 1.000000000000000000, 0.9238795325112867400, 1.000000000000000000 ) ) 
 REPRESENTATION_ITEM ( '' )  );
#4549 = DIRECTION ( 'NONE',  ( 1.000000000000000000, 2.449212707644755000E-016, 0.0000000000000000000 ) ) ;
#4550 = DIRECTION ( 'NONE',  ( 2.449212707644754500E-016, -1.000000000000000000, -0.0000000000000000000 ) ) ;
#4551 = CARTESIAN_POINT ( 'NONE',  ( 0.0000000000000000000, 0.0000000000000000000, 0.0000000000000000000 ) ) ;
#4552 = DIRECTION ( 'NONE',  ( 1.000000000000000000, 2.449212707644755000E-016, 0.0000000000000000000 ) ) ;
#4553 = DIRECTION ( 'NONE',  ( 2.449212707644754500E-016, -1.000000000000000000, -0.0000000000000000000 ) ) ;
#4554 = CARTESIAN_POINT ( 'NONE',  ( 0.0000000000000000000, 0.0000000000000000000, 0.0000000000000000000 ) ) ;
#4555 = AXIS2_PLACEMENT_3D ( 'NONE', #4554, #4553, #4552 ) ;
#4556 = CARTESIAN_POINT ( 'NONE',  ( 2.095499999999999000, 6.299200000000000800, -2.566162614434791800E-016 ) ) ;
#4557 = CARTESIAN_POINT ( 'NONE',  ( 2.095499999999999000, 6.248400000000001100, -0.8679845199528211100 ) ) ;
#4558 = CARTESIAN_POINT ( 'NONE',  ( 1.481742259976408700, 6.197600000000001300, -1.481742259976410500 ) ) ;
#4559 = CARTESIAN_POINT ( 'NONE',  ( 0.8679845199528193300, 6.146800000000001600, -2.095500000000000400 ) ) ;
#4560 = CARTESIAN_POINT ( 'NONE',  ( -1.621348197301982200E-015, 6.096000000000001000, -2.095500000000000400 ) ) ;
#4561 = CARTESIAN_POINT ( 'NONE',  ( -0.8679845199528224400, 6.045200000000000400, -2.095500000000000400 ) ) ;
#4562 = CARTESIAN_POINT ( 'NONE',  ( -1.481742259976412100, 5.994399999999999700, -1.481742259976410300 ) ) ;
#4563 = CARTESIAN_POINT ( 'NONE',  ( -2.095500000000001300, 5.943600000000000000, -0.8679845199528208900 ) ) ;
#4564 = CARTESIAN_POINT ( 'NONE',  ( -2.095500000000001300, 5.892800000000000300, 0.0000000000000000000 ) ) ;
#4565 = CYLINDRICAL_SURFACE ( 'NONE', #4555, 2.095500000000000800 ) ;
#4566 = FACE_OUTER_BOUND ( 'NONE', #1290, .T. ) ;
#4567 =( BOUNDED_CURVE ( )  B_SPLINE_CURVE ( 2, ( #4564, #4563, #4562, #4561, #4560, #4559, #4558, #4557, #4556 ),
 .UNSPECIFIED., .F., .T. ) 
 B_SPLINE_CURVE_WITH_KNOTS ( ( 3, 2, 2, 2, 3 ),
 ( 0.6363636363636363500, 0.6477272727272727100, 0.6590909090909090600, 0.6704545454545455300, 0.6818181818181818800 ),
 .UNSPECIFIED. ) 
 CURVE ( )  GEOMETRIC_REPRESENTATION_ITEM ( )  RATIONAL_B_SPLINE_CURVE ( ( 1.000000000000000000, 0.9238795325112867400, 1.000000000000000000, 0.9238795325112867400, 1.000000000000000000, 0.9238795325112867400, 1.000000000000000000, 0.9238795325112867400, 1.000000000000000000 ) ) 
 REPRESENTATION_ITEM ( '' )  );
#4568 = CARTESIAN_POINT ( 'NONE',  ( 2.095499999999998600, 6.705600000000001300, -2.566162614434791800E-016 ) ) ;
#4569 = CARTESIAN_POINT ( 'NONE',  ( 2.095499999999998600, 6.654800000000000700, -0.8679845199528211100 ) ) ;
#4570 = CARTESIAN_POINT ( 'NONE',  ( 1.481742259976408500, 6.604000000000000100, -1.481742259976410500 ) ) ;
#4571 = CARTESIAN_POINT ( 'NONE',  ( 0.8679845199528190000, 6.553200000000001200, -2.095500000000000400 ) ) ;
#4572 = CARTESIAN_POINT ( 'NONE',  ( -1.720884201740664700E-015, 6.502400000000000600, -2.095500000000000400 ) ) ;
#4573 = CARTESIAN_POINT ( 'NONE',  ( -0.8679845199528224400, 6.451599999999999100, -2.095500000000000400 ) ) ;
#4574 = CARTESIAN_POINT ( 'NONE',  ( -1.481742259976412100, 6.400800000000001200, -1.481742259976410300 ) ) ;
#4575 = CARTESIAN_POINT ( 'NONE',  ( -2.095500000000001700, 6.349999999999999600, -0.8679845199528208900 ) ) ;
#4576 = CARTESIAN_POINT ( 'NONE',  ( 2.095499999999999000, 5.435600000000000900, -0.8679845199528211100 ) ) ;
#4577 = CARTESIAN_POINT ( 'NONE',  ( 1.481742259976409000, 5.384800000000000300, -1.481742259976410500 ) ) ;
#4578 = CARTESIAN_POINT ( 'NONE',  ( 0.8679845199528194400, 5.334000000000002300, -2.095500000000000400 ) ) ;
#4579 = CARTESIAN_POINT ( 'NONE',  ( -1.422276188424616600E-015, 5.283200000000000800, -2.095500000000000400 ) ) ;
#4580 = CARTESIAN_POINT ( 'NONE',  ( -0.8679845199528221100, 5.232400000000001100, -2.095500000000000400 ) ) ;
#4581 = CARTESIAN_POINT ( 'NONE',  ( -1.481742259976411800, 5.181599999999999500, -1.481742259976410300 ) ) ;
#4582 = CARTESIAN_POINT ( 'NONE',  ( -2.095500000000001300, 5.130800000000001600, -0.8679845199528208900 ) ) ;
#4583 = CARTESIAN_POINT ( 'NONE',  ( -2.095500000000001300, 5.080000000000000100, 0.0000000000000000000 ) ) ;
#4584 =( BOUNDED_CURVE ( )  B_SPLINE_CURVE ( 2, ( #4583, #4582, #4581, #4580, #4579, #4578, #4577, #4576, #4625 ),
 .UNSPECIFIED., .F., .T. ) 
 B_SPLINE_CURVE_WITH_KNOTS ( ( 3, 2, 2, 2, 3 ),
 ( 0.5454545454545454100, 0.5568181818181818800, 0.5681818181818182300, 0.5795454545454545900, 0.5909090909090909400 ),
 .UNSPECIFIED. ) 
 CURVE ( )  GEOMETRIC_REPRESENTATION_ITEM ( )  RATIONAL_B_SPLINE_CURVE ( ( 1.000000000000000000, 0.9238795325112867400, 1.000000000000000000, 0.9238795325112867400, 1.000000000000000000, 0.9238795325112867400, 1.000000000000000000, 0.9238795325112867400, 1.000000000000000000 ) ) 
 REPRESENTATION_ITEM ( '' )  );
#4585 = FACE_OUTER_BOUND ( 'NONE', #1221, .T. ) ;
#4586 = CARTESIAN_POINT ( 'NONE',  ( 2.095499999999999000, 5.892800000000001100, -2.566162614434791800E-016 ) ) ;
#4587 = CARTESIAN_POINT ( 'NONE',  ( 2.095499999999999000, 5.842000000000001400, -0.8679845199528211100 ) ) ;
#4588 = CARTESIAN_POINT ( 'NONE',  ( 1.481742259976408700, 5.791200000000000800, -1.481742259976410500 ) ) ;
#4589 = CARTESIAN_POINT ( 'NONE',  ( 0.8679845199528193300, 5.740400000000000200, -2.095500000000000400 ) ) ;
#4590 = CARTESIAN_POINT ( 'NONE',  ( -1.521812192863299200E-015, 5.689600000000000400, -2.095500000000000400 ) ) ;
#4591 = CARTESIAN_POINT ( 'NONE',  ( -0.8679845199528224400, 5.638799999999999800, -2.095500000000000400 ) ) ;
#4592 = CARTESIAN_POINT ( 'NONE',  ( -1.481742259976412100, 5.588000000000000100, -1.481742259976410300 ) ) ;
#4593 = CARTESIAN_POINT ( 'NONE',  ( -2.095500000000001300, 5.537200000000000300, -0.8679845199528208900 ) ) ;
#4594 = CARTESIAN_POINT ( 'NONE',  ( -2.095500000000001300, 5.486399999999999700, 0.0000000000000000000 ) ) ;
#4595 =( BOUNDED_CURVE ( )  B_SPLINE_CURVE ( 2, ( #4594, #4593, #4592, #4591, #4590, #4589, #4588, #4587, #4586 ),
 .UNSPECIFIED., .F., .T. ) 
 B_SPLINE_CURVE_WITH_KNOTS ( ( 3, 2, 2, 2, 3 ),
 ( 0.6363636363636363500, 0.6477272727272727100, 0.6590909090909090600, 0.6704545454545455300, 0.6818181818181818800 ),
 .UNSPECIFIED. ) 
 CURVE ( )  GEOMETRIC_REPRESENTATION_ITEM ( )  RATIONAL_B_SPLINE_CURVE ( ( 1.000000000000000000, 0.9238795325112867400, 1.000000000000000000, 0.9238795325112867400, 1.000000000000000000, 0.9238795325112867400, 1.000000000000000000, 0.9238795325112867400, 1.000000000000000000 ) ) 
 REPRESENTATION_ITEM ( '' )  );
#4596 = CARTESIAN_POINT ( 'NONE',  ( -2.203816581023863500, 12.46754691167845100, 2.698807787780927800E-016 ) ) ;
#4597 = CARTESIAN_POINT ( 'NONE',  ( -2.158524327589499900, 12.46754691167845100, 0.4444999999999984500 ) ) ;
#4598 = DIRECTION ( 'NONE',  ( 1.000000000000000000, 0.0000000000000000000, 0.0000000000000000000 ) ) ;
#4599 = DIRECTION ( 'NONE',  ( 2.449212707644754500E-016, -1.000000000000000000, -0.0000000000000000000 ) ) ;
#4600 = CARTESIAN_POINT ( 'NONE',  ( -3.050684045977384600E-015, 12.46754691167845100, 0.0000000000000000000 ) ) ;
#4601 = AXIS2_PLACEMENT_3D ( 'NONE', #4600, #4599, #4598 ) ;
#4602 = DIRECTION ( 'NONE',  ( 1.000000000000000000, 2.449212707644754500E-016, 0.0000000000000000000 ) ) ;
#4603 = DIRECTION ( 'NONE',  ( 2.449212707644754500E-016, -1.000000000000000000, -0.0000000000000000000 ) ) ;
#4604 = AXIS2_PLACEMENT_3D ( 'NONE', #4606, #4603, #4602 ) ;
#4605 = CIRCLE ( 'NONE', #4601, 2.203816581023861200 ) ;
#4606 = CARTESIAN_POINT ( 'NONE',  ( -1.572093150103981400E-015, 6.430542076376636600, 0.0000000000000000000 ) ) ;
#4607 = TOROIDAL_SURFACE ( 'NONE', #4604, 0.2347882372607448500, 6.349999999999999600 ) ;
#4608 = FACE_OUTER_BOUND ( 'NONE', #1326, .T. ) ;
#4609 = DIRECTION ( 'NONE',  ( 0.0000000000000000000, 0.0000000000000000000, -1.000000000000000000 ) ) ;
#4610 = DIRECTION ( 'NONE',  ( 0.0000000000000000000, 1.000000000000000000, 0.0000000000000000000 ) ) ;
#4611 = CARTESIAN_POINT ( 'NONE',  ( -8.343020934463380400E-017, 0.3406409295698253300, 0.0000000000000000000 ) ) ;
#4612 = AXIS2_PLACEMENT_3D ( 'NONE', #4611, #4610, #4609 ) ;
#4613 = CIRCLE ( 'NONE', #4612, 2.095500000000000800 ) ;
#4614 = CARTESIAN_POINT ( 'NONE',  ( -0.4445000000000000600, 12.46754691167845100, 2.158524327589499900 ) ) ;
#4615 = DIRECTION ( 'NONE',  ( 1.000000000000000000, 0.0000000000000000000, 0.0000000000000000000 ) ) ;
#4616 = DIRECTION ( 'NONE',  ( 2.449212707644754500E-016, -1.000000000000000000, -0.0000000000000000000 ) ) ;
#4617 = CARTESIAN_POINT ( 'NONE',  ( -3.050684045977384600E-015, 12.46754691167845100, 0.0000000000000000000 ) ) ;
#4618 = AXIS2_PLACEMENT_3D ( 'NONE', #4617, #4616, #4615 ) ;
#4619 = DIRECTION ( 'NONE',  ( 1.000000000000000000, 2.449212707644755000E-016, 0.0000000000000000000 ) ) ;
#4620 = DIRECTION ( 'NONE',  ( 2.449212707644754500E-016, -1.000000000000000000, -0.0000000000000000000 ) ) ;
#4621 = AXIS2_PLACEMENT_3D ( 'NONE', #4623, #4620, #4619 ) ;
#4622 = CIRCLE ( 'NONE', #4618, 2.203816581023861200 ) ;
#4623 = CARTESIAN_POINT ( 'NONE',  ( 0.0000000000000000000, 0.0000000000000000000, 0.0000000000000000000 ) ) ;
#4624 = CYLINDRICAL_SURFACE ( 'NONE', #4621, 2.095500000000000800 ) ;
#4625 = CARTESIAN_POINT ( 'NONE',  ( 2.095499999999999000, 5.486400000000000600, -2.566162614434791800E-016 ) ) ;
#4626 = CARTESIAN_POINT ( 'NONE',  ( 0.0000000000000000000, 0.0000000000000000000, 0.0000000000000000000 ) ) ;
#4627 = AXIS2_PLACEMENT_3D ( 'NONE', #4626, #4669, #4668 ) ;
#4628 = CARTESIAN_POINT ( 'NONE',  ( 2.095499999999999900, 1.422400000000001000, -2.566162614434791800E-016 ) ) ;
#4629 = CARTESIAN_POINT ( 'NONE',  ( 2.095499999999999900, 1.371600000000001000, -0.8679845199528211100 ) ) ;
#4630 = CARTESIAN_POINT ( 'NONE',  ( 1.481742259976410100, 1.320800000000000600, -1.481742259976410500 ) ) ;
#4631 = CARTESIAN_POINT ( 'NONE',  ( 0.8679845199528204400, 1.270000000000000700, -2.095500000000000400 ) ) ;
#4632 = CARTESIAN_POINT ( 'NONE',  ( -4.269161440377881900E-016, 1.219200000000000100, -2.095500000000000400 ) ) ;
#4633 = CARTESIAN_POINT ( 'NONE',  ( -0.8679845199528211100, 1.168400000000000100, -2.095500000000000400 ) ) ;
#4634 = CARTESIAN_POINT ( 'NONE',  ( -1.481742259976410700, 1.117599999999999900, -1.481742259976410300 ) ) ;
#4635 = CARTESIAN_POINT ( 'NONE',  ( -2.095500000000000400, 1.066800000000000000, -0.8679845199528208900 ) ) ;
#4636 = CARTESIAN_POINT ( 'NONE',  ( -2.095500000000000400, 1.015999999999999800, 0.0000000000000000000 ) ) ;
#4637 = CYLINDRICAL_SURFACE ( 'NONE', #4627, 2.095500000000000800 ) ;
#4638 = FACE_OUTER_BOUND ( 'NONE', #1318, .T. ) ;
#4639 =( BOUNDED_CURVE ( )  B_SPLINE_CURVE ( 2, ( #4636, #4635, #4634, #4633, #4632, #4631, #4630, #4629, #4628 ),
 .UNSPECIFIED., .F., .T. ) 
 B_SPLINE_CURVE_WITH_KNOTS ( ( 3, 2, 2, 2, 3 ),
 ( 0.09090909090909091200, 0.1022727272727272800, 0.1136363636363636500, 0.1250000000000000000, 0.1363636363636363500 ),
 .UNSPECIFIED. ) 
 CURVE ( )  GEOMETRIC_REPRESENTATION_ITEM ( )  RATIONAL_B_SPLINE_CURVE ( ( 1.000000000000000000, 0.9238795325112867400, 1.000000000000000000, 0.9238795325112867400, 1.000000000000000000, 0.9238795325112867400, 1.000000000000000000, 0.9238795325112867400, 1.000000000000000000 ) ) 
 REPRESENTATION_ITEM ( '' )  );
#4640 = CARTESIAN_POINT ( 'NONE',  ( 2.203816581023857200, 12.46754691167845100, 0.0000000000000000000 ) ) ;
#4641 = DIRECTION ( 'NONE',  ( -1.000000000000000000, 0.0000000000000000000, 0.0000000000000000000 ) ) ;
#4642 = DIRECTION ( 'NONE',  ( 0.0000000000000000000, 0.0000000000000000000, -1.000000000000000000 ) ) ;
#4643 = AXIS2_PLACEMENT_3D ( 'NONE', #4650, #4642, #4641 ) ;
#4644 = CIRCLE ( 'NONE', #4643, 6.349999999999999600 ) ;
#4645 = DIRECTION ( 'NONE',  ( 1.000000000000000000, 0.0000000000000000000, -1.224606353822377300E-016 ) ) ;
#4646 = DIRECTION ( 'NONE',  ( 1.224606353822377300E-016, 2.999321443644274900E-032, 1.000000000000000000 ) ) ;
#4647 = CARTESIAN_POINT ( 'NONE',  ( -0.2347882372607464100, 6.430542076376636600, 2.875231671522639900E-017 ) ) ;
#4648 = AXIS2_PLACEMENT_3D ( 'NONE', #4647, #4646, #4645 ) ;
#4649 = CIRCLE ( 'NONE', #4648, 6.349999999999999600 ) ;
#4650 = CARTESIAN_POINT ( 'NONE',  ( 0.2347882372607432700, 6.430542076376636600, 0.0000000000000000000 ) ) ;
#4651 = CARTESIAN_POINT ( 'NONE',  ( -2.278441351604225200E-016, 0.4064000000000002600, -2.095500000000000400 ) ) ;
#4652 = CARTESIAN_POINT ( 'NONE',  ( -0.5413543999974098600, 0.3747164815872948700, -2.095500000000000400 ) ) ;
#4653 = CARTESIAN_POINT ( 'NONE',  ( -1.014969456279577000, 0.3406409295698490400, -1.833291371500869600 ) ) ;
#4654 = CARTESIAN_POINT ( 'NONE',  ( 2.158524327589499400, 12.46754691167844500, -0.4445000000000001200 ) ) ;
#4655 = CARTESIAN_POINT ( 'NONE',  ( -1.014969456279577000, 0.3406409295698490400, -1.833291371500869600 ) ) ;
#4656 =( BOUNDED_CURVE ( )  B_SPLINE_CURVE ( 2, ( #4653, #4652, #4651, #3884, #4091, #4090, #4089 ),
 .UNSPECIFIED., .F., .T. ) 
 B_SPLINE_CURVE_WITH_KNOTS ( ( 3, 2, 2, 3 ),
 ( 0.01543086748531872200, 0.02272727272727272800, 0.03409090909090908800, 0.04545454545454545600 ),
 .UNSPECIFIED. ) 
 CURVE ( )  GEOMETRIC_REPRESENTATION_ITEM ( )  RATIONAL_B_SPLINE_CURVE ( ( 0.9650131707493143600, 0.9511242915355919700, 1.000000000000000000, 0.9238795325112867400, 1.000000000000000000, 0.9238795325112867400, 1.000000000000000000 ) ) 
 REPRESENTATION_ITEM ( '' )  );
#4657 = CARTESIAN_POINT ( 'NONE',  ( 2.054320625444595800, 12.50083547823509100, -0.4445000000000001200 ) ) ;
#4658 = CARTESIAN_POINT ( 'NONE',  ( 2.095499999999999900, 1.016000000000000900, -2.566162614434791800E-016 ) ) ;
#4659 = CARTESIAN_POINT ( 'NONE',  ( 2.095499999999999900, 0.9652000000000009500, -0.8679845199528211100 ) ) ;
#4660 = CARTESIAN_POINT ( 'NONE',  ( 1.481742259976410100, 0.9144000000000006600, -1.481742259976410500 ) ) ;
#4661 = CARTESIAN_POINT ( 'NONE',  ( 0.8679845199528204400, 0.8636000000000005900, -2.095500000000000400 ) ) ;
#4662 = CARTESIAN_POINT ( 'NONE',  ( -3.273801395991053600E-016, 0.8128000000000001900, -2.095500000000000400 ) ) ;
#4663 = CARTESIAN_POINT ( 'NONE',  ( -0.8679845199528211100, 0.7620000000000001200, -2.095500000000000400 ) ) ;
#4664 = CARTESIAN_POINT ( 'NONE',  ( -1.481742259976410700, 0.7111999999999999400, -1.481742259976410300 ) ) ;
#4665 = CARTESIAN_POINT ( 'NONE',  ( -2.095500000000000400, 0.6603999999999997600, -0.8679845199528208900 ) ) ;
#4666 = CARTESIAN_POINT ( 'NONE',  ( -2.095500000000000400, 0.6095999999999997000, 0.0000000000000000000 ) ) ;
#4667 =( BOUNDED_CURVE ( )  B_SPLINE_CURVE ( 2, ( #4666, #4665, #4664, #4663, #4662, #4661, #4660, #4659, #4658 ),
 .UNSPECIFIED., .F., .T. ) 
 B_SPLINE_CURVE_WITH_KNOTS ( ( 3, 2, 2, 2, 3 ),
 ( 0.09090909090909091200, 0.1022727272727272800, 0.1136363636363636500, 0.1250000000000000000, 0.1363636363636363500 ),
 .UNSPECIFIED. ) 
 CURVE ( )  GEOMETRIC_REPRESENTATION_ITEM ( )  RATIONAL_B_SPLINE_CURVE ( ( 1.000000000000000000, 0.9238795325112867400, 1.000000000000000000, 0.9238795325112867400, 1.000000000000000000, 0.9238795325112867400, 1.000000000000000000, 0.9238795325112867400, 1.000000000000000000 ) ) 
 REPRESENTATION_ITEM ( '' )  );
#4668 = DIRECTION ( 'NONE',  ( 1.000000000000000000, 2.449212707644755000E-016, 0.0000000000000000000 ) ) ;
#4669 = DIRECTION ( 'NONE',  ( 2.449212707644754500E-016, -1.000000000000000000, -0.0000000000000000000 ) ) ;
#4670 = CARTESIAN_POINT ( 'NONE',  ( 1.481742259976409800, 2.133600000000000800, -1.481742259976410500 ) ) ;
#4671 = CARTESIAN_POINT ( 'NONE',  ( 0.8679845199528203300, 2.082800000000000700, -2.095500000000000400 ) ) ;
#4672 = CARTESIAN_POINT ( 'NONE',  ( -6.259881529151537100E-016, 2.032000000000000500, -2.095500000000000400 ) ) ;
#4673 = CARTESIAN_POINT ( 'NONE',  ( -0.8679845199528213300, 1.981200000000000300, -2.095500000000000400 ) ) ;
#4674 = CARTESIAN_POINT ( 'NONE',  ( -1.481742259976411000, 1.930400000000000100, -1.481742259976410300 ) ) ;
#4675 = CARTESIAN_POINT ( 'NONE',  ( -2.095500000000000400, 1.879599999999999900, -0.8679845199528208900 ) ) ;
#4676 = CARTESIAN_POINT ( 'NONE',  ( -2.095500000000000400, 1.828799999999999800, 0.0000000000000000000 ) ) ;
#4677 = CYLINDRICAL_SURFACE ( 'NONE', #4705, 2.095500000000000800 ) ;
#4678 = FACE_OUTER_BOUND ( 'NONE', #1334, .T. ) ;
#4679 =( BOUNDED_CURVE ( )  B_SPLINE_CURVE ( 2, ( #4676, #4675, #4674, #4673, #4672, #4671, #4670, #4707, #4706 ),
 .UNSPECIFIED., .F., .T. ) 
 B_SPLINE_CURVE_WITH_KNOTS ( ( 3, 2, 2, 2, 3 ),
 ( 0.1818181818181818200, 0.1931818181818181800, 0.2045454545454545600, 0.2159090909090909100, 0.2272727272727272900 ),
 .UNSPECIFIED. ) 
 CURVE ( )  GEOMETRIC_REPRESENTATION_ITEM ( )  RATIONAL_B_SPLINE_CURVE ( ( 1.000000000000000000, 0.9238795325112867400, 1.000000000000000000, 0.9238795325112867400, 1.000000000000000000, 0.9238795325112867400, 1.000000000000000000, 0.9238795325112867400, 1.000000000000000000 ) ) 
 REPRESENTATION_ITEM ( '' )  );
#4680 = CARTESIAN_POINT ( 'NONE',  ( 2.095499999999999500, 2.641600000000000800, -2.566162614434791800E-016 ) ) ;
#4681 = CARTESIAN_POINT ( 'NONE',  ( 2.095499999999999500, 2.590800000000000200, -0.8679845199528211100 ) ) ;
#4682 = CARTESIAN_POINT ( 'NONE',  ( 1.481742259976409600, 2.540000000000000500, -1.481742259976410500 ) ) ;
#4683 = CARTESIAN_POINT ( 'NONE',  ( 0.8679845199528200000, 2.489200000000000300, -2.095500000000000400 ) ) ;
#4684 = CARTESIAN_POINT ( 'NONE',  ( -7.255241573538365400E-016, 2.438400000000000100, -2.095500000000000400 ) ) ;
#4685 = CARTESIAN_POINT ( 'NONE',  ( -0.8679845199528214400, 2.387599999999999900, -2.095500000000000400 ) ) ;
#4686 = CARTESIAN_POINT ( 'NONE',  ( -1.481742259976411200, 2.336800000000000200, -1.481742259976410300 ) ) ;
#4687 = CARTESIAN_POINT ( 'NONE',  ( -2.095500000000000400, 2.286000000000000500, -0.8679845199528208900 ) ) ;
#4688 = CARTESIAN_POINT ( 'NONE',  ( -2.095500000000000400, 2.235200000000000300, 0.0000000000000000000 ) ) ;
#4689 =( BOUNDED_CURVE ( )  B_SPLINE_CURVE ( 2, ( #4688, #4687, #4686, #4685, #4684, #4683, #4682, #4681, #4680 ),
 .UNSPECIFIED., .F., .T. ) 
 B_SPLINE_CURVE_WITH_KNOTS ( ( 3, 2, 2, 2, 3 ),
 ( 0.2727272727272727100, 0.2840909090909091200, 0.2954545454545454700, 0.3068181818181818200, 0.3181818181818181800 ),
 .UNSPECIFIED. ) 
 CURVE ( )  GEOMETRIC_REPRESENTATION_ITEM ( )  RATIONAL_B_SPLINE_CURVE ( ( 1.000000000000000000, 0.9238795325112867400, 1.000000000000000000, 0.9238795325112867400, 1.000000000000000000, 0.9238795325112867400, 1.000000000000000000, 0.9238795325112867400, 1.000000000000000000 ) ) 
 REPRESENTATION_ITEM ( '' )  );
#4690 = CARTESIAN_POINT ( 'NONE',  ( -0.4444999999999999500, 12.63499244203763400, -1.523024184603867200 ) ) ;
#4691 = B_SPLINE_CURVE_WITH_KNOTS ( 'NONE', 3,
 ( #4733, #4732, #4731, #4730, #4729, #4728, #4727, #4726 ),
 .UNSPECIFIED., .F., .F.,
 ( 4, 2, 2, 4 ),
 ( 0.001146749292358062500, 0.001537922791788352300, 0.001929096291218642000, 0.002711443290079217600 ),
 .UNSPECIFIED. ) ;
#4692 = CARTESIAN_POINT ( 'NONE',  ( 2.095499999999999900, 1.828800000000000600, -2.566162614434791800E-016 ) ) ;
#4693 = CARTESIAN_POINT ( 'NONE',  ( 2.095499999999999900, 1.778000000000001100, -0.8679845199528211100 ) ) ;
#4694 = CARTESIAN_POINT ( 'NONE',  ( 1.481742259976409800, 1.727200000000000700, -1.481742259976410500 ) ) ;
#4695 = CARTESIAN_POINT ( 'NONE',  ( 0.8679845199528203300, 1.676400000000000600, -2.095500000000000400 ) ) ;
#4696 = CARTESIAN_POINT ( 'NONE',  ( -5.264521484764708800E-016, 1.625600000000000200, -2.095500000000000400 ) ) ;
#4697 = CARTESIAN_POINT ( 'NONE',  ( -0.8679845199528213300, 1.574800000000000200, -2.095500000000000400 ) ) ;
#4698 = CARTESIAN_POINT ( 'NONE',  ( -1.481742259976411000, 1.524000000000000000, -1.481742259976410300 ) ) ;
#4699 = CARTESIAN_POINT ( 'NONE',  ( -2.095500000000000400, 1.473199999999999800, -0.8679845199528208900 ) ) ;
#4700 = CARTESIAN_POINT ( 'NONE',  ( -2.095500000000000400, 1.422399999999999900, 0.0000000000000000000 ) ) ;
#4701 =( BOUNDED_CURVE ( )  B_SPLINE_CURVE ( 2, ( #4700, #4699, #4698, #4697, #4696, #4695, #4694, #4693, #4692 ),
 .UNSPECIFIED., .F., .T. ) 
 B_SPLINE_CURVE_WITH_KNOTS ( ( 3, 2, 2, 2, 3 ),
 ( 0.1818181818181818200, 0.1931818181818181800, 0.2045454545454545600, 0.2159090909090909100, 0.2272727272727272900 ),
 .UNSPECIFIED. ) 
 CURVE ( )  GEOMETRIC_REPRESENTATION_ITEM ( )  RATIONAL_B_SPLINE_CURVE ( ( 1.000000000000000000, 0.9238795325112867400, 1.000000000000000000, 0.9238795325112867400, 1.000000000000000000, 0.9238795325112867400, 1.000000000000000000, 0.9238795325112867400, 1.000000000000000000 ) ) 
 REPRESENTATION_ITEM ( '' )  );
#4702 = DIRECTION ( 'NONE',  ( 1.000000000000000000, 2.449212707644755000E-016, 0.0000000000000000000 ) ) ;
#4703 = DIRECTION ( 'NONE',  ( 2.449212707644754500E-016, -1.000000000000000000, -0.0000000000000000000 ) ) ;
#4704 = CARTESIAN_POINT ( 'NONE',  ( 0.0000000000000000000, 0.0000000000000000000, 0.0000000000000000000 ) ) ;
#4705 = AXIS2_PLACEMENT_3D ( 'NONE', #4704, #4703, #4702 ) ;
#4706 = CARTESIAN_POINT ( 'NONE',  ( 2.095499999999999900, 2.235200000000000700, -2.566162614434791800E-016 ) ) ;
#4707 = CARTESIAN_POINT ( 'NONE',  ( 2.095499999999999900, 2.184400000000001000, -0.8679845199528211100 ) ) ;
#4708 = CARTESIAN_POINT ( 'NONE',  ( 1.523024184603863500, 12.63499244203763500, 0.4445000000000000600 ) ) ;
#4709 = CARTESIAN_POINT ( 'NONE',  ( 0.4445000000000003400, 11.49335767462902100, 0.4445000000000002300 ) ) ;
#4710 = B_SPLINE_CURVE_WITH_KNOTS ( 'NONE', 3,
 ( #4708, #4761, #4760, #4759, #4758, #4757, #4756, #4755 ),
 .UNSPECIFIED., .F., .F.,
 ( 4, 2, 2, 4 ),
 ( 0.001314606428562453200, 0.002099748101339312200, 0.002492318937727741300, 0.002884889774116171200 ),
 .UNSPECIFIED. ) ;
#4711 = DIRECTION ( 'NONE',  ( -1.000000000000000000, 0.0000000000000000000, 0.0000000000000000000 ) ) ;
#4712 = DIRECTION ( 'NONE',  ( -2.449212707644754500E-016, 1.000000000000000000, 0.0000000000000000000 ) ) ;
#4713 = CARTESIAN_POINT ( 'NONE',  ( -1.523024184603869500, 12.63499244203763400, 0.4445000000000000600 ) ) ;
#4714 = CARTESIAN_POINT ( 'NONE',  ( -1.350577354147818800, 12.43770879029610300, 0.4445000000000002800 ) ) ;
#4715 = CARTESIAN_POINT ( 'NONE',  ( -1.177143058046916400, 12.24129114876457300, 0.4445000000000001700 ) ) ;
#4716 = CARTESIAN_POINT ( 'NONE',  ( -0.9112318990734064000, 11.95171597292844700, 0.4445000000000002300 ) ) ;
#4717 = CARTESIAN_POINT ( 'NONE',  ( -0.8215785152403426400, 11.85598135521829200, 0.4445000000000002300 ) ) ;
#4718 = CARTESIAN_POINT ( 'NONE',  ( -0.6380740314692395800, 11.66920417797550300, 0.4445000000000001700 ) ) ;
#4719 = CARTESIAN_POINT ( 'NONE',  ( -0.5445859837650269800, 11.57769983757655800, 0.4445000000000002300 ) ) ;
#4720 = CARTESIAN_POINT ( 'NONE',  ( -0.4444999999999996700, 11.49335767462901500, 0.4445000000000002300 ) ) ;
#4721 = CONICAL_SURFACE ( 'NONE', #4725, 1.586563240746574200, 0.6981317007977339000 ) ;
#4722 = FACE_OUTER_BOUND ( 'NONE', #1347, .T. ) ;
#4723 = B_SPLINE_CURVE_WITH_KNOTS ( 'NONE', 3,
 ( #4720, #4719, #4718, #4717, #4716, #4715, #4714, #4713 ),
 .UNSPECIFIED., .F., .F.,
 ( 4, 2, 2, 4 ),
 ( 0.001146749292358059500, 0.001537922791788347700, 0.001929096291218635900, 0.002711443290079212000 ),
 .UNSPECIFIED. ) ;
#4724 = CARTESIAN_POINT ( 'NONE',  ( -3.094578405003400200E-015, 12.63499244203763400, 0.0000000000000000000 ) ) ;
#4725 = AXIS2_PLACEMENT_3D ( 'NONE', #4724, #4712, #4711 ) ;
#4726 = CARTESIAN_POINT ( 'NONE',  ( -0.4444999999999999500, 12.63499244203763400, -1.523024184603867200 ) ) ;
#4727 = CARTESIAN_POINT ( 'NONE',  ( -0.4444999999999997800, 12.43770879029609400, -1.350577354147815900 ) ) ;
#4728 = CARTESIAN_POINT ( 'NONE',  ( -0.4444999999999999500, 12.24129114876456700, -1.177143058046914700 ) ) ;
#4729 = CARTESIAN_POINT ( 'NONE',  ( -0.4444999999999999000, 11.95171597292844500, -0.9112318990734056300 ) ) ;
#4730 = CARTESIAN_POINT ( 'NONE',  ( -0.4444999999999998400, 11.85598135521829000, -0.8215785152403414200 ) ) ;
#4731 = CARTESIAN_POINT ( 'NONE',  ( -0.4444999999999999000, 11.66920417797550300, -0.6380740314692393600 ) ) ;
#4732 = CARTESIAN_POINT ( 'NONE',  ( -0.4444999999999997800, 11.57769983757655500, -0.5445859837650276500 ) ) ;
#4733 = CARTESIAN_POINT ( 'NONE',  ( -0.4444999999999997800, 11.49335767462901500, -0.4444999999999996700 ) ) ;
#4734 = CARTESIAN_POINT ( 'NONE',  ( 0.4445000000000002800, 11.95252773047037200, -0.9119863474206541000 ) ) ;
#4735 = CARTESIAN_POINT ( 'NONE',  ( 0.4445000000000000600, 12.24169553273245000, -1.177496245632971200 ) ) ;
#4736 = CARTESIAN_POINT ( 'NONE',  ( 0.4445000000000001700, 12.43790125402093800, -1.350745587850760400 ) ) ;
#4737 = CARTESIAN_POINT ( 'NONE',  ( 0.4445000000000000600, 12.63499244203763500, -1.523024184603865700 ) ) ;
#4738 = CARTESIAN_POINT ( 'NONE',  ( 0.4445000000000000600, 12.63499244203763500, -1.523024184603865700 ) ) ;
#4739 = B_SPLINE_CURVE_WITH_KNOTS ( 'NONE', 3,
 ( #4737, #4736, #4735, #4734, #4790, #4789, #4788, #4787 ),
 .UNSPECIFIED., .F., .F.,
 ( 4, 2, 2, 4 ),
 ( 0.001314606428562456400, 0.002099748101339316500, 0.002492318937727746500, 0.002884889774116176400 ),
 .UNSPECIFIED. ) ;
#4740 = DIRECTION ( 'NONE',  ( -1.000000000000000000, 0.0000000000000000000, 0.0000000000000000000 ) ) ;
#4741 = CARTESIAN_POINT ( 'NONE',  ( 0.4445000000000001200, 12.63499244203763500, 1.523024184603865700 ) ) ;
#4742 = CARTESIAN_POINT ( 'NONE',  ( 0.4445000000000001200, 12.43770879029609800, 1.350577354147816800 ) ) ;
#4743 = CARTESIAN_POINT ( 'NONE',  ( 0.4445000000000002800, 12.24129114876457400, 1.177143058046915300 ) ) ;
#4744 = CARTESIAN_POINT ( 'NONE',  ( 0.4445000000000002300, 11.95171597292844700, 0.9112318990734059600 ) ) ;
#4745 = CARTESIAN_POINT ( 'NONE',  ( 0.4445000000000003400, 11.85598135521829700, 0.8215785152403415300 ) ) ;
#4746 = CARTESIAN_POINT ( 'NONE',  ( 0.4445000000000002800, 11.66920417797550900, 0.6380740314692392400 ) ) ;
#4747 = CARTESIAN_POINT ( 'NONE',  ( 0.4445000000000003400, 11.57769983757656900, 0.5445859837650278700 ) ) ;
#4748 = CARTESIAN_POINT ( 'NONE',  ( 0.4445000000000003400, 11.49335767462902100, 0.4445000000000002300 ) ) ;
#4749 = CARTESIAN_POINT ( 'NONE',  ( -3.094578405003400200E-015, 12.63499244203763400, 0.0000000000000000000 ) ) ;
#4750 = AXIS2_PLACEMENT_3D ( 'NONE', #4749, #4751, #4740 ) ;
#4751 = DIRECTION ( 'NONE',  ( -2.449212707644754500E-016, 1.000000000000000000, 0.0000000000000000000 ) ) ;
#4752 = B_SPLINE_CURVE_WITH_KNOTS ( 'NONE', 3,
 ( #4748, #4747, #4746, #4745, #4744, #4743, #4742, #4741 ),
 .UNSPECIFIED., .F., .F.,
 ( 4, 2, 2, 4 ),
 ( 0.001146749292358056500, 0.001537922791788344700, 0.001929096291218633100, 0.002711443290079206300 ),
 .UNSPECIFIED. ) ;
#4753 = CONICAL_SURFACE ( 'NONE', #4750, 1.586563240746574200, 0.6981317007977339000 ) ;
#4754 = FACE_OUTER_BOUND ( 'NONE', #1355, .T. ) ;
#4755 = CARTESIAN_POINT ( 'NONE',  ( 0.4445000000000003400, 11.49335767462902100, 0.4445000000000002300 ) ) ;
#4756 = CARTESIAN_POINT ( 'NONE',  ( 0.5454304692720238800, 11.57841148301939800, 0.4445000000000003900 ) ) ;
#4757 = CARTESIAN_POINT ( 'NONE',  ( 0.6390342033680099800, 11.67014838235458600, 0.4445000000000002800 ) ) ;
#4758 = CARTESIAN_POINT ( 'NONE',  ( 0.8225427136976327700, 11.85699619021203000, 0.4445000000000002300 ) ) ;
#4759 = CARTESIAN_POINT ( 'NONE',  ( 0.9119863474206534300, 11.95252773047037600, 0.4445000000000001700 ) ) ;
#4760 = CARTESIAN_POINT ( 'NONE',  ( 1.177496245632970300, 12.24169553273245500, 0.4445000000000000600 ) ) ;
#4761 = CARTESIAN_POINT ( 'NONE',  ( 1.350745587850758800, 12.43790125402094700, 0.4445000000000001700 ) ) ;
#4762 = DIRECTION ( 'NONE',  ( -1.000000000000000000, 0.0000000000000000000, 0.0000000000000000000 ) ) ;
#4763 = DIRECTION ( 'NONE',  ( -2.449212707644754500E-016, 1.000000000000000000, 0.0000000000000000000 ) ) ;
#4764 = CARTESIAN_POINT ( 'NONE',  ( -3.094578405003400200E-015, 12.63499244203763400, 0.0000000000000000000 ) ) ;
#4765 = AXIS2_PLACEMENT_3D ( 'NONE', #4764, #4763, #4762 ) ;
#4766 = CONICAL_SURFACE ( 'NONE', #4765, 1.586563240746574200, 0.6981317007977339000 ) ;
#4767 = CARTESIAN_POINT ( 'NONE',  ( -2.158524327589499900, 12.46754691167845100, 0.4444999999999984500 ) ) ;
#4768 = CARTESIAN_POINT ( 'NONE',  ( -2.054320625444596700, 12.50083547823509500, 0.4445000000000001200 ) ) ;
#4769 = CARTESIAN_POINT ( 'NONE',  ( -1.844202611600995500, 12.56203910566129500, 0.4445000000000000100 ) ) ;
#4770 = CARTESIAN_POINT ( 'NONE',  ( -1.630658711910731600, 12.61248106217345800, 0.4445000000000000100 ) ) ;
#4771 = CARTESIAN_POINT ( 'NONE',  ( -1.523024184603869500, 12.63499244203763400, 0.4445000000000000600 ) ) ;
#4772 = B_SPLINE_CURVE_WITH_KNOTS ( 'NONE', 3,
 ( #4771, #4770, #4769, #4768, #4767 ),
 .UNSPECIFIED., .F., .F.,
 ( 4, 1, 4 ),
 ( 0.0001064144408783141100, 0.0004345893202925986300, 0.0007627641997068831700 ),
 .UNSPECIFIED. ) ;
#4773 = FACE_OUTER_BOUND ( 'NONE', #1368, .T. ) ;
#4774 = DIRECTION ( 'NONE',  ( 1.000000000000000000, 0.0000000000000000000, 0.0000000000000000000 ) ) ;
#4775 = DIRECTION ( 'NONE',  ( 2.449212707644754500E-016, -1.000000000000000000, -0.0000000000000000000 ) ) ;
#4776 = CARTESIAN_POINT ( 'NONE',  ( -3.094578405003400200E-015, 12.63499244203763400, 0.0000000000000000000 ) ) ;
#4777 = AXIS2_PLACEMENT_3D ( 'NONE', #4776, #4775, #4774 ) ;
#4778 = CIRCLE ( 'NONE', #4777, 1.586563240746574200 ) ;
#4779 = CARTESIAN_POINT ( 'NONE',  ( -1.523024184603869500, 12.63499244203763400, 0.4445000000000000600 ) ) ;
#4780 = CARTESIAN_POINT ( 'NONE',  ( -0.4444999999999999000, 12.63499244203763400, 1.523024184603867500 ) ) ;
#4781 = CARTESIAN_POINT ( 'NONE',  ( -0.4444999999999999500, 12.61240912543443900, 1.631002665810853200 ) ) ;
#4782 = CARTESIAN_POINT ( 'NONE',  ( -0.4445000000000001700, 12.56186181499988700, 1.844875994864859000 ) ) ;
#4783 = CARTESIAN_POINT ( 'NONE',  ( -0.4445000000000000100, 12.50073007515161700, 2.054650570307093600 ) ) ;
#4784 = CARTESIAN_POINT ( 'NONE',  ( -0.4445000000000000600, 12.46754691167845100, 2.158524327589499900 ) ) ;
#4785 = CARTESIAN_POINT ( 'NONE',  ( -0.4444999999999999000, 12.63499244203763400, 1.523024184603867500 ) ) ;
#4786 = B_SPLINE_CURVE_WITH_KNOTS ( 'NONE', 3,
 ( #4784, #4783, #4782, #4781, #4780 ),
 .UNSPECIFIED., .F., .F.,
 ( 4, 1, 4 ),
 ( 0.03998220092687319200, 0.04031031811887199300, 0.04063843531087079500 ),
 .UNSPECIFIED. ) ;
#4787 = CARTESIAN_POINT ( 'NONE',  ( 0.4445000000000002300, 11.49335767462902100, -0.4444999999999997800 ) ) ;
#4788 = CARTESIAN_POINT ( 'NONE',  ( 0.4445000000000002300, 11.57841148301939400, -0.5454304692720238800 ) ) ;
#4789 = CARTESIAN_POINT ( 'NONE',  ( 0.4445000000000001700, 11.67014838235458500, -0.6390342033680102000 ) ) ;
#4790 = CARTESIAN_POINT ( 'NONE',  ( 0.4445000000000002300, 11.85699619021202800, -0.8225427136976335400 ) ) ;
#4791 = DIRECTION ( 'NONE',  ( 1.000000000000000000, 0.0000000000000000000, 0.0000000000000000000 ) ) ;
#4792 = DIRECTION ( 'NONE',  ( 2.449212707644754500E-016, -1.000000000000000000, -0.0000000000000000000 ) ) ;
#4793 = CARTESIAN_POINT ( 'NONE',  ( -3.094578405003400200E-015, 12.63499244203763400, 0.0000000000000000000 ) ) ;
#4794 = AXIS2_PLACEMENT_3D ( 'NONE', #4793, #4792, #4791 ) ;
#4795 = CIRCLE ( 'NONE', #4794, 1.586563240746574200 ) ;
#4796 = CARTESIAN_POINT ( 'NONE',  ( 0.4445000000000001200, 12.63499244203763500, 1.523024184603865700 ) ) ;
#4797 = CARTESIAN_POINT ( 'NONE',  ( 1.523024184603863500, 12.63499244203763500, 0.4445000000000000600 ) ) ;
#4798 = CARTESIAN_POINT ( 'NONE',  ( 1.631002665810847600, 12.61240912543443900, 0.4445000000000001200 ) ) ;
#4799 = CARTESIAN_POINT ( 'NONE',  ( 1.844875994864861900, 12.56186181499988700, 0.4445000000000000100 ) ) ;
#4800 = CARTESIAN_POINT ( 'NONE',  ( 2.054650570307091400, 12.50073007515161500, 0.4444999999999999000 ) ) ;
#4801 = CARTESIAN_POINT ( 'NONE',  ( 2.158524327589499900, 12.46754691167845100, 0.4444999999999999500 ) ) ;
#4802 = CARTESIAN_POINT ( 'NONE',  ( 1.523024184603863500, 12.63499244203763500, 0.4445000000000000600 ) ) ;
#4803 = B_SPLINE_CURVE_WITH_KNOTS ( 'NONE', 3,
 ( #4801, #4800, #4799, #4798, #4797 ),
 .UNSPECIFIED., .F., .F.,
 ( 4, 1, 4 ),
 ( 0.03998220092687320600, 0.04031031811887200700, 0.04063843531087081600 ),
 .UNSPECIFIED. ) ;
#4804 = CARTESIAN_POINT ( 'NONE',  ( 2.158524327589499900, 12.46754691167845100, 0.4444999999999999500 ) ) ;
#4805 = DIRECTION ( 'NONE',  ( 1.000000000000000000, 0.0000000000000000000, 0.0000000000000000000 ) ) ;
#4806 = DIRECTION ( 'NONE',  ( 2.449212707644754500E-016, -1.000000000000000000, -0.0000000000000000000 ) ) ;
#4807 = CARTESIAN_POINT ( 'NONE',  ( -3.050684045977384600E-015, 12.46754691167845100, 0.0000000000000000000 ) ) ;
#4808 = AXIS2_PLACEMENT_3D ( 'NONE', #4807, #4806, #4805 ) ;
#4809 = CARTESIAN_POINT ( 'NONE',  ( -0.4444999999999996700, 11.49335767462901500, 0.4445000000000002300 ) ) ;
#4810 = CARTESIAN_POINT ( 'NONE',  ( -0.4444999999999995600, 11.57841148301938500, 0.5454304692720233200 ) ) ;
#4811 = CARTESIAN_POINT ( 'NONE',  ( -0.4444999999999997300, 11.67014838235458300, 0.6390342033680103100 ) ) ;
#4812 = CARTESIAN_POINT ( 'NONE',  ( -0.4444999999999997300, 11.85699619021202300, 0.8225427136976336500 ) ) ;
#4813 = CARTESIAN_POINT ( 'NONE',  ( -0.4444999999999996200, 11.95252773047036100, 0.9119863474206546500 ) ) ;
#4814 = CARTESIAN_POINT ( 'NONE',  ( -0.4444999999999997800, 12.24169553273245000, 1.177496245632972500 ) ) ;
#4815 = CARTESIAN_POINT ( 'NONE',  ( -0.4444999999999999000, 12.43790125402094100, 1.350745587850761000 ) ) ;
#4816 = CARTESIAN_POINT ( 'NONE',  ( -0.4444999999999999000, 12.63499244203763400, 1.523024184603867500 ) ) ;
#4817 = CIRCLE ( 'NONE', #4808, 2.203816581023861200 ) ;
#4818 = CARTESIAN_POINT ( 'NONE',  ( -0.4444999999999996700, 11.49335767462901500, 0.4445000000000002300 ) ) ;
#4819 = B_SPLINE_CURVE_WITH_KNOTS ( 'NONE', 3,
 ( #4816, #4815, #4814, #4813, #4812, #4811, #4810, #4809 ),
 .UNSPECIFIED., .F., .F.,
 ( 4, 2, 2, 4 ),
 ( 0.001314606428562457300, 0.002099748101339317800, 0.002492318937727749900, 0.002884889774116182000 ),
 .UNSPECIFIED. ) ;
#4820 = CARTESIAN_POINT ( 'NONE',  ( 2.095499999999998100, 8.737600000000002300, -2.566162614434791800E-016 ) ) ;
#4821 = CARTESIAN_POINT ( 'NONE',  ( 2.095499999999998100, 8.686800000000001600, -0.8679845199528211100 ) ) ;
#4822 = CARTESIAN_POINT ( 'NONE',  ( 1.481742259976408100, 8.636000000000001000, -1.481742259976410500 ) ) ;
#4823 = CARTESIAN_POINT ( 'NONE',  ( 0.8679845199528185600, 8.585200000000000400, -2.095500000000000400 ) ) ;
#4824 = CARTESIAN_POINT ( 'NONE',  ( -2.218564223934078900E-015, 8.534400000000001500, -2.095500000000000400 ) ) ;
#4825 = CARTESIAN_POINT ( 'NONE',  ( -0.8679845199528228900, 8.483600000000000900, -2.095500000000000400 ) ) ;
#4826 = CARTESIAN_POINT ( 'NONE',  ( -1.481742259976412500, 8.432800000000000300, -1.481742259976410300 ) ) ;
#4827 = CARTESIAN_POINT ( 'NONE',  ( -2.095500000000002100, 8.382000000000001400, -0.8679845199528208900 ) ) ;
#4828 = CARTESIAN_POINT ( 'NONE',  ( -2.095500000000002100, 8.331200000000000800, 0.0000000000000000000 ) ) ;
#4829 =( BOUNDED_CURVE ( )  B_SPLINE_CURVE ( 2, ( #4828, #4827, #4826, #4825, #4824, #4823, #4822, #4821, #4820 ),
 .UNSPECIFIED., .F., .T. ) 
 B_SPLINE_CURVE_WITH_KNOTS ( ( 3, 2, 2, 2, 3 ),
 ( 0.9090909090909091700, 0.9204545454545455300, 0.9318181818181818800, 0.9431818181818182300, 0.9545454545454545900 ),
 .UNSPECIFIED. ) 
 CURVE ( )  GEOMETRIC_REPRESENTATION_ITEM ( )  RATIONAL_B_SPLINE_CURVE ( ( 1.000000000000000000, 0.9238795325112867400, 1.000000000000000000, 0.9238795325112867400, 1.000000000000000000, 0.9238795325112867400, 1.000000000000000000, 0.9238795325112867400, 1.000000000000000000 ) ) 
 REPRESENTATION_ITEM ( '' )  );
#4830 = DIRECTION ( 'NONE',  ( 1.000000000000000000, 0.0000000000000000000, 0.0000000000000000000 ) ) ;
#4831 = DIRECTION ( 'NONE',  ( 2.449212707644754500E-016, -1.000000000000000000, -0.0000000000000000000 ) ) ;
#4832 = CARTESIAN_POINT ( 'NONE',  ( -2.332875104031628900E-015, 9.525000000000000400, 0.0000000000000000000 ) ) ;
#4833 = AXIS2_PLACEMENT_3D ( 'NONE', #4832, #4831, #4830 ) ;
#4834 = CARTESIAN_POINT ( 'NONE',  ( 0.4445000000000007800, 12.46754691167844700, 2.158524327589499400 ) ) ;
#4835 = CARTESIAN_POINT ( 'NONE',  ( 0.4445000000000001200, 12.50083547823509500, 2.054320625444596300 ) ) ;
#4836 = CARTESIAN_POINT ( 'NONE',  ( 0.4445000000000001200, 12.56203910566129500, 1.844202611600993100 ) ) ;
#4837 = CARTESIAN_POINT ( 'NONE',  ( 0.4445000000000000600, 12.61248106217345800, 1.630658711910727200 ) ) ;
#4838 = CARTESIAN_POINT ( 'NONE',  ( 0.4445000000000001200, 12.63499244203763500, 1.523024184603865700 ) ) ;
#4839 = CIRCLE ( 'NONE', #4833, 2.095500000000002100 ) ;
#4840 = B_SPLINE_CURVE_WITH_KNOTS ( 'NONE', 3,
 ( #4838, #4837, #4836, #4835, #4834 ),
 .UNSPECIFIED., .F., .F.,
 ( 4, 1, 4 ),
 ( 0.0001064144408783098500, 0.0004345893202925965200, 0.0007627641997068831700 ),
 .UNSPECIFIED. ) ;
#4841 = CARTESIAN_POINT ( 'NONE',  ( 1.523024184603863500, 12.63499244203763500, -0.4444999999999999500 ) ) ;
#4842 = CARTESIAN_POINT ( 'NONE',  ( -2.095500000000000800, 3.098799999999999800, -0.8679845199528208900 ) ) ;
#4843 = CARTESIAN_POINT ( 'NONE',  ( -2.095500000000000800, 3.048000000000000000, 0.0000000000000000000 ) ) ;
#4844 = CARTESIAN_POINT ( 'NONE',  ( -0.8679845199528222200, 2.895600000000000000, 2.095499999999999900 ) ) ;
#4845 = B_SPLINE_CURVE_WITH_KNOTS ( 'NONE', 3,
 ( #4841, #4284, #4283, #4657, #4654 ),
 .UNSPECIFIED., .F., .F.,
 ( 4, 1, 4 ),
 ( 0.0001064144408783077700, 0.0004345893202925958100, 0.0007627641997068839300 ),
 .UNSPECIFIED. ) ;
#4846 = CARTESIAN_POINT ( 'NONE',  ( -2.095500000000000800, 2.997199999999999900, 0.8679845199528224400 ) ) ;
#4847 = CARTESIAN_POINT ( 'NONE',  ( -1.481742259976411000, 2.946400000000000100, 1.481742259976410700 ) ) ;
#4848 = CARTESIAN_POINT ( 'NONE',  ( 0.4445000000000000600, 12.63499244203763500, -1.523024184603865700 ) ) ;
#4849 = CARTESIAN_POINT ( 'NONE',  ( 0.4445000000000001200, 12.61240912543443900, -1.631002665810853200 ) ) ;
#4850 = CARTESIAN_POINT ( 'NONE',  ( 0.4445000000000001200, 12.56186181499988700, -1.844875994864859000 ) ) ;
#4851 = CARTESIAN_POINT ( 'NONE',  ( 0.4444999999999999000, 12.50073007515161700, -2.054650570307093200 ) ) ;
#4852 = CARTESIAN_POINT ( 'NONE',  ( 0.4445000000000000100, 12.46754691167845100, -2.158524327589499900 ) ) ;
#4853 = B_SPLINE_CURVE_WITH_KNOTS ( 'NONE', 3,
 ( #4852, #4851, #4850, #4849, #4848 ),
 .UNSPECIFIED., .F., .F.,
 ( 4, 1, 4 ),
 ( 0.03998220092687319200, 0.04031031811887199300, 0.04063843531087079500 ),
 .UNSPECIFIED. ) ;
#4854 = DIRECTION ( 'NONE',  ( 1.000000000000000000, 0.0000000000000000000, 0.0000000000000000000 ) ) ;
#4855 = DIRECTION ( 'NONE',  ( 2.449212707644754500E-016, -1.000000000000000000, -0.0000000000000000000 ) ) ;
#4856 = CARTESIAN_POINT ( 'NONE',  ( -3.050684045977384600E-015, 12.46754691167845100, 0.0000000000000000000 ) ) ;
#4857 = AXIS2_PLACEMENT_3D ( 'NONE', #4856, #4855, #4854 ) ;
#4858 = CARTESIAN_POINT ( 'NONE',  ( -0.4444999999999995100, 12.46754691167844700, -2.158524327589499400 ) ) ;
#4859 = CARTESIAN_POINT ( 'NONE',  ( -0.4445000000000001200, 12.50083547823509500, -2.054320625444596700 ) ) ;
#4860 = CARTESIAN_POINT ( 'NONE',  ( -0.4445000000000000100, 12.56203910566129500, -1.844202611600994400 ) ) ;
#4861 = CARTESIAN_POINT ( 'NONE',  ( -0.4444999999999999000, 12.61248106217345800, -1.630658711910729400 ) ) ;
#4862 = CARTESIAN_POINT ( 'NONE',  ( -0.4444999999999999500, 12.63499244203763400, -1.523024184603867200 ) ) ;
#4863 = CIRCLE ( 'NONE', #4857, 2.203816581023861200 ) ;
#4864 = B_SPLINE_CURVE_WITH_KNOTS ( 'NONE', 3,
 ( #4862, #4861, #4860, #4859, #4858 ),
 .UNSPECIFIED., .F., .F.,
 ( 4, 1, 4 ),
 ( 0.0001064144408783122100, 0.0004345893202925979800, 0.0007627641997068838200 ),
 .UNSPECIFIED. ) ;
#4865 = CARTESIAN_POINT ( 'NONE',  ( -2.054650570307094100, 12.50073007515161700, -0.4445000000000000600 ) ) ;
#4866 = CARTESIAN_POINT ( 'NONE',  ( -2.158524327589502500, 12.46754691167845100, -0.4445000000000005100 ) ) ;
#4867 = CARTESIAN_POINT ( 'NONE',  ( -0.4444999999999995100, 12.46754691167844700, -2.158524327589499400 ) ) ;
#4868 = B_SPLINE_CURVE_WITH_KNOTS ( 'NONE', 3,
 ( #4866, #4865, #4919, #4918, #4917 ),
 .UNSPECIFIED., .F., .F.,
 ( 4, 1, 4 ),
 ( 0.03998220092687320600, 0.04031031811887200700, 0.04063843531087080200 ),
 .UNSPECIFIED. ) ;
#4869 = CARTESIAN_POINT ( 'NONE',  ( 0.4445000000000002300, 11.49335767462902100, -0.4444999999999997800 ) ) ;
#4870 = CARTESIAN_POINT ( 'NONE',  ( -2.158524327589502500, 12.46754691167845100, -0.4445000000000005100 ) ) ;
#4871 = DIRECTION ( 'NONE',  ( 1.000000000000000000, 0.0000000000000000000, 0.0000000000000000000 ) ) ;
#4872 = DIRECTION ( 'NONE',  ( 2.449212707644754500E-016, -1.000000000000000000, -0.0000000000000000000 ) ) ;
#4873 = CARTESIAN_POINT ( 'NONE',  ( -3.050684045977384600E-015, 12.46754691167845100, 0.0000000000000000000 ) ) ;
#4874 = AXIS2_PLACEMENT_3D ( 'NONE', #4873, #4872, #4871 ) ;
#4875 = DIRECTION ( 'NONE',  ( 1.000000000000000000, 2.449212707644754500E-016, 0.0000000000000000000 ) ) ;
#4876 = DIRECTION ( 'NONE',  ( 2.449212707644754500E-016, -1.000000000000000000, -0.0000000000000000000 ) ) ;
#4877 = AXIS2_PLACEMENT_3D ( 'NONE', #4879, #4876, #4875 ) ;
#4878 = CIRCLE ( 'NONE', #4874, 2.203816581023861200 ) ;
#4879 = CARTESIAN_POINT ( 'NONE',  ( -1.572093150103981400E-015, 6.430542076376636600, 0.0000000000000000000 ) ) ;
#4880 = TOROIDAL_SURFACE ( 'NONE', #4877, 0.2347882372607448500, 6.349999999999999600 ) ;
#4881 = FACE_OUTER_BOUND ( 'NONE', #1405, .T. ) ;
#4882 = DIRECTION ( 'NONE',  ( 1.000000000000000000, 0.0000000000000000000, 0.0000000000000000000 ) ) ;
#4883 = DIRECTION ( 'NONE',  ( 2.449212707644754500E-016, -1.000000000000000000, -0.0000000000000000000 ) ) ;
#4884 = CARTESIAN_POINT ( 'NONE',  ( -3.094578405003400200E-015, 12.63499244203763400, 0.0000000000000000000 ) ) ;
#4885 = AXIS2_PLACEMENT_3D ( 'NONE', #4884, #4883, #4882 ) ;
#4886 = CIRCLE ( 'NONE', #4885, 1.586563240746574200 ) ;
#4887 = DIRECTION ( 'NONE',  ( 1.000000000000000000, 0.0000000000000000000, 0.0000000000000000000 ) ) ;
#4888 = DIRECTION ( 'NONE',  ( 2.449212707644754500E-016, -1.000000000000000000, -0.0000000000000000000 ) ) ;
#4889 = CARTESIAN_POINT ( 'NONE',  ( -3.050684045977384600E-015, 12.46754691167845100, 0.0000000000000000000 ) ) ;
#4890 = AXIS2_PLACEMENT_3D ( 'NONE', #4889, #4888, #4887 ) ;
#4891 = CIRCLE ( 'NONE', #4890, 2.203816581023861200 ) ;
#4892 = CARTESIAN_POINT ( 'NONE',  ( 2.158524327589499400, 12.46754691167844500, -0.4445000000000001200 ) ) ;
#4893 = CARTESIAN_POINT ( 'NONE',  ( -1.523024184603869500, 12.63499244203763400, -0.4444999999999999000 ) ) ;
#4894 = CARTESIAN_POINT ( 'NONE',  ( -0.4444999999999997800, 11.49335767462901500, -0.4444999999999996700 ) ) ;
#4895 = B_SPLINE_CURVE_WITH_KNOTS ( 'NONE', 3,
 ( #4941, #4940, #4939, #4938, #4937, #4936, #4935, #4934 ),
 .UNSPECIFIED., .F., .F.,
 ( 4, 2, 2, 4 ),
 ( 0.001314606428562458200, 0.002099748101339318300, 0.002492318937727750400, 0.002884889774116182500 ),
 .UNSPECIFIED. ) ;
#4896 = DIRECTION ( 'NONE',  ( -1.000000000000000000, 0.0000000000000000000, 0.0000000000000000000 ) ) ;
#4897 = DIRECTION ( 'NONE',  ( -2.449212707644754500E-016, 1.000000000000000000, 0.0000000000000000000 ) ) ;
#4898 = CARTESIAN_POINT ( 'NONE',  ( -3.094578405003400200E-015, 12.63499244203763400, 0.0000000000000000000 ) ) ;
#4899 = AXIS2_PLACEMENT_3D ( 'NONE', #4898, #4897, #4896 ) ;
#4900 = CONICAL_SURFACE ( 'NONE', #4899, 1.586563240746574200, 0.6981317007977339000 ) ;
#4901 = DIRECTION ( 'NONE',  ( 1.000000000000000000, 0.0000000000000000000, 0.0000000000000000000 ) ) ;
#4902 = DIRECTION ( 'NONE',  ( 2.449212707644754500E-016, -1.000000000000000000, -0.0000000000000000000 ) ) ;
#4903 = CARTESIAN_POINT ( 'NONE',  ( -3.094578405003400200E-015, 12.63499244203763400, 0.0000000000000000000 ) ) ;
#4904 = AXIS2_PLACEMENT_3D ( 'NONE', #4903, #4902, #4901 ) ;
#4905 = CIRCLE ( 'NONE', #4904, 1.586563240746574200 ) ;
#4906 = FACE_OUTER_BOUND ( 'NONE', #1422, .T. ) ;
#4907 = CARTESIAN_POINT ( 'NONE',  ( 1.523024184603863500, 12.63499244203763500, -0.4444999999999999500 ) ) ;
#4908 = CARTESIAN_POINT ( 'NONE',  ( 1.350577354147813900, 12.43770879029609600, -0.4444999999999997300 ) ) ;
#4909 = CARTESIAN_POINT ( 'NONE',  ( 1.177143058046912700, 12.24129114876457300, -0.4444999999999997800 ) ) ;
#4910 = CARTESIAN_POINT ( 'NONE',  ( 0.9112318990734044100, 11.95171597292844900, -0.4444999999999999000 ) ) ;
#4911 = CARTESIAN_POINT ( 'NONE',  ( 0.8215785152403408700, 11.85598135521829700, -0.4444999999999999500 ) ) ;
#4912 = CARTESIAN_POINT ( 'NONE',  ( 0.6380740314692391300, 11.66920417797551000, -0.4444999999999999000 ) ) ;
#4913 = CARTESIAN_POINT ( 'NONE',  ( 0.5445859837650276500, 11.57769983757656500, -0.4444999999999997800 ) ) ;
#4914 = CARTESIAN_POINT ( 'NONE',  ( 0.4445000000000002300, 11.49335767462902100, -0.4444999999999997800 ) ) ;
#4915 = CARTESIAN_POINT ( 'NONE',  ( 1.523024184603863500, 12.63499244203763500, -0.4444999999999999500 ) ) ;
#4916 = B_SPLINE_CURVE_WITH_KNOTS ( 'NONE', 3,
 ( #4914, #4913, #4912, #4911, #4910, #4909, #4908, #4907 ),
 .UNSPECIFIED., .F., .F.,
 ( 4, 2, 2, 4 ),
 ( 0.001146749292358056700, 0.001537922791788344700, 0.001929096291218632500, 0.002711443290079204600 ),
 .UNSPECIFIED. ) ;
#4917 = CARTESIAN_POINT ( 'NONE',  ( -1.523024184603869500, 12.63499244203763400, -0.4444999999999999000 ) ) ;
#4918 = CARTESIAN_POINT ( 'NONE',  ( -1.631002665810858100, 12.61240912543443900, -0.4445000000000000100 ) ) ;
#4919 = CARTESIAN_POINT ( 'NONE',  ( -1.844875994864855700, 12.56186181499988700, -0.4445000000000000600 ) ) ;
#4920 = CARTESIAN_POINT ( 'NONE',  ( -1.706248663003139300, 0.1269999999999998900, -1.706248663003138800 ) ) ;
#4921 = CARTESIAN_POINT ( 'NONE',  ( -2.412999999999999800, 0.07619999999999971200, -0.9994973260062781600 ) ) ;
#4922 = CARTESIAN_POINT ( 'NONE',  ( -2.412999999999999800, 0.02539999999999970800, 0.0000000000000000000 ) ) ;
#4923 =( BOUNDED_SURFACE ( )  B_SPLINE_SURFACE ( 1, 2, ( 
 ( #4981, #4980, #4979, #4978, #4977, #4976, #4975, #4974, #4973, #4972, #4971, #4970, #4969, #4968, #4967, #4966, #4965, #4964, #4963, #4962, #4961, #4960, #4959, #4958, #4957, #4956, #4955, #4954, #4953, #4952, #4951, #4950, #4949, #4948, #4947, #4946, #4945, #4944, #4943, #5032, #5031, #5030, #5029, #5028, #5027, #5026, #5025, #5024, #5023, #5022, #5021, #5020, #5019, #5018, #5017, #5016, #5015, #5014, #5013, #5012, #5011, #5010, #5009, #5008, #5007, #5006, #5005, #5004, #5003, #5002, #5001, #5000, #4999, #4998, #4997, #4996, #4995, #4994, #4993, #4992, #4991, #4990, #4989, #4988, #4987, #4986, #4985, #4984, #4983, #4982, #5083, #5082, #5081, #5080, #5079, #5078, #5077, #5076, #5075, #5074, #5073, #5072, #5071, #5070, #5069, #5068, #5067, #5066, #5065, #5064, #5063, #5062, #5061, #5060, #5059, #5058, #5057, #5056, #5055, #5054, #5053, #5052, #5051, #5050, #5049, #5048, #5047, #5046, #5045, #5044, #5043, #5042, #5041, #5040, #5039, #5038, #5037, #5036, #5035, #5034, #5033, #5129, #5128, #5127, #5126, #5125, #5124, #5123, #5122, #5121, #5120, #5119, #5118, #5117, #5116, #5115, #5114, #5113, #5112, #5111, #5110, #5109, #5108, #5107, #5106, #5105, #5104, #5103, #5102, #5101, #5100, #5099, #5098, #5097, #5096, #5095, #5094 ),
 ( #5093, #5092, #5091, #5090, #5089, #5088, #5087, #5086, #5085, #5084, #5180, #5179, #5178, #5177, #5176, #5175, #5174, #5173, #5172, #5171, #5170, #5169, #5168, #5167, #5166, #5165, #5164, #5163, #5162, #5161, #5160, #5159, #5158, #5157, #5156, #5155, #5154, #5153, #5152, #5151, #5150, #5149, #5148, #5147, #5146, #5145, #5144, #5143, #5142, #5141, #5140, #5139, #5138, #5137, #5136, #5135, #5134, #5133, #5132, #5131, #5130, #4844, #4847, #4846, #4843, #4842, #5231, #5230, #5229, #5228, #5227, #5226, #5225, #5224, #5223, #5222, #5221, #5220, #5219, #5218, #5217, #5216, #5215, #5214, #5213, #5212, #5211, #5210, #5209, #5208, #5207, #5206, #5205, #5204, #5203, #5202, #5201, #5200, #5199, #5198, #5197, #5196, #5195, #5194, #5193, #5192, #5191, #5190, #5189, #5188, #5187, #5186, #5185, #5184, #5183, #5182, #5181, #5282, #5281, #5280, #5279, #5278, #5277, #5276, #5275, #5274, #5273, #5272, #5271, #5270, #5269, #5268, #5267, #5266, #5265, #5264, #5263, #5262, #5261, #5260, #5259, #5258, #5257, #5256, #5255, #5254, #5253, #5252, #5251, #5250, #5249, #5248, #5247, #5246, #5245, #5244, #5243, #5242, #5241, #5240, #5239, #5238, #5237, #5236, #5235, #5234, #5233, #5232, #5300, #5299, #5298, #5297, #5296, #5295, #5294, #5293, #5292 ) ),
 .UNSPECIFIED., .F., .F., .F. ) 
 B_SPLINE_SURFACE_WITH_KNOTS ( ( 2, 2 ),
 ( 3, 2, 2, 2, 2, 2, 2, 2, 2, 2, 2, 2, 2, 2, 2, 2, 2, 2, 2, 2, 2, 2, 2, 2, 2, 2, 2, 2, 2, 2, 2, 2, 2, 2, 2, 2, 2, 2, 2, 2, 2, 2, 2, 2, 2, 2, 2, 2, 2, 2, 2, 2, 2, 2, 2, 2, 2, 2, 2, 2, 2, 2, 2, 2, 2, 2, 2, 2, 2, 2, 2, 2, 2, 2, 2, 2, 2, 2, 2, 2, 2, 2, 2, 2, 2, 2, 2, 2, 3 ),
 ( 0.0000000000000000000, 0.3070867644384320200 ),
 ( 0.0000000000000000000, 0.01136363636363636400, 0.02272727272727272800, 0.03409090909090908800, 0.04545454545454545600, 0.05681818181818182300, 0.06818181818181817700, 0.07954545454545454400, 0.09090909090909091200, 0.1022727272727272800, 0.1136363636363636500, 0.1250000000000000000, 0.1363636363636363500, 0.1477272727272727300, 0.1590909090909090900, 0.1704545454545454700, 0.1818181818181818200, 0.1931818181818181800, 0.2045454545454545600, 0.2159090909090909100, 0.2272727272727272900, 0.2386363636363636500, 0.2500000000000000000, 0.2613636363636363500, 0.2727272727272727100, 0.2840909090909091200, 0.2954545454545454700, 0.3068181818181818200, 0.3181818181818181800, 0.3295454545454545300, 0.3409090909090909400, 0.3522727272727272900, 0.3636363636363636500, 0.3750000000000000000, 0.3863636363636363500, 0.3977272727272727600, 0.4090909090909091200, 0.4204545454545454700, 0.4318181818181818200, 0.4431818181818181800, 0.4545454545454545900, 0.4659090909090909400, 0.4772727272727272900, 0.4886363636363636500, 0.5000000000000000000, 0.5113636363636363500, 0.5227272727272727100, 0.5340909090909090600, 0.5454545454545454100, 0.5568181818181818800, 0.5681818181818182300, 0.5795454545454545900, 0.5909090909090909400, 0.6022727272727272900, 0.6136363636363636500, 0.6250000000000000000, 0.6363636363636363500, 0.6477272727272727100, 0.6590909090909090600, 0.6704545454545455300, 0.6818181818181818800, 0.6931818181818182300, 0.7045454545454545900, 0.7159090909090909400, 0.7272727272727272900, 0.7386363636363636500, 0.7500000000000000000, 0.7613636363636363500, 0.7727272727272727100, 0.7840909090909090600, 0.7954545454545455300, 0.8068181818181818800, 0.8181818181818182300, 0.8295454545454545900, 0.8409090909090909400, 0.8522727272727272900, 0.8636363636363636500, 0.8750000000000000000, 0.8863636363636363500, 0.8977272727272727100, 0.9090909090909091700, 0.9204545454545455300, 0.9318181818181818800, 0.9431818181818182300, 0.9545454545454545900, 0.9659090909090909400, 0.9772727272727272900, 0.9886363636363636500, 1.000000000000000000 ),
 .UNSPECIFIED. ) 
 GEOMETRIC_REPRESENTATION_ITEM ( )  RATIONAL_B_SPLINE_SURFACE ( (
 ( 1.000000000000000000, 0.9238795325112867400, 1.000000000000000000, 0.9238795325112867400, 1.000000000000000000, 0.9238795325112867400, 1.000000000000000000, 0.9238795325112867400, 1.000000000000000000, 0.9238795325112867400, 1.000000000000000000, 0.9238795325112867400, 1.000000000000000000, 0.9238795325112867400, 1.000000000000000000, 0.9238795325112867400, 1.000000000000000000, 0.9238795325112867400, 1.000000000000000000, 0.9238795325112867400, 1.000000000000000000, 0.9238795325112867400, 1.000000000000000000, 0.9238795325112867400, 1.000000000000000000, 0.9238795325112867400, 1.000000000000000000, 0.9238795325112867400, 1.000000000000000000, 0.9238795325112867400, 1.000000000000000000, 0.9238795325112867400, 1.000000000000000000, 0.9238795325112867400, 1.000000000000000000, 0.9238795325112867400, 1.000000000000000000, 0.9238795325112867400, 1.000000000000000000, 0.9238795325112867400, 1.000000000000000000, 0.9238795325112867400, 1.000000000000000000, 0.9238795325112867400, 1.000000000000000000, 0.9238795325112867400, 1.000000000000000000, 0.9238795325112867400, 1.000000000000000000, 0.9238795325112867400, 1.000000000000000000, 0.9238795325112867400, 1.000000000000000000, 0.9238795325112867400, 1.000000000000000000, 0.9238795325112867400, 1.000000000000000000, 0.9238795325112867400, 1.000000000000000000, 0.9238795325112867400, 1.000000000000000000, 0.9238795325112867400, 1.000000000000000000, 0.9238795325112867400, 1.000000000000000000, 0.9238795325112867400, 1.000000000000000000, 0.9238795325112867400, 1.000000000000000000, 0.9238795325112867400, 1.000000000000000000, 0.9238795325112867400, 1.000000000000000000, 0.9238795325112867400, 1.000000000000000000, 0.9238795325112867400, 1.000000000000000000, 0.9238795325112867400, 1.000000000000000000, 0.9238795325112867400, 1.000000000000000000, 0.9238795325112867400, 1.000000000000000000, 0.9238795325112867400, 1.000000000000000000, 0.9238795325112867400, 1.000000000000000000, 0.9238795325112867400, 1.000000000000000000, 0.9238795325112867400, 1.000000000000000000, 0.9238795325112867400, 1.000000000000000000, 0.9238795325112867400, 1.000000000000000000, 0.9238795325112867400, 1.000000000000000000, 0.9238795325112867400, 1.000000000000000000, 0.9238795325112867400, 1.000000000000000000, 0.9238795325112867400, 1.000000000000000000, 0.9238795325112867400, 1.000000000000000000, 0.9238795325112867400, 1.000000000000000000, 0.9238795325112867400, 1.000000000000000000, 0.9238795325112867400, 1.000000000000000000, 0.9238795325112867400, 1.000000000000000000, 0.9238795325112867400, 1.000000000000000000, 0.9238795325112867400, 1.000000000000000000, 0.9238795325112867400, 1.000000000000000000, 0.9238795325112867400, 1.000000000000000000, 0.9238795325112867400, 1.000000000000000000, 0.9238795325112867400, 1.000000000000000000, 0.9238795325112867400, 1.000000000000000000, 0.9238795325112867400, 1.000000000000000000, 0.9238795325112867400, 1.000000000000000000, 0.9238795325112867400, 1.000000000000000000, 0.9238795325112867400, 1.000000000000000000, 0.9238795325112867400, 1.000000000000000000, 0.9238795325112867400, 1.000000000000000000, 0.9238795325112867400, 1.000000000000000000, 0.9238795325112867400, 1.000000000000000000, 0.9238795325112867400, 1.000000000000000000, 0.9238795325112867400, 1.000000000000000000, 0.9238795325112867400, 1.000000000000000000, 0.9238795325112867400, 1.000000000000000000, 0.9238795325112867400, 1.000000000000000000, 0.9238795325112867400, 1.000000000000000000, 0.9238795325112867400, 1.000000000000000000, 0.9238795325112867400, 1.000000000000000000, 0.9238795325112867400, 1.000000000000000000, 0.9238795325112867400, 1.000000000000000000, 0.9238795325112867400, 1.000000000000000000, 0.9238795325112867400, 1.000000000000000000, 0.9238795325112867400, 1.000000000000000000, 0.9238795325112867400, 1.000000000000000000, 0.9238795325112867400, 1.000000000000000000, 0.9238795325112867400, 1.000000000000000000, 0.9238795325112867400, 1.000000000000000000),
 ( 1.000000000000000000, 0.9238795325112867400, 1.000000000000000000, 0.9238795325112867400, 1.000000000000000000, 0.9238795325112867400, 1.000000000000000000, 0.9238795325112867400, 1.000000000000000000, 0.9238795325112867400, 1.000000000000000000, 0.9238795325112867400, 1.000000000000000000, 0.9238795325112867400, 1.000000000000000000, 0.9238795325112867400, 1.000000000000000000, 0.9238795325112867400, 1.000000000000000000, 0.9238795325112867400, 1.000000000000000000, 0.9238795325112867400, 1.000000000000000000, 0.9238795325112867400, 1.000000000000000000, 0.9238795325112867400, 1.000000000000000000, 0.9238795325112867400, 1.000000000000000000, 0.9238795325112867400, 1.000000000000000000, 0.9238795325112867400, 1.000000000000000000, 0.9238795325112867400, 1.000000000000000000, 0.9238795325112867400, 1.000000000000000000, 0.9238795325112867400, 1.000000000000000000, 0.9238795325112867400, 1.000000000000000000, 0.9238795325112867400, 1.000000000000000000, 0.9238795325112867400, 1.000000000000000000, 0.9238795325112867400, 1.000000000000000000, 0.9238795325112867400, 1.000000000000000000, 0.9238795325112867400, 1.000000000000000000, 0.9238795325112867400, 1.000000000000000000, 0.9238795325112867400, 1.000000000000000000, 0.9238795325112867400, 1.000000000000000000, 0.9238795325112867400, 1.000000000000000000, 0.9238795325112867400, 1.000000000000000000, 0.9238795325112867400, 1.000000000000000000, 0.9238795325112867400, 1.000000000000000000, 0.9238795325112867400, 1.000000000000000000, 0.9238795325112867400, 1.000000000000000000, 0.9238795325112867400, 1.000000000000000000, 0.9238795325112867400, 1.000000000000000000, 0.9238795325112867400, 1.000000000000000000, 0.9238795325112867400, 1.000000000000000000, 0.9238795325112867400, 1.000000000000000000, 0.9238795325112867400, 1.000000000000000000, 0.9238795325112867400, 1.000000000000000000, 0.9238795325112867400, 1.000000000000000000, 0.9238795325112867400, 1.000000000000000000, 0.9238795325112867400, 1.000000000000000000, 0.9238795325112867400, 1.000000000000000000, 0.9238795325112867400, 1.000000000000000000, 0.9238795325112867400, 1.000000000000000000, 0.9238795325112867400, 1.000000000000000000, 0.9238795325112867400, 1.000000000000000000, 0.9238795325112867400, 1.000000000000000000, 0.9238795325112867400, 1.000000000000000000, 0.9238795325112867400, 1.000000000000000000, 0.9238795325112867400, 1.000000000000000000, 0.9238795325112867400, 1.000000000000000000, 0.9238795325112867400, 1.000000000000000000, 0.9238795325112867400, 1.000000000000000000, 0.9238795325112867400, 1.000000000000000000, 0.9238795325112867400, 1.000000000000000000, 0.9238795325112867400, 1.000000000000000000, 0.9238795325112867400, 1.000000000000000000, 0.9238795325112867400, 1.000000000000000000, 0.9238795325112867400, 1.000000000000000000, 0.9238795325112867400, 1.000000000000000000, 0.9238795325112867400, 1.000000000000000000, 0.9238795325112867400, 1.000000000000000000, 0.9238795325112867400, 1.000000000000000000, 0.9238795325112867400, 1.000000000000000000, 0.9238795325112867400, 1.000000000000000000, 0.9238795325112867400, 1.000000000000000000, 0.9238795325112867400, 1.000000000000000000, 0.9238795325112867400, 1.000000000000000000, 0.9238795325112867400, 1.000000000000000000, 0.9238795325112867400, 1.000000000000000000, 0.9238795325112867400, 1.000000000000000000, 0.9238795325112867400, 1.000000000000000000, 0.9238795325112867400, 1.000000000000000000, 0.9238795325112867400, 1.000000000000000000, 0.9238795325112867400, 1.000000000000000000, 0.9238795325112867400, 1.000000000000000000, 0.9238795325112867400, 1.000000000000000000, 0.9238795325112867400, 1.000000000000000000, 0.9238795325112867400, 1.000000000000000000, 0.9238795325112867400, 1.000000000000000000, 0.9238795325112867400, 1.000000000000000000, 0.9238795325112867400, 1.000000000000000000, 0.9238795325112867400, 1.000000000000000000, 0.9238795325112867400, 1.000000000000000000, 0.9238795325112867400, 1.000000000000000000) ) ) 
 REPRESENTATION_ITEM ( '' )  SURFACE ( )  );
#4924 = FACE_OUTER_BOUND ( 'NONE', #1457, .T. ) ;
#4925 = DIRECTION ( 'NONE',  ( 0.0000000000000000000, 1.000000000000000000, 0.0000000000000000000 ) ) ;
#4926 = VECTOR ( 'NONE', #4925, 1000.000000000000000 ) ;
#4927 = CARTESIAN_POINT ( 'NONE',  ( -2.095500000000001700, 8.737600000000000500, 2.053498077960944300E-014 ) ) ;
#4928 = LINE ( 'NONE', #4927, #4926 ) ;
#4929 = DIRECTION ( 'NONE',  ( -1.000000000000000000, 0.0000000000000000000, 0.0000000000000000000 ) ) ;
#4930 = DIRECTION ( 'NONE',  ( -0.0000000000000000000, -0.0000000000000000000, -1.000000000000000000 ) ) ;
#4931 = CARTESIAN_POINT ( 'NONE',  ( -4.737099999999999900, 1.790761651938295000, 9.525000000000000400 ) ) ;
#4932 = AXIS2_PLACEMENT_3D ( 'NONE', #4931, #4930, #4929 ) ;
#4933 = CYLINDRICAL_SURFACE ( 'NONE', #4932, 0.8127999999999998600 ) ;
#4934 = CARTESIAN_POINT ( 'NONE',  ( -0.4444999999999997800, 11.49335767462901500, -0.4444999999999996700 ) ) ;
#4935 = CARTESIAN_POINT ( 'NONE',  ( -0.5454304692720256500, 11.57841148301939200, -0.4444999999999996700 ) ) ;
#4936 = CARTESIAN_POINT ( 'NONE',  ( -0.6390342033680112000, 11.67014838235458300, -0.4444999999999996700 ) ) ;
#4937 = CARTESIAN_POINT ( 'NONE',  ( -0.8225427136976352100, 11.85699619021202600, -0.4444999999999997300 ) ) ;
#4938 = CARTESIAN_POINT ( 'NONE',  ( -0.9119863474206564300, 11.95252773047036500, -0.4444999999999996700 ) ) ;
#4939 = CARTESIAN_POINT ( 'NONE',  ( -1.177496245632973800, 12.24169553273244800, -0.4444999999999996700 ) ) ;
#4940 = CARTESIAN_POINT ( 'NONE',  ( -1.350745587850763000, 12.43790125402093900, -0.4444999999999999500 ) ) ;
#4941 = CARTESIAN_POINT ( 'NONE',  ( -1.523024184603869500, 12.63499244203763400, -0.4444999999999999000 ) ) ;
#4942 = FACE_OUTER_BOUND ( 'NONE', #849, .T. ) ;
#4943 = CARTESIAN_POINT ( 'NONE',  ( 1.706248663003138400, 1.905000000000000900, -1.706248663003139300 ) ) ;
#4944 = CARTESIAN_POINT ( 'NONE',  ( 0.9994973260062778300, 1.854200000000000700, -2.412999999999999800 ) ) ;
#4945 = CARTESIAN_POINT ( 'NONE',  ( -5.894397762853249100E-016, 1.803400000000000300, -2.412999999999999800 ) ) ;
#4946 = CARTESIAN_POINT ( 'NONE',  ( -0.9994973260062789400, 1.752600000000000200, -2.412999999999999800 ) ) ;
#4947 = CARTESIAN_POINT ( 'NONE',  ( -1.706248663003139700, 1.701800000000000000, -1.706248663003138800 ) ) ;
#4948 = CARTESIAN_POINT ( 'NONE',  ( -2.413000000000000300, 1.650999999999999800, -0.9994973260062781600 ) ) ;
#4949 = CARTESIAN_POINT ( 'NONE',  ( -2.413000000000000300, 1.600199999999999800, 0.0000000000000000000 ) ) ;
#4950 = CARTESIAN_POINT ( 'NONE',  ( -2.412999999999999800, 1.549399999999999900, 0.9994973260062799400 ) ) ;
#4951 = CARTESIAN_POINT ( 'NONE',  ( -1.706248663003139000, 1.498599999999999900, 1.706248663003139500 ) ) ;
#4952 = CARTESIAN_POINT ( 'NONE',  ( -0.9994973260062793900, 1.447800000000000200, 2.412999999999999400 ) ) ;
#4953 = CARTESIAN_POINT ( 'NONE',  ( 1.010912545080370900E-016, 1.397000000000000500, 2.412999999999999800 ) ) ;
#4954 = CARTESIAN_POINT ( 'NONE',  ( 0.9994973260062793900, 1.346200000000000700, 2.412999999999999400 ) ) ;
#4955 = CARTESIAN_POINT ( 'NONE',  ( 1.706248663003139300, 1.295400000000000800, 1.706248663003138800 ) ) ;
#4956 = CARTESIAN_POINT ( 'NONE',  ( 2.412999999999999400, 1.244600000000001000, 0.9994973260062779400 ) ) ;
#4957 = CARTESIAN_POINT ( 'NONE',  ( 2.412999999999999400, 1.193800000000001100, -2.954975131773396100E-016 ) ) ;
#4958 = CARTESIAN_POINT ( 'NONE',  ( 2.412999999999999400, 1.143000000000001100, -0.9994973260062783900 ) ) ;
#4959 = CARTESIAN_POINT ( 'NONE',  ( 1.706248663003138600, 1.092200000000000900, -1.706248663003139300 ) ) ;
#4960 = CARTESIAN_POINT ( 'NONE',  ( 0.9994973260062779400, 1.041400000000000800, -2.412999999999999800 ) ) ;
#4961 = CARTESIAN_POINT ( 'NONE',  ( -3.903677674079592900E-016, 0.9906000000000003700, -2.412999999999999800 ) ) ;
#4962 = CARTESIAN_POINT ( 'NONE',  ( -0.9994973260062786100, 0.9398000000000000800, -2.412999999999999800 ) ) ;
#4963 = CARTESIAN_POINT ( 'NONE',  ( -1.706248663003139500, 0.8889999999999999000, -1.706248663003138800 ) ) ;
#4964 = CARTESIAN_POINT ( 'NONE',  ( -2.412999999999999800, 0.8381999999999997200, -0.9994973260062781600 ) ) ;
#4965 = CARTESIAN_POINT ( 'NONE',  ( -2.412999999999999800, 0.7873999999999997700, 0.0000000000000000000 ) ) ;
#4966 = CARTESIAN_POINT ( 'NONE',  ( -2.412999999999999400, 0.7365999999999997000, 0.9994973260062799400 ) ) ;
#4967 = CARTESIAN_POINT ( 'NONE',  ( -1.706248663003138800, 0.6857999999999999700, 1.706248663003139500 ) ) ;
#4968 = CARTESIAN_POINT ( 'NONE',  ( -0.9994973260062791600, 0.6350000000000001200, 2.412999999999999400 ) ) ;
#4969 = CARTESIAN_POINT ( 'NONE',  ( 3.001632633854027200E-016, 0.5842000000000003900, 2.412999999999999800 ) ) ;
#4970 = CARTESIAN_POINT ( 'NONE',  ( 0.9994973260062795000, 0.5334000000000006500, 2.412999999999999400 ) ) ;
#4971 = CARTESIAN_POINT ( 'NONE',  ( 1.706248663003139300, 0.4826000000000007500, 1.706248663003138800 ) ) ;
#4972 = CARTESIAN_POINT ( 'NONE',  ( 2.412999999999999800, 0.4318000000000009100, 0.9994973260062779400 ) ) ;
#4973 = CARTESIAN_POINT ( 'NONE',  ( 2.412999999999999800, 0.3810000000000008900, -2.954975131773396100E-016 ) ) ;
#4974 = CARTESIAN_POINT ( 'NONE',  ( 2.412999999999999800, 0.3302000000000008800, -0.9994973260062783900 ) ) ;
#4975 = CARTESIAN_POINT ( 'NONE',  ( 1.706248663003138800, 0.2794000000000007600, -1.706248663003139300 ) ) ;
#4976 = CARTESIAN_POINT ( 'NONE',  ( 0.9994973260062781600, 0.2286000000000005500, -2.412999999999999800 ) ) ;
#4977 = CARTESIAN_POINT ( 'NONE',  ( -1.912957585305936200E-016, 0.1778000000000003500, -2.412999999999999800 ) ) ;
#4978 = CARTESIAN_POINT ( 'NONE',  ( -0.9994973260062783900, 0.1270000000000001100, -2.412999999999999800 ) ) ;
#4979 = CARTESIAN_POINT ( 'NONE',  ( -1.706248663003139300, 0.07619999999999992100, -1.706248663003138800 ) ) ;
#4980 = CARTESIAN_POINT ( 'NONE',  ( -2.412999999999999800, 0.02539999999999973500, -0.9994973260062781600 ) ) ;
#4981 = CARTESIAN_POINT ( 'NONE',  ( -2.412999999999999800, -0.02540000000000026600, 0.0000000000000000000 ) ) ;
#4982 = CARTESIAN_POINT ( 'NONE',  ( 2.412999999999999400, 4.495800000000000900, 0.9994973260062779400 ) ) ;
#4983 = CARTESIAN_POINT ( 'NONE',  ( 2.412999999999998500, 4.445000000000001200, -2.954975131773396100E-016 ) ) ;
#4984 = CARTESIAN_POINT ( 'NONE',  ( 2.412999999999999400, 4.394200000000001400, -0.9994973260062783900 ) ) ;
#4985 = CARTESIAN_POINT ( 'NONE',  ( 1.706248663003137700, 4.343400000000000800, -1.706248663003139300 ) ) ;
#4986 = CARTESIAN_POINT ( 'NONE',  ( 0.9994973260062770500, 4.292600000000001100, -2.412999999999999800 ) ) ;
#4987 = CARTESIAN_POINT ( 'NONE',  ( -1.186655802917422000E-015, 4.241800000000000500, -2.412999999999999800 ) ) ;
#4988 = CARTESIAN_POINT ( 'NONE',  ( -0.9994973260062795000, 4.191000000000000700, -2.412999999999999800 ) ) ;
#4989 = CARTESIAN_POINT ( 'NONE',  ( -1.706248663003140400, 4.140200000000000100, -1.706248663003138800 ) ) ;
#4990 = CARTESIAN_POINT ( 'NONE',  ( -2.413000000000000700, 4.089400000000000400, -0.9994973260062781600 ) ) ;
#4991 = CARTESIAN_POINT ( 'NONE',  ( -2.413000000000000700, 4.038599999999999700, 0.0000000000000000000 ) ) ;
#4992 = CARTESIAN_POINT ( 'NONE',  ( -2.413000000000000300, 3.987800000000000000, 0.9994973260062799400 ) ) ;
#4993 = CARTESIAN_POINT ( 'NONE',  ( -1.706248663003139500, 3.937000000000000300, 1.706248663003139500 ) ) ;
#4994 = CARTESIAN_POINT ( 'NONE',  ( -0.9994973260062797200, 3.886200000000000100, 2.412999999999999400 ) ) ;
#4995 = CARTESIAN_POINT ( 'NONE',  ( -4.961247721240598500E-016, 3.835400000000000400, 2.412999999999999800 ) ) ;
#4996 = CARTESIAN_POINT ( 'NONE',  ( 0.9994973260062789400, 3.784600000000000200, 2.412999999999999400 ) ) ;
#4997 = CARTESIAN_POINT ( 'NONE',  ( 1.706248663003138600, 3.733800000000000900, 1.706248663003138800 ) ) ;
#4998 = CARTESIAN_POINT ( 'NONE',  ( 2.412999999999999400, 3.683000000000000700, 0.9994973260062779400 ) ) ;
#4999 = CARTESIAN_POINT ( 'NONE',  ( 2.412999999999998900, 3.632200000000001000, -2.954975131773396100E-016 ) ) ;
#5000 = CARTESIAN_POINT ( 'NONE',  ( 2.412999999999999400, 3.581400000000001200, -0.9994973260062783900 ) ) ;
#5001 = CARTESIAN_POINT ( 'NONE',  ( 1.706248663003137900, 3.530600000000001100, -1.706248663003139300 ) ) ;
#5002 = CARTESIAN_POINT ( 'NONE',  ( 0.9994973260062772800, 3.479800000000000900, -2.412999999999999800 ) ) ;
#5003 = CARTESIAN_POINT ( 'NONE',  ( -9.875837940400561400E-016, 3.429000000000000700, -2.412999999999999800 ) ) ;
#5004 = CARTESIAN_POINT ( 'NONE',  ( -0.9994973260062793900, 3.378200000000000500, -2.412999999999999800 ) ) ;
#5005 = CARTESIAN_POINT ( 'NONE',  ( -1.706248663003140200, 3.327399999999999900, -1.706248663003138800 ) ) ;
#5006 = CARTESIAN_POINT ( 'NONE',  ( -2.413000000000000700, 3.276600000000000200, -0.9994973260062781600 ) ) ;
#5007 = CARTESIAN_POINT ( 'NONE',  ( -2.413000000000000700, 3.225800000000000000, 0.0000000000000000000 ) ) ;
#5008 = CARTESIAN_POINT ( 'NONE',  ( -2.413000000000000300, 3.174999999999999400, 0.9994973260062799400 ) ) ;
#5009 = CARTESIAN_POINT ( 'NONE',  ( -1.706248663003139500, 3.124200000000000100, 1.706248663003139500 ) ) ;
#5010 = CARTESIAN_POINT ( 'NONE',  ( -0.9994973260062797200, 3.073399999999999900, 2.412999999999999400 ) ) ;
#5011 = CARTESIAN_POINT ( 'NONE',  ( -2.970527632466941800E-016, 3.022600000000000200, 2.412999999999999800 ) ) ;
#5012 = CARTESIAN_POINT ( 'NONE',  ( 0.9994973260062791600, 2.971800000000000900, 2.412999999999999400 ) ) ;
#5013 = CARTESIAN_POINT ( 'NONE',  ( 1.706248663003138800, 2.921000000000000700, 1.706248663003138800 ) ) ;
#5014 = CARTESIAN_POINT ( 'NONE',  ( 2.412999999999999400, 2.870200000000001000, 0.9994973260062779400 ) ) ;
#5015 = CARTESIAN_POINT ( 'NONE',  ( 2.412999999999998900, 2.819400000000000800, -2.954975131773396100E-016 ) ) ;
#5016 = CARTESIAN_POINT ( 'NONE',  ( 2.412999999999999400, 2.768600000000001500, -0.9994973260062783900 ) ) ;
#5017 = CARTESIAN_POINT ( 'NONE',  ( 1.706248663003138200, 2.717800000000000900, -1.706248663003139300 ) ) ;
#5018 = CARTESIAN_POINT ( 'NONE',  ( 0.9994973260062776100, 2.667000000000001100, -2.412999999999999800 ) ) ;
#5019 = CARTESIAN_POINT ( 'NONE',  ( -7.885117851626905700E-016, 2.616200000000000500, -2.412999999999999800 ) ) ;
#5020 = CARTESIAN_POINT ( 'NONE',  ( -0.9994973260062791600, 2.565400000000000800, -2.412999999999999800 ) ) ;
#5021 = CARTESIAN_POINT ( 'NONE',  ( -1.706248663003139900, 2.514600000000000200, -1.706248663003138800 ) ) ;
#5022 = CARTESIAN_POINT ( 'NONE',  ( -2.413000000000000300, 2.463800000000000000, -0.9994973260062781600 ) ) ;
#5023 = CARTESIAN_POINT ( 'NONE',  ( -2.413000000000000300, 2.413000000000000300, 0.0000000000000000000 ) ) ;
#5024 = CARTESIAN_POINT ( 'NONE',  ( -2.412999999999999800, 2.362200000000000100, 0.9994973260062799400 ) ) ;
#5025 = CARTESIAN_POINT ( 'NONE',  ( -1.706248663003139300, 2.311399999999999900, 1.706248663003139500 ) ) ;
#5026 = CARTESIAN_POINT ( 'NONE',  ( -0.9994973260062795000, 2.260600000000000200, 2.412999999999999400 ) ) ;
#5027 = CARTESIAN_POINT ( 'NONE',  ( -9.798075436932859900E-017, 2.209800000000000400, 2.412999999999999800 ) ) ;
#5028 = CARTESIAN_POINT ( 'NONE',  ( 0.9994973260062793900, 2.159000000000000300, 2.412999999999999400 ) ) ;
#5029 = CARTESIAN_POINT ( 'NONE',  ( 1.706248663003139000, 2.108200000000001000, 1.706248663003138800 ) ) ;
#5030 = CARTESIAN_POINT ( 'NONE',  ( 2.412999999999999400, 2.057400000000000800, 0.9994973260062779400 ) ) ;
#5031 = CARTESIAN_POINT ( 'NONE',  ( 2.412999999999999400, 2.006600000000000600, -2.954975131773396100E-016 ) ) ;
#5032 = CARTESIAN_POINT ( 'NONE',  ( 2.412999999999999400, 1.955800000000001100, -0.9994973260062783900 ) ) ;
#5033 = CARTESIAN_POINT ( 'NONE',  ( -1.292412807633522500E-015, 7.086599999999999800, 2.412999999999999800 ) ) ;
#5034 = CARTESIAN_POINT ( 'NONE',  ( 0.9994973260062779400, 7.035800000000000900, 2.412999999999999400 ) ) ;
#5035 = CARTESIAN_POINT ( 'NONE',  ( 1.706248663003137700, 6.985000000000000300, 1.706248663003138800 ) ) ;
#5036 = CARTESIAN_POINT ( 'NONE',  ( 2.412999999999998900, 6.934200000000001500, 0.9994973260062779400 ) ) ;
#5037 = CARTESIAN_POINT ( 'NONE',  ( 2.412999999999998000, 6.883400000000001700, -2.954975131773396100E-016 ) ) ;
#5038 = CARTESIAN_POINT ( 'NONE',  ( 2.412999999999998900, 6.832600000000002000, -0.9994973260062783900 ) ) ;
#5039 = CARTESIAN_POINT ( 'NONE',  ( 1.706248663003137000, 6.781800000000001400, -1.706248663003139300 ) ) ;
#5040 = CARTESIAN_POINT ( 'NONE',  ( 0.9994973260062765000, 6.731000000000001600, -2.412999999999999800 ) ) ;
#5041 = CARTESIAN_POINT ( 'NONE',  ( -1.783871829549518600E-015, 6.680200000000000100, -2.412999999999999800 ) ) ;
#5042 = CARTESIAN_POINT ( 'NONE',  ( -0.9994973260062801600, 6.629400000000000400, -2.412999999999999800 ) ) ;
#5043 = CARTESIAN_POINT ( 'NONE',  ( -1.706248663003140800, 6.578600000000000700, -1.706248663003138800 ) ) ;
#5044 = CARTESIAN_POINT ( 'NONE',  ( -2.413000000000001600, 6.527800000000000000, -0.9994973260062781600 ) ) ;
#5045 = CARTESIAN_POINT ( 'NONE',  ( -2.413000000000001600, 6.477000000000000300, 0.0000000000000000000 ) ) ;
#5046 = CARTESIAN_POINT ( 'NONE',  ( -2.413000000000001100, 6.426199999999998800, 0.9994973260062799400 ) ) ;
#5047 = CARTESIAN_POINT ( 'NONE',  ( -1.706248663003140200, 6.375400000000000000, 1.706248663003139500 ) ) ;
#5048 = CARTESIAN_POINT ( 'NONE',  ( -0.9994973260062803800, 6.324599999999999300, 2.412999999999999400 ) ) ;
#5049 = CARTESIAN_POINT ( 'NONE',  ( -1.093340798756157000E-015, 6.273800000000000500, 2.412999999999999800 ) ) ;
#5050 = CARTESIAN_POINT ( 'NONE',  ( 0.9994973260062781600, 6.223000000000000800, 2.412999999999999400 ) ) ;
#5051 = CARTESIAN_POINT ( 'NONE',  ( 1.706248663003137900, 6.172200000000001000, 1.706248663003138800 ) ) ;
#5052 = CARTESIAN_POINT ( 'NONE',  ( 2.412999999999999400, 6.121400000000000400, 0.9994973260062779400 ) ) ;
#5053 = CARTESIAN_POINT ( 'NONE',  ( 2.412999999999998500, 6.070600000000000700, -2.954975131773396100E-016 ) ) ;
#5054 = CARTESIAN_POINT ( 'NONE',  ( 2.412999999999999400, 6.019800000000001800, -0.9994973260062783900 ) ) ;
#5055 = CARTESIAN_POINT ( 'NONE',  ( 1.706248663003137300, 5.969000000000001200, -1.706248663003139300 ) ) ;
#5056 = CARTESIAN_POINT ( 'NONE',  ( 0.9994973260062766100, 5.918200000000001500, -2.412999999999999800 ) ) ;
#5057 = CARTESIAN_POINT ( 'NONE',  ( -1.584799820672153300E-015, 5.867399999999999900, -2.412999999999999800 ) ) ;
#5058 = CARTESIAN_POINT ( 'NONE',  ( -0.9994973260062799400, 5.816600000000000200, -2.412999999999999800 ) ) ;
#5059 = CARTESIAN_POINT ( 'NONE',  ( -1.706248663003140800, 5.765799999999999600, -1.706248663003138800 ) ) ;
#5060 = CARTESIAN_POINT ( 'NONE',  ( -2.413000000000001100, 5.715000000000000700, -0.9994973260062781600 ) ) ;
#5061 = CARTESIAN_POINT ( 'NONE',  ( -2.413000000000001100, 5.664200000000000100, 0.0000000000000000000 ) ) ;
#5062 = CARTESIAN_POINT ( 'NONE',  ( -2.413000000000000700, 5.613400000000000400, 0.9994973260062799400 ) ) ;
#5063 = CARTESIAN_POINT ( 'NONE',  ( -1.706248663003139900, 5.562599999999999800, 1.706248663003139500 ) ) ;
#5064 = CARTESIAN_POINT ( 'NONE',  ( -0.9994973260062801600, 5.511800000000000000, 2.412999999999999400 ) ) ;
#5065 = CARTESIAN_POINT ( 'NONE',  ( -8.942687898787911800E-016, 5.460999999999999400, 2.412999999999999800 ) ) ;
#5066 = CARTESIAN_POINT ( 'NONE',  ( 0.9994973260062783900, 5.410200000000003200, 2.412999999999999400 ) ) ;
#5067 = CARTESIAN_POINT ( 'NONE',  ( 1.706248663003138200, 5.359400000000000800, 1.706248663003138800 ) ) ;
#5068 = CARTESIAN_POINT ( 'NONE',  ( 2.412999999999999400, 5.308600000000002900, 0.9994973260062779400 ) ) ;
#5069 = CARTESIAN_POINT ( 'NONE',  ( 2.412999999999998500, 5.257800000000000500, -2.954975131773396100E-016 ) ) ;
#5070 = CARTESIAN_POINT ( 'NONE',  ( 2.412999999999999400, 5.207000000000001600, -0.9994973260062783900 ) ) ;
#5071 = CARTESIAN_POINT ( 'NONE',  ( 1.706248663003137500, 5.156200000000000100, -1.706248663003139300 ) ) ;
#5072 = CARTESIAN_POINT ( 'NONE',  ( 0.9994973260062768300, 5.105400000000001300, -2.412999999999999800 ) ) ;
#5073 = CARTESIAN_POINT ( 'NONE',  ( -1.385727811794787500E-015, 5.054600000000000600, -2.412999999999999800 ) ) ;
#5074 = CARTESIAN_POINT ( 'NONE',  ( -0.9994973260062797200, 5.003800000000000000, -2.412999999999999800 ) ) ;
#5075 = CARTESIAN_POINT ( 'NONE',  ( -1.706248663003140600, 4.953000000000000300, -1.706248663003138800 ) ) ;
#5076 = CARTESIAN_POINT ( 'NONE',  ( -2.413000000000001100, 4.902199999999999700, -0.9994973260062781600 ) ) ;
#5077 = CARTESIAN_POINT ( 'NONE',  ( -2.413000000000001100, 4.851400000000000800, 0.0000000000000000000 ) ) ;
#5078 = CARTESIAN_POINT ( 'NONE',  ( -2.413000000000000700, 4.800600000000000200, 0.9994973260062799400 ) ) ;
#5079 = CARTESIAN_POINT ( 'NONE',  ( -1.706248663003139700, 4.749800000000000500, 1.706248663003139500 ) ) ;
#5080 = CARTESIAN_POINT ( 'NONE',  ( -0.9994973260062799400, 4.698999999999999800, 2.412999999999999400 ) ) ;
#5081 = CARTESIAN_POINT ( 'NONE',  ( -6.951967810014255100E-016, 4.648200000000000100, 2.412999999999999800 ) ) ;
#5082 = CARTESIAN_POINT ( 'NONE',  ( 0.9994973260062786100, 4.597400000000000400, 2.412999999999999400 ) ) ;
#5083 = CARTESIAN_POINT ( 'NONE',  ( 1.706248663003138400, 4.546600000000001500, 1.706248663003138800 ) ) ;
#5084 = CARTESIAN_POINT ( 'NONE',  ( 2.095500000000000400, 0.2540000000000007800, 0.8679845199528205500 ) ) ;
#5085 = CARTESIAN_POINT ( 'NONE',  ( 2.095500000000000400, 0.2032000000000008000, -2.566162614434791800E-016 ) ) ;
#5086 = CARTESIAN_POINT ( 'NONE',  ( 2.095500000000000400, 0.1524000000000007800, -0.8679845199528210000 ) ) ;
#5087 = CARTESIAN_POINT ( 'NONE',  ( 1.481742259976410300, 0.1016000000000006500, -1.481742259976410500 ) ) ;
#5088 = CARTESIAN_POINT ( 'NONE',  ( 0.8679845199528205500, 0.05080000000000047700, -2.095500000000000400 ) ) ;
#5089 = CARTESIAN_POINT ( 'NONE',  ( -1.283081307217396600E-016, 2.710505431213761100E-016, -2.095500000000000400 ) ) ;
#5090 = CARTESIAN_POINT ( 'NONE',  ( -0.8679845199528210000, -0.05079999999999993500, -2.095500000000000400 ) ) ;
#5091 = CARTESIAN_POINT ( 'NONE',  ( -1.481742259976410500, -0.1016000000000000800, -1.481742259976410300 ) ) ;
#5092 = CARTESIAN_POINT ( 'NONE',  ( -2.095500000000000400, -0.1524000000000002600, -0.8679845199528208900 ) ) ;
#5093 = CARTESIAN_POINT ( 'NONE',  ( -2.095500000000000400, -0.2032000000000002400, 0.0000000000000000000 ) ) ;
#5094 = CARTESIAN_POINT ( 'NONE',  ( -2.413000000000002000, 8.915400000000000000, 0.0000000000000000000 ) ) ;
#5095 = CARTESIAN_POINT ( 'NONE',  ( -2.413000000000001600, 8.864600000000001100, 0.9994973260062799400 ) ) ;
#5096 = CARTESIAN_POINT ( 'NONE',  ( -1.706248663003140800, 8.813800000000000500, 1.706248663003139500 ) ) ;
#5097 = CARTESIAN_POINT ( 'NONE',  ( -0.9994973260062809400, 8.762999999999999900, 2.412999999999999400 ) ) ;
#5098 = CARTESIAN_POINT ( 'NONE',  ( -1.690556825388253700E-015, 8.712199999999999300, 2.412999999999999800 ) ) ;
#5099 = CARTESIAN_POINT ( 'NONE',  ( 0.9994973260062776100, 8.661400000000000400, 2.412999999999999400 ) ) ;
#5100 = CARTESIAN_POINT ( 'NONE',  ( 1.706248663003137300, 8.610599999999999800, 1.706248663003138800 ) ) ;
#5101 = CARTESIAN_POINT ( 'NONE',  ( 2.412999999999997600, 8.559800000000001000, 0.9994973260062779400 ) ) ;
#5102 = CARTESIAN_POINT ( 'NONE',  ( 2.412999999999997600, 8.509000000000002100, -2.954975131773396100E-016 ) ) ;
#5103 = CARTESIAN_POINT ( 'NONE',  ( 2.412999999999997600, 8.458200000000001500, -0.9994973260062783900 ) ) ;
#5104 = CARTESIAN_POINT ( 'NONE',  ( 1.706248663003136600, 8.407400000000000900, -1.706248663003139300 ) ) ;
#5105 = CARTESIAN_POINT ( 'NONE',  ( 0.9994973260062762800, 8.356600000000000300, -2.412999999999999800 ) ) ;
#5106 = CARTESIAN_POINT ( 'NONE',  ( -2.182015847304249900E-015, 8.305799999999999600, -2.412999999999999800 ) ) ;
#5107 = CARTESIAN_POINT ( 'NONE',  ( -0.9994973260062803800, 8.255000000000000800, -2.412999999999999800 ) ) ;
#5108 = CARTESIAN_POINT ( 'NONE',  ( -1.706248663003141300, 8.204200000000000200, -1.706248663003138800 ) ) ;
#5109 = CARTESIAN_POINT ( 'NONE',  ( -2.413000000000002000, 8.153399999999999500, -0.9994973260062781600 ) ) ;
#5110 = CARTESIAN_POINT ( 'NONE',  ( -2.413000000000002000, 8.102599999999998900, 0.0000000000000000000 ) ) ;
#5111 = CARTESIAN_POINT ( 'NONE',  ( -2.413000000000001600, 8.051800000000000100, 0.9994973260062799400 ) ) ;
#5112 = CARTESIAN_POINT ( 'NONE',  ( -1.706248663003140600, 8.000999999999999400, 1.706248663003139500 ) ) ;
#5113 = CARTESIAN_POINT ( 'NONE',  ( -0.9994973260062807200, 7.950200000000000600, 2.412999999999999400 ) ) ;
#5114 = CARTESIAN_POINT ( 'NONE',  ( -1.491484816510888200E-015, 7.899400000000000900, 2.412999999999999800 ) ) ;
#5115 = CARTESIAN_POINT ( 'NONE',  ( 0.9994973260062778300, 7.848600000000000200, 2.412999999999999400 ) ) ;
#5116 = CARTESIAN_POINT ( 'NONE',  ( 1.706248663003137500, 7.797800000000001400, 1.706248663003138800 ) ) ;
#5117 = CARTESIAN_POINT ( 'NONE',  ( 2.412999999999998900, 7.747000000000000800, 0.9994973260062779400 ) ) ;
#5118 = CARTESIAN_POINT ( 'NONE',  ( 2.412999999999998000, 7.696200000000001000, -2.954975131773396100E-016 ) ) ;
#5119 = CARTESIAN_POINT ( 'NONE',  ( 2.412999999999998900, 7.645400000000000400, -0.9994973260062783900 ) ) ;
#5120 = CARTESIAN_POINT ( 'NONE',  ( 1.706248663003136800, 7.594600000000000700, -1.706248663003139300 ) ) ;
#5121 = CARTESIAN_POINT ( 'NONE',  ( 0.9994973260062762800, 7.543800000000000100, -2.412999999999999800 ) ) ;
#5122 = CARTESIAN_POINT ( 'NONE',  ( -1.982943838426884700E-015, 7.493000000000000300, -2.412999999999999800 ) ) ;
#5123 = CARTESIAN_POINT ( 'NONE',  ( -0.9994973260062801600, 7.442199999999999700, -2.412999999999999800 ) ) ;
#5124 = CARTESIAN_POINT ( 'NONE',  ( -1.706248663003141000, 7.391400000000000000, -1.706248663003138800 ) ) ;
#5125 = CARTESIAN_POINT ( 'NONE',  ( -2.413000000000001600, 7.340599999999999300, -0.9994973260062781600 ) ) ;
#5126 = CARTESIAN_POINT ( 'NONE',  ( -2.413000000000001600, 7.289799999999999600, 0.0000000000000000000 ) ) ;
#5127 = CARTESIAN_POINT ( 'NONE',  ( -2.413000000000001100, 7.238999999999999900, 0.9994973260062799400 ) ) ;
#5128 = CARTESIAN_POINT ( 'NONE',  ( -1.706248663003140400, 7.188200000000000100, 1.706248663003139500 ) ) ;
#5129 = CARTESIAN_POINT ( 'NONE',  ( -0.9994973260062806100, 7.137400000000000400, 2.412999999999999400 ) ) ;
#5130 = CARTESIAN_POINT ( 'NONE',  ( -3.118276389055611100E-016, 2.844800000000000200, 2.095500000000000400 ) ) ;
#5131 = CARTESIAN_POINT ( 'NONE',  ( 0.8679845199528211100, 2.794000000000000900, 2.095499999999999900 ) ) ;
#5132 = CARTESIAN_POINT ( 'NONE',  ( 1.481742259976410100, 2.743200000000000700, 1.481742259976410300 ) ) ;
#5133 = CARTESIAN_POINT ( 'NONE',  ( 2.095499999999999000, 2.692400000000001500, 0.8679845199528205500 ) ) ;
#5134 = CARTESIAN_POINT ( 'NONE',  ( 2.095499999999999500, 2.641600000000000800, -2.566162614434791800E-016 ) ) ;
#5135 = CARTESIAN_POINT ( 'NONE',  ( 2.095499999999999000, 2.590800000000000700, -0.8679845199528210000 ) ) ;
#5136 = CARTESIAN_POINT ( 'NONE',  ( 1.481742259976409600, 2.540000000000000500, -1.481742259976410500 ) ) ;
#5137 = CARTESIAN_POINT ( 'NONE',  ( 0.8679845199528198900, 2.489200000000000300, -2.095500000000000400 ) ) ;
#5138 = CARTESIAN_POINT ( 'NONE',  ( -7.255241573538365400E-016, 2.438400000000000100, -2.095500000000000400 ) ) ;
#5139 = CARTESIAN_POINT ( 'NONE',  ( -0.8679845199528214400, 2.387599999999999900, -2.095500000000000400 ) ) ;
#5140 = CARTESIAN_POINT ( 'NONE',  ( -1.481742259976411200, 2.336800000000000200, -1.481742259976410300 ) ) ;
#5141 = CARTESIAN_POINT ( 'NONE',  ( -2.095500000000000800, 2.285999999999999600, -0.8679845199528208900 ) ) ;
#5142 = CARTESIAN_POINT ( 'NONE',  ( -2.095500000000000400, 2.235200000000000300, 0.0000000000000000000 ) ) ;
#5143 = CARTESIAN_POINT ( 'NONE',  ( -2.095500000000000400, 2.184400000000000100, 0.8679845199528224400 ) ) ;
#5144 = CARTESIAN_POINT ( 'NONE',  ( -1.481742259976410700, 2.133599999999999900, 1.481742259976410700 ) ) ;
#5145 = CARTESIAN_POINT ( 'NONE',  ( -0.8679845199528218900, 2.082800000000000200, 2.095499999999999900 ) ) ;
#5146 = CARTESIAN_POINT ( 'NONE',  ( -1.127556300281955500E-016, 2.032000000000000500, 2.095500000000000400 ) ) ;
#5147 = CARTESIAN_POINT ( 'NONE',  ( 0.8679845199528213300, 1.981200000000000500, 2.095499999999999900 ) ) ;
#5148 = CARTESIAN_POINT ( 'NONE',  ( 1.481742259976410300, 1.930400000000001000, 1.481742259976410300 ) ) ;
#5149 = CARTESIAN_POINT ( 'NONE',  ( 2.095499999999999900, 1.879600000000000800, 0.8679845199528205500 ) ) ;
#5150 = CARTESIAN_POINT ( 'NONE',  ( 2.095499999999999900, 1.828800000000000600, -2.566162614434791800E-016 ) ) ;
#5151 = CARTESIAN_POINT ( 'NONE',  ( 2.095499999999999900, 1.778000000000001100, -0.8679845199528210000 ) ) ;
#5152 = CARTESIAN_POINT ( 'NONE',  ( 1.481742259976409800, 1.727200000000000700, -1.481742259976410500 ) ) ;
#5153 = CARTESIAN_POINT ( 'NONE',  ( 0.8679845199528201100, 1.676400000000000600, -2.095500000000000400 ) ) ;
#5154 = CARTESIAN_POINT ( 'NONE',  ( -5.264521484764708800E-016, 1.625600000000000200, -2.095500000000000400 ) ) ;
#5155 = CARTESIAN_POINT ( 'NONE',  ( -0.8679845199528212200, 1.574800000000000000, -2.095500000000000400 ) ) ;
#5156 = CARTESIAN_POINT ( 'NONE',  ( -1.481742259976411000, 1.524000000000000000, -1.481742259976410300 ) ) ;
#5157 = CARTESIAN_POINT ( 'NONE',  ( -2.095500000000000800, 1.473199999999999800, -0.8679845199528208900 ) ) ;
#5158 = CARTESIAN_POINT ( 'NONE',  ( -2.095500000000000400, 1.422399999999999900, 0.0000000000000000000 ) ) ;
#5159 = CARTESIAN_POINT ( 'NONE',  ( -2.095500000000000400, 1.371600000000000200, 0.8679845199528224400 ) ) ;
#5160 = CARTESIAN_POINT ( 'NONE',  ( -1.481742259976410500, 1.320799999999999800, 1.481742259976410700 ) ) ;
#5161 = CARTESIAN_POINT ( 'NONE',  ( -0.8679845199528215500, 1.270000000000000200, 2.095499999999999900 ) ) ;
#5162 = CARTESIAN_POINT ( 'NONE',  ( 8.631637884917015900E-017, 1.219200000000000300, 2.095500000000000400 ) ) ;
#5163 = CARTESIAN_POINT ( 'NONE',  ( 0.8679845199528215500, 1.168400000000000500, 2.095499999999999900 ) ) ;
#5164 = CARTESIAN_POINT ( 'NONE',  ( 1.481742259976410500, 1.117600000000000800, 1.481742259976410300 ) ) ;
#5165 = CARTESIAN_POINT ( 'NONE',  ( 2.095499999999999900, 1.066800000000000900, 0.8679845199528205500 ) ) ;
#5166 = CARTESIAN_POINT ( 'NONE',  ( 2.095499999999999900, 1.016000000000000900, -2.566162614434791800E-016 ) ) ;
#5167 = CARTESIAN_POINT ( 'NONE',  ( 2.095499999999999900, 0.9652000000000009500, -0.8679845199528210000 ) ) ;
#5168 = CARTESIAN_POINT ( 'NONE',  ( 1.481742259976410100, 0.9144000000000006600, -1.481742259976410500 ) ) ;
#5169 = CARTESIAN_POINT ( 'NONE',  ( 0.8679845199528204400, 0.8636000000000005900, -2.095500000000000400 ) ) ;
#5170 = CARTESIAN_POINT ( 'NONE',  ( -3.273801395991053600E-016, 0.8128000000000001900, -2.095500000000000400 ) ) ;
#5171 = CARTESIAN_POINT ( 'NONE',  ( -0.8679845199528210000, 0.7620000000000000100, -2.095500000000000400 ) ) ;
#5172 = CARTESIAN_POINT ( 'NONE',  ( -1.481742259976410700, 0.7111999999999999400, -1.481742259976410300 ) ) ;
#5173 = CARTESIAN_POINT ( 'NONE',  ( -2.095500000000000400, 0.6603999999999998800, -0.8679845199528208900 ) ) ;
#5174 = CARTESIAN_POINT ( 'NONE',  ( -2.095500000000000400, 0.6095999999999997000, 0.0000000000000000000 ) ) ;
#5175 = CARTESIAN_POINT ( 'NONE',  ( -2.095499999999999900, 0.5587999999999996300, 0.8679845199528224400 ) ) ;
#5176 = CARTESIAN_POINT ( 'NONE',  ( -1.481742259976410300, 0.5080000000000000100, 1.481742259976410700 ) ) ;
#5177 = CARTESIAN_POINT ( 'NONE',  ( -0.8679845199528213300, 0.4572000000000000500, 2.095499999999999900 ) ) ;
#5178 = CARTESIAN_POINT ( 'NONE',  ( 2.853883877265357400E-016, 0.4064000000000003200, 2.095500000000000400 ) ) ;
#5179 = CARTESIAN_POINT ( 'NONE',  ( 0.8679845199528218900, 0.3556000000000004700, 2.095499999999999900 ) ) ;
#5180 = CARTESIAN_POINT ( 'NONE',  ( 1.481742259976410500, 0.3048000000000005700, 1.481742259976410300 ) ) ;
#5181 = CARTESIAN_POINT ( 'NONE',  ( -1.521812192863299200E-015, 5.689600000000000400, -2.095500000000000400 ) ) ;
#5182 = CARTESIAN_POINT ( 'NONE',  ( -0.8679845199528224400, 5.638800000000000700, -2.095500000000000400 ) ) ;
#5183 = CARTESIAN_POINT ( 'NONE',  ( -1.481742259976412100, 5.588000000000000100, -1.481742259976410300 ) ) ;
#5184 = CARTESIAN_POINT ( 'NONE',  ( -2.095500000000001300, 5.537200000000000300, -0.8679845199528208900 ) ) ;
#5185 = CARTESIAN_POINT ( 'NONE',  ( -2.095500000000001300, 5.486399999999999700, 0.0000000000000000000 ) ) ;
#5186 = CARTESIAN_POINT ( 'NONE',  ( -2.095500000000000800, 5.435600000000000000, 0.8679845199528224400 ) ) ;
#5187 = CARTESIAN_POINT ( 'NONE',  ( -1.481742259976411400, 5.384800000000000300, 1.481742259976410700 ) ) ;
#5188 = CARTESIAN_POINT ( 'NONE',  ( -0.8679845199528226600, 5.334000000000001400, 2.095499999999999900 ) ) ;
#5189 = CARTESIAN_POINT ( 'NONE',  ( -9.090436655376580200E-016, 5.283199999999999900, 2.095500000000000400 ) ) ;
#5190 = CARTESIAN_POINT ( 'NONE',  ( 0.8679845199528207800, 5.232400000000001100, 2.095499999999999900 ) ) ;
#5191 = CARTESIAN_POINT ( 'NONE',  ( 1.481742259976409400, 5.181600000000000400, 1.481742259976410300 ) ) ;
#5192 = CARTESIAN_POINT ( 'NONE',  ( 2.095499999999998600, 5.130800000000001600, 0.8679845199528205500 ) ) ;
#5193 = CARTESIAN_POINT ( 'NONE',  ( 2.095499999999999000, 5.080000000000001000, -2.566162614434791800E-016 ) ) ;
#5194 = CARTESIAN_POINT ( 'NONE',  ( 2.095499999999998600, 5.029200000000001200, -0.8679845199528210000 ) ) ;
#5195 = CARTESIAN_POINT ( 'NONE',  ( 1.481742259976409000, 4.978399999999999700, -1.481742259976410500 ) ) ;
#5196 = CARTESIAN_POINT ( 'NONE',  ( 0.8679845199528194400, 4.927600000000000900, -2.095500000000000400 ) ) ;
#5197 = CARTESIAN_POINT ( 'NONE',  ( -1.322740183985933500E-015, 4.876800000000000200, -2.095500000000000400 ) ) ;
#5198 = CARTESIAN_POINT ( 'NONE',  ( -0.8679845199528222200, 4.826000000000000500, -2.095500000000000400 ) ) ;
#5199 = CARTESIAN_POINT ( 'NONE',  ( -1.481742259976411800, 4.775199999999999900, -1.481742259976410300 ) ) ;
#5200 = CARTESIAN_POINT ( 'NONE',  ( -2.095500000000001300, 4.724399999999999300, -0.8679845199528208900 ) ) ;
#5201 = CARTESIAN_POINT ( 'NONE',  ( -2.095500000000001300, 4.673600000000000400, 0.0000000000000000000 ) ) ;
#5202 = CARTESIAN_POINT ( 'NONE',  ( -2.095500000000000800, 4.622799999999999800, 0.8679845199528224400 ) ) ;
#5203 = CARTESIAN_POINT ( 'NONE',  ( -1.481742259976411200, 4.572000000000001000, 1.481742259976410700 ) ) ;
#5204 = CARTESIAN_POINT ( 'NONE',  ( -0.8679845199528224400, 4.521200000000000300, 2.095499999999999900 ) ) ;
#5205 = CARTESIAN_POINT ( 'NONE',  ( -7.099716566602924500E-016, 4.470400000000000600, 2.095500000000000400 ) ) ;
#5206 = CARTESIAN_POINT ( 'NONE',  ( 0.8679845199528210000, 4.419600000000000000, 2.095499999999999900 ) ) ;
#5207 = CARTESIAN_POINT ( 'NONE',  ( 1.481742259976409600, 4.368800000000001100, 1.481742259976410300 ) ) ;
#5208 = CARTESIAN_POINT ( 'NONE',  ( 2.095499999999998600, 4.318000000000001400, 0.8679845199528205500 ) ) ;
#5209 = CARTESIAN_POINT ( 'NONE',  ( 2.095499999999999000, 4.267200000000001700, -2.566162614434791800E-016 ) ) ;
#5210 = CARTESIAN_POINT ( 'NONE',  ( 2.095499999999999000, 4.216400000000001000, -0.8679845199528210000 ) ) ;
#5211 = CARTESIAN_POINT ( 'NONE',  ( 1.481742259976409200, 4.165600000000000400, -1.481742259976410500 ) ) ;
#5212 = CARTESIAN_POINT ( 'NONE',  ( 0.8679845199528194400, 4.114799999999999800, -2.095500000000000400 ) ) ;
#5213 = CARTESIAN_POINT ( 'NONE',  ( -1.123668175108567900E-015, 4.064000000000000900, -2.095500000000000400 ) ) ;
#5214 = CARTESIAN_POINT ( 'NONE',  ( -0.8679845199528220000, 4.013200000000000300, -2.095500000000000400 ) ) ;
#5215 = CARTESIAN_POINT ( 'NONE',  ( -1.481742259976411600, 3.962400000000000600, -1.481742259976410300 ) ) ;
#5216 = CARTESIAN_POINT ( 'NONE',  ( -2.095500000000000800, 3.911599999999999500, -0.8679845199528208900 ) ) ;
#5217 = CARTESIAN_POINT ( 'NONE',  ( -2.095500000000000800, 3.860799999999999800, 0.0000000000000000000 ) ) ;
#5218 = CARTESIAN_POINT ( 'NONE',  ( -2.095500000000000800, 3.809999999999999200, 0.8679845199528224400 ) ) ;
#5219 = CARTESIAN_POINT ( 'NONE',  ( -1.481742259976411000, 3.759200000000000300, 1.481742259976410700 ) ) ;
#5220 = CARTESIAN_POINT ( 'NONE',  ( -0.8679845199528224400, 3.708400000000000600, 2.095499999999999900 ) ) ;
#5221 = CARTESIAN_POINT ( 'NONE',  ( -5.108996477829267800E-016, 3.657600000000000400, 2.095500000000000400 ) ) ;
#5222 = CARTESIAN_POINT ( 'NONE',  ( 0.8679845199528210000, 3.606800000000000200, 2.095499999999999900 ) ) ;
#5223 = CARTESIAN_POINT ( 'NONE',  ( 1.481742259976409800, 3.556000000000000900, 1.481742259976410300 ) ) ;
#5224 = CARTESIAN_POINT ( 'NONE',  ( 2.095499999999999000, 3.505200000000001200, 0.8679845199528205500 ) ) ;
#5225 = CARTESIAN_POINT ( 'NONE',  ( 2.095499999999999500, 3.454400000000000600, -2.566162614434791800E-016 ) ) ;
#5226 = CARTESIAN_POINT ( 'NONE',  ( 2.095499999999999000, 3.403600000000000800, -0.8679845199528210000 ) ) ;
#5227 = CARTESIAN_POINT ( 'NONE',  ( 1.481742259976409400, 3.352800000000000700, -1.481742259976410500 ) ) ;
#5228 = CARTESIAN_POINT ( 'NONE',  ( 0.8679845199528196700, 3.302000000000000500, -2.095500000000000400 ) ) ;
#5229 = CARTESIAN_POINT ( 'NONE',  ( -9.245961662312022100E-016, 3.251200000000000300, -2.095500000000000400 ) ) ;
#5230 = CARTESIAN_POINT ( 'NONE',  ( -0.8679845199528217800, 3.200399999999999700, -2.095500000000000400 ) ) ;
#5231 = CARTESIAN_POINT ( 'NONE',  ( -1.481742259976411400, 3.149600000000000000, -1.481742259976410300 ) ) ;
#5232 = CARTESIAN_POINT ( 'NONE',  ( 2.095499999999998100, 8.280400000000002000, -0.8679845199528210000 ) ) ;
#5233 = CARTESIAN_POINT ( 'NONE',  ( 1.481742259976408100, 8.229600000000001400, -1.481742259976410500 ) ) ;
#5234 = CARTESIAN_POINT ( 'NONE',  ( 0.8679845199528185600, 8.178800000000002500, -2.095500000000000400 ) ) ;
#5235 = CARTESIAN_POINT ( 'NONE',  ( -2.119028219495396000E-015, 8.128000000000000100, -2.095500000000000400 ) ) ;
#5236 = CARTESIAN_POINT ( 'NONE',  ( -0.8679845199528228900, 8.077199999999999500, -2.095500000000000400 ) ) ;
#5237 = CARTESIAN_POINT ( 'NONE',  ( -1.481742259976412500, 8.026399999999998900, -1.481742259976410300 ) ) ;
#5238 = CARTESIAN_POINT ( 'NONE',  ( -2.095500000000002600, 7.975600000000000000, -0.8679845199528208900 ) ) ;
#5239 = CARTESIAN_POINT ( 'NONE',  ( -2.095500000000002100, 7.924799999999999400, 0.0000000000000000000 ) ) ;
#5240 = CARTESIAN_POINT ( 'NONE',  ( -2.095500000000001700, 7.873999999999999700, 0.8679845199528224400 ) ) ;
#5241 = CARTESIAN_POINT ( 'NONE',  ( -1.481742259976412100, 7.823199999999999000, 1.481742259976410700 ) ) ;
#5242 = CARTESIAN_POINT ( 'NONE',  ( -0.8679845199528233300, 7.772400000000001100, 2.095499999999999900 ) ) ;
#5243 = CARTESIAN_POINT ( 'NONE',  ( -1.506259692169755000E-015, 7.721600000000001400, 2.095500000000000400 ) ) ;
#5244 = CARTESIAN_POINT ( 'NONE',  ( 0.8679845199528198900, 7.670800000000000700, 2.095499999999999900 ) ) ;
#5245 = CARTESIAN_POINT ( 'NONE',  ( 1.481742259976408700, 7.620000000000001000, 1.481742259976410300 ) ) ;
#5246 = CARTESIAN_POINT ( 'NONE',  ( 2.095499999999998100, 7.569200000000001300, 0.8679845199528205500 ) ) ;
#5247 = CARTESIAN_POINT ( 'NONE',  ( 2.095499999999998600, 7.518400000000001500, -2.566162614434791800E-016 ) ) ;
#5248 = CARTESIAN_POINT ( 'NONE',  ( 2.095499999999998100, 7.467600000000000900, -0.8679845199528210000 ) ) ;
#5249 = CARTESIAN_POINT ( 'NONE',  ( 1.481742259976408300, 7.416800000000000300, -1.481742259976410500 ) ) ;
#5250 = CARTESIAN_POINT ( 'NONE',  ( 0.8679845199528188900, 7.365999999999999700, -2.095500000000000400 ) ) ;
#5251 = CARTESIAN_POINT ( 'NONE',  ( -1.919956210618030700E-015, 7.315200000000000800, -2.095500000000000400 ) ) ;
#5252 = CARTESIAN_POINT ( 'NONE',  ( -0.8679845199528226600, 7.264400000000000200, -2.095500000000000400 ) ) ;
#5253 = CARTESIAN_POINT ( 'NONE',  ( -1.481742259976412300, 7.213600000000000500, -1.481742259976410300 ) ) ;
#5254 = CARTESIAN_POINT ( 'NONE',  ( -2.095500000000001700, 7.162799999999998900, -0.8679845199528208900 ) ) ;
#5255 = CARTESIAN_POINT ( 'NONE',  ( -2.095500000000001700, 7.111999999999999200, 0.0000000000000000000 ) ) ;
#5256 = CARTESIAN_POINT ( 'NONE',  ( -2.095500000000001300, 7.061199999999998600, 0.8679845199528224400 ) ) ;
#5257 = CARTESIAN_POINT ( 'NONE',  ( -1.481742259976411800, 7.010400000000000600, 1.481742259976410700 ) ) ;
#5258 = CARTESIAN_POINT ( 'NONE',  ( -0.8679845199528230000, 6.959600000000001800, 2.095499999999999900 ) ) ;
#5259 = CARTESIAN_POINT ( 'NONE',  ( -1.307187683292389400E-015, 6.908800000000000300, 2.095500000000000400 ) ) ;
#5260 = CARTESIAN_POINT ( 'NONE',  ( 0.8679845199528201100, 6.858000000000001400, 2.095499999999999900 ) ) ;
#5261 = CARTESIAN_POINT ( 'NONE',  ( 1.481742259976409000, 6.807199999999999900, 1.481742259976410300 ) ) ;
#5262 = CARTESIAN_POINT ( 'NONE',  ( 2.095499999999998100, 6.756400000000002000, 0.8679845199528205500 ) ) ;
#5263 = CARTESIAN_POINT ( 'NONE',  ( 2.095499999999998600, 6.705600000000001300, -2.566162614434791800E-016 ) ) ;
#5264 = CARTESIAN_POINT ( 'NONE',  ( 2.095499999999998100, 6.654800000000000700, -0.8679845199528210000 ) ) ;
#5265 = CARTESIAN_POINT ( 'NONE',  ( 1.481742259976408500, 6.604000000000000100, -1.481742259976410500 ) ) ;
#5266 = CARTESIAN_POINT ( 'NONE',  ( 0.8679845199528190000, 6.553200000000000400, -2.095500000000000400 ) ) ;
#5267 = CARTESIAN_POINT ( 'NONE',  ( -1.720884201740664700E-015, 6.502400000000000600, -2.095500000000000400 ) ) ;
#5268 = CARTESIAN_POINT ( 'NONE',  ( -0.8679845199528224400, 6.451599999999999100, -2.095500000000000400 ) ) ;
#5269 = CARTESIAN_POINT ( 'NONE',  ( -1.481742259976412100, 6.400800000000001200, -1.481742259976410300 ) ) ;
#5270 = CARTESIAN_POINT ( 'NONE',  ( -2.095500000000001700, 6.349999999999998800, -0.8679845199528208900 ) ) ;
#5271 = CARTESIAN_POINT ( 'NONE',  ( -2.095500000000001700, 6.299199999999999900, 0.0000000000000000000 ) ) ;
#5272 = CARTESIAN_POINT ( 'NONE',  ( -2.095500000000001300, 6.248399999999998400, 0.8679845199528224400 ) ) ;
#5273 = CARTESIAN_POINT ( 'NONE',  ( -1.481742259976411600, 6.197600000000000400, 1.481742259976410700 ) ) ;
#5274 = CARTESIAN_POINT ( 'NONE',  ( -0.8679845199528227800, 6.146799999999999800, 2.095499999999999900 ) ) ;
#5275 = CARTESIAN_POINT ( 'NONE',  ( -1.108115674415023900E-015, 6.096000000000001000, 2.095500000000000400 ) ) ;
#5276 = CARTESIAN_POINT ( 'NONE',  ( 0.8679845199528204400, 6.045200000000001200, 2.095499999999999900 ) ) ;
#5277 = CARTESIAN_POINT ( 'NONE',  ( 1.481742259976409200, 5.994400000000000600, 1.481742259976410300 ) ) ;
#5278 = CARTESIAN_POINT ( 'NONE',  ( 2.095499999999998600, 5.943600000000001800, 0.8679845199528205500 ) ) ;
#5279 = CARTESIAN_POINT ( 'NONE',  ( 2.095499999999999000, 5.892800000000001100, -2.566162614434791800E-016 ) ) ;
#5280 = CARTESIAN_POINT ( 'NONE',  ( 2.095499999999998600, 5.842000000000002300, -0.8679845199528210000 ) ) ;
#5281 = CARTESIAN_POINT ( 'NONE',  ( 1.481742259976408700, 5.791200000000000800, -1.481742259976410500 ) ) ;
#5282 = CARTESIAN_POINT ( 'NONE',  ( 0.8679845199528193300, 5.740400000000001100, -2.095500000000000400 ) ) ;
#5283 = CARTESIAN_POINT ( 'NONE',  ( 1.852343460455414500, 0.3406409295698251700, 1.224639088516374300 ) ) ;
#5284 = CARTESIAN_POINT ( 'NONE',  ( 2.005881296973522200, 0.3406409295698255000, 1.014396579487143900 ) ) ;
#5285 = CARTESIAN_POINT ( 'NONE',  ( 2.237344356165716300, 0.3406409295698255000, 0.5426100212528017800 ) ) ;
#5286 = CARTESIAN_POINT ( 'NONE',  ( 2.309418606191765600, 0.3406409295698251700, 0.2936255854507005000 ) ) ;
#5287 = CARTESIAN_POINT ( 'NONE',  ( 2.365946958972936300, 0.3406409295698252200, -0.2292117477530095600 ) ) ;
#5288 = CARTESIAN_POINT ( 'NONE',  ( 2.351500459708438600, 0.3406409295698231100, -0.4883387479161462900 ) ) ;
#5289 = CARTESIAN_POINT ( 'NONE',  ( 2.295044340821020200, 0.3406409295698230000, -0.7452116972145623700 ) ) ;
#5290 = CARTESIAN_POINT ( 'NONE',  ( 2.295044340821020200, 0.3406409295698230000, -0.7452116972145623700 ) ) ;
#5291 = B_SPLINE_CURVE_WITH_KNOTS ( 'NONE', 3,
 ( #5289, #5288, #5287, #5286, #5285, #5284, #5283, #5340, #5339, #5338 ),
 .UNSPECIFIED., .F., .F.,
 ( 4, 2, 2, 2, 4 ),
 ( 0.0000000000000000000, 0.0007785864673003609000, 0.001557172934600721800, 0.002335759401901082500, 0.003114345869201443600 ),
 .UNSPECIFIED. ) ;
#5292 = CARTESIAN_POINT ( 'NONE',  ( -2.095500000000002100, 8.737600000000000500, 0.0000000000000000000 ) ) ;
#5293 = CARTESIAN_POINT ( 'NONE',  ( -2.095500000000001700, 8.686799999999999900, 0.8679845199528224400 ) ) ;
#5294 = CARTESIAN_POINT ( 'NONE',  ( -1.481742259976412300, 8.635999999999999200, 1.481742259976410700 ) ) ;
#5295 = CARTESIAN_POINT ( 'NONE',  ( -0.8679845199528236600, 8.585199999999998600, 2.095499999999999900 ) ) ;
#5296 = CARTESIAN_POINT ( 'NONE',  ( -1.705331701047120500E-015, 8.534400000000001500, 2.095500000000000400 ) ) ;
#5297 = CARTESIAN_POINT ( 'NONE',  ( 0.8679845199528196700, 8.483600000000000900, 2.095499999999999900 ) ) ;
#5298 = CARTESIAN_POINT ( 'NONE',  ( 1.481742259976408500, 8.432800000000000300, 1.481742259976410300 ) ) ;
#5299 = CARTESIAN_POINT ( 'NONE',  ( 2.095499999999998100, 8.382000000000001400, 0.8679845199528205500 ) ) ;
#5300 = CARTESIAN_POINT ( 'NONE',  ( 2.095499999999998100, 8.331200000000002600, -2.566162614434791800E-016 ) ) ;
#5301 = CARTESIAN_POINT ( 'NONE',  ( 1.706248663003138400, 1.905000000000000900, -1.706248663003139300 ) ) ;
#5302 = CARTESIAN_POINT ( 'NONE',  ( 0.9994973260062777200, 1.854200000000000700, -2.412999999999999800 ) ) ;
#5303 = CARTESIAN_POINT ( 'NONE',  ( -5.894397762853249100E-016, 1.803400000000000300, -2.412999999999999800 ) ) ;
#5304 = CARTESIAN_POINT ( 'NONE',  ( -0.9994973260062787200, 1.752600000000000200, -2.412999999999999800 ) ) ;
#5305 = CARTESIAN_POINT ( 'NONE',  ( -1.706248663003139700, 1.701800000000000000, -1.706248663003138800 ) ) ;
#5306 = CARTESIAN_POINT ( 'NONE',  ( -2.413000000000000300, 1.650999999999999800, -0.9994973260062781600 ) ) ;
#5307 = CARTESIAN_POINT ( 'NONE',  ( -2.413000000000000300, 1.600199999999999800, 0.0000000000000000000 ) ) ;
#5308 = CARTESIAN_POINT ( 'NONE',  ( -2.412999999999999800, 1.549399999999999900, 0.9994973260062799400 ) ) ;
#5309 = CARTESIAN_POINT ( 'NONE',  ( -1.706248663003139000, 1.498599999999999900, 1.706248663003139500 ) ) ;
#5310 = CARTESIAN_POINT ( 'NONE',  ( -0.9994973260062792700, 1.447800000000000200, 2.412999999999998900 ) ) ;
#5311 = CARTESIAN_POINT ( 'NONE',  ( 1.010912545080370900E-016, 1.397000000000000500, 2.412999999999999800 ) ) ;
#5312 = CARTESIAN_POINT ( 'NONE',  ( 0.9994973260062792700, 1.346200000000000500, 2.412999999999998900 ) ) ;
#5313 = CARTESIAN_POINT ( 'NONE',  ( 1.706248663003139300, 1.295400000000000800, 1.706248663003138800 ) ) ;
#5314 = CARTESIAN_POINT ( 'NONE',  ( 2.412999999999998900, 1.244600000000001000, 0.9994973260062779400 ) ) ;
#5315 = CARTESIAN_POINT ( 'NONE',  ( 2.412999999999999400, 1.193800000000001100, -2.954975131773396100E-016 ) ) ;
#5316 = CARTESIAN_POINT ( 'NONE',  ( 2.412999999999998900, 1.143000000000000900, -0.9994973260062783900 ) ) ;
#5317 = CARTESIAN_POINT ( 'NONE',  ( 1.706248663003138600, 1.092200000000000900, -1.706248663003139300 ) ) ;
#5318 = CARTESIAN_POINT ( 'NONE',  ( 0.9994973260062779400, 1.041400000000000800, -2.412999999999999800 ) ) ;
#5319 = CARTESIAN_POINT ( 'NONE',  ( -3.903677674079592900E-016, 0.9906000000000003700, -2.412999999999999800 ) ) ;
#5320 = CARTESIAN_POINT ( 'NONE',  ( -0.9994973260062786100, 0.9398000000000000800, -2.412999999999999800 ) ) ;
#5321 = CARTESIAN_POINT ( 'NONE',  ( -1.706248663003139500, 0.8889999999999999000, -1.706248663003138800 ) ) ;
#5322 = CARTESIAN_POINT ( 'NONE',  ( -2.412999999999999800, 0.8381999999999997200, -0.9994973260062781600 ) ) ;
#5323 = CARTESIAN_POINT ( 'NONE',  ( -2.412999999999999800, 0.7873999999999997700, 0.0000000000000000000 ) ) ;
#5324 = CARTESIAN_POINT ( 'NONE',  ( -2.412999999999998900, 0.7365999999999997000, 0.9994973260062799400 ) ) ;
#5325 = CARTESIAN_POINT ( 'NONE',  ( -1.706248663003138800, 0.6857999999999999700, 1.706248663003139500 ) ) ;
#5326 = CARTESIAN_POINT ( 'NONE',  ( -0.9994973260062790500, 0.6350000000000001200, 2.412999999999998900 ) ) ;
#5327 = CARTESIAN_POINT ( 'NONE',  ( 3.001632633854027200E-016, 0.5842000000000003900, 2.412999999999999800 ) ) ;
#5328 = CARTESIAN_POINT ( 'NONE',  ( 0.9994973260062795000, 0.5334000000000006500, 2.412999999999998900 ) ) ;
#5329 = CARTESIAN_POINT ( 'NONE',  ( 1.706248663003139300, 0.4826000000000007500, 1.706248663003138800 ) ) ;
#5330 = CARTESIAN_POINT ( 'NONE',  ( 2.412999999999999800, 0.4318000000000009100, 0.9994973260062779400 ) ) ;
#5331 = CARTESIAN_POINT ( 'NONE',  ( 2.412999999999999800, 0.3810000000000008900, -2.954975131773396100E-016 ) ) ;
#5332 = CARTESIAN_POINT ( 'NONE',  ( 2.412999999999999800, 0.3615876319665704600, -0.3819411405681786300 ) ) ;
#5333 = CARTESIAN_POINT ( 'NONE',  ( 2.295044340821020200, 0.3406409295698230600, -0.7452116972145623700 ) ) ;
#5334 = LINE ( 'NONE', #5336, #5408 ) ;
#5335 =( BOUNDED_CURVE ( )  B_SPLINE_CURVE ( 2, ( #5333, #5332, #5331, #5330, #5329, #5328, #5327, #5326, #5325, #5324, #5323, #5322, #5321, #5320, #5319, #5318, #5317, #5316, #5315, #5314, #5313, #5312, #5311, #5310, #5309, #5308, #5307, #5306, #5305, #5304, #5303, #5302, #5301, #5390, #5389, #5388, #5387, #5386, #5385, #5384, #5383, #5382, #5381, #5380, #5379, #5378, #5377, #5376, #5375, #5374, #5373, #5372, #5371, #5370, #5369, #5368, #5367, #5366, #5365, #5364, #5363, #5362, #5361, #5360, #5359, #5358, #5357, #5356, #5355, #5354, #5353, #5352, #5351, #5350, #5349, #5348, #5347, #5346, #5345, #5344, #5343, #5342, #5341, #5458, #5457, #5456, #5455, #5454, #5453, #5452, #5451, #5450, #5449, #5448, #5447, #5446, #5445, #5444, #5443, #5442, #5441, #5440, #5439, #5438, #5437, #5436, #5435, #5434, #5433, #5432, #5431, #5430, #5429, #5428, #5427, #5426, #5425, #5424, #5423, #5422, #5421, #5420, #5419, #5418, #5417, #5416, #5415, #5414, #5413, #5412, #5411, #5410, #5409, #5496, #5495, #5494, #5493, #5492, #5491, #5490, #5489, #5488, #5487, #5486, #5485, #5484, #5483, #5482, #5481, #5480, #5479, #5478, #5477, #5476, #5475, #5474, #5473, #5472, #5471, #5470, #5469, #5468, #5467, #5466, #5465, #5464, #5463, #5462, #5461, #5460, #5459 ),
 .UNSPECIFIED., .F., .T. ) 
 B_SPLINE_CURVE_WITH_KNOTS ( ( 3, 2, 2, 2, 2, 2, 2, 2, 2, 2, 2, 2, 2, 2, 2, 2, 2, 2, 2, 2, 2, 2, 2, 2, 2, 2, 2, 2, 2, 2, 2, 2, 2, 2, 2, 2, 2, 2, 2, 2, 2, 2, 2, 2, 2, 2, 2, 2, 2, 2, 2, 2, 2, 2, 2, 2, 2, 2, 2, 2, 2, 2, 2, 2, 2, 2, 2, 2, 2, 2, 2, 2, 2, 2, 2, 2, 2, 2, 2, 2, 2, 2, 2, 2, 2, 3 ),
 ( 0.04089780854642646700, 0.04545454545454545600, 0.05681818181818182300, 0.06818181818181817700, 0.07954545454545454400, 0.09090909090909091200, 0.1022727272727272800, 0.1136363636363636500, 0.1250000000000000000, 0.1363636363636363500, 0.1477272727272727300, 0.1590909090909090900, 0.1704545454545454700, 0.1818181818181818200, 0.1931818181818181800, 0.2045454545454545600, 0.2159090909090909100, 0.2272727272727272900, 0.2386363636363636500, 0.2500000000000000000, 0.2613636363636363500, 0.2727272727272727100, 0.2840909090909091200, 0.2954545454545454100, 0.3068181818181817700, 0.3181818181818181200, 0.3295454545454544700, 0.3409090909090909400, 0.3522727272727272900, 0.3636363636363636500, 0.3750000000000000000, 0.3863636363636363500, 0.3977272727272727100, 0.4090909090909090600, 0.4204545454545454100, 0.4318181818181817700, 0.4431818181818181200, 0.4545454545454545900, 0.4659090909090909400, 0.4772727272727272900, 0.4886363636363636500, 0.5000000000000000000, 0.5113636363636363500, 0.5227272727272727100, 0.5340909090909090600, 0.5454545454545454100, 0.5568181818181818800, 0.5681818181818182300, 0.5795454545454545900, 0.5909090909090909400, 0.6022727272727272900, 0.6136363636363636500, 0.6250000000000000000, 0.6363636363636363500, 0.6477272727272727100, 0.6590909090909090600, 0.6704545454545455300, 0.6818181818181818800, 0.6931818181818182300, 0.7045454545454545900, 0.7159090909090909400, 0.7272727272727272900, 0.7386363636363636500, 0.7500000000000000000, 0.7613636363636363500, 0.7727272727272727100, 0.7840909090909090600, 0.7954545454545455300, 0.8068181818181818800, 0.8181818181818182300, 0.8295454545454545900, 0.8409090909090909400, 0.8522727272727272900, 0.8636363636363636500, 0.8750000000000000000, 0.8863636363636363500, 0.8977272727272727100, 0.9090909090909091700, 0.9204545454545455300, 0.9318181818181818800, 0.9431818181818182300, 0.9545454545454545900, 0.9659090909090909400, 0.9772727272727272900, 0.9886363636363636500, 1.000000000000000000 ),
 .UNSPECIFIED. ) 
 CURVE ( )  GEOMETRIC_REPRESENTATION_ITEM ( )  RATIONAL_B_SPLINE_CURVE ( ( 0.9634320952575017300, 0.9694762369571199300, 1.000000000000000000, 0.9238795325112867400, 1.000000000000000000, 0.9238795325112867400, 1.000000000000000000, 0.9238795325112867400, 1.000000000000000000, 0.9238795325112867400, 1.000000000000000000, 0.9238795325112867400, 1.000000000000000000, 0.9238795325112867400, 1.000000000000000000, 0.9238795325112867400, 1.000000000000000000, 0.9238795325112867400, 1.000000000000000000, 0.9238795325112867400, 1.000000000000000000, 0.9238795325112867400, 1.000000000000000000, 0.9238795325112867400, 1.000000000000000000, 0.9238795325112867400, 1.000000000000000000, 0.9238795325112867400, 1.000000000000000000, 0.9238795325112867400, 1.000000000000000000, 0.9238795325112867400, 1.000000000000000000, 0.9238795325112867400, 1.000000000000000000, 0.9238795325112867400, 1.000000000000000000, 0.9238795325112867400, 1.000000000000000000, 0.9238795325112867400, 1.000000000000000000, 0.9238795325112867400, 1.000000000000000000, 0.9238795325112867400, 1.000000000000000000, 0.9238795325112867400, 1.000000000000000000, 0.9238795325112867400, 1.000000000000000000, 0.9238795325112867400, 1.000000000000000000, 0.9238795325112867400, 1.000000000000000000, 0.9238795325112867400, 1.000000000000000000, 0.9238795325112867400, 1.000000000000000000, 0.9238795325112867400, 1.000000000000000000, 0.9238795325112867400, 1.000000000000000000, 0.9238795325112867400, 1.000000000000000000, 0.9238795325112867400, 1.000000000000000000, 0.9238795325112867400, 1.000000000000000000, 0.9238795325112867400, 1.000000000000000000, 0.9238795325112867400, 1.000000000000000000, 0.9238795325112867400, 1.000000000000000000, 0.9238795325112867400, 1.000000000000000000, 0.9238795325112867400, 1.000000000000000000, 0.9238795325112867400, 1.000000000000000000, 0.9238795325112867400, 1.000000000000000000, 0.9238795325112867400, 1.000000000000000000, 0.9238795325112867400, 1.000000000000000000, 0.9238795325112867400, 1.000000000000000000, 0.9238795325112867400, 1.000000000000000000, 0.9238795325112867400, 1.000000000000000000, 0.9238795325112867400, 1.000000000000000000, 0.9238795325112867400, 1.000000000000000000, 0.9238795325112867400, 1.000000000000000000, 0.9238795325112867400, 1.000000000000000000, 0.9238795325112867400, 1.000000000000000000, 0.9238795325112867400, 1.000000000000000000, 0.9238795325112867400, 1.000000000000000000, 0.9238795325112867400, 1.000000000000000000, 0.9238795325112867400, 1.000000000000000000, 0.9238795325112867400, 1.000000000000000000, 0.9238795325112867400, 1.000000000000000000, 0.9238795325112867400, 1.000000000000000000, 0.9238795325112867400, 1.000000000000000000, 0.9238795325112867400, 1.000000000000000000, 0.9238795325112867400, 1.000000000000000000, 0.9238795325112867400, 1.000000000000000000, 0.9238795325112867400, 1.000000000000000000, 0.9238795325112867400, 1.000000000000000000, 0.9238795325112867400, 1.000000000000000000, 0.9238795325112867400, 1.000000000000000000, 0.9238795325112867400, 1.000000000000000000, 0.9238795325112867400, 1.000000000000000000, 0.9238795325112867400, 1.000000000000000000, 0.9238795325112867400, 1.000000000000000000, 0.9238795325112867400, 1.000000000000000000, 0.9238795325112867400, 1.000000000000000000, 0.9238795325112867400, 1.000000000000000000, 0.9238795325112867400, 1.000000000000000000, 0.9238795325112867400, 1.000000000000000000, 0.9238795325112867400, 1.000000000000000000, 0.9238795325112867400, 1.000000000000000000, 0.9238795325112867400, 1.000000000000000000, 0.9238795325112867400, 1.000000000000000000, 0.9238795325112867400, 1.000000000000000000, 0.9238795325112867400, 1.000000000000000000, 0.9238795325112867400, 1.000000000000000000, 0.9238795325112867400, 1.000000000000000000, 0.9238795325112867400, 1.000000000000000000, 0.9238795325112867400, 1.000000000000000000, 0.9238795325112867400, 1.000000000000000000 ) ) 
 REPRESENTATION_ITEM ( '' )  );
#5336 = CARTESIAN_POINT ( 'NONE',  ( -2.254250000000002100, 8.826500000000001100, 0.0000000000000000000 ) ) ;
#5337 = CARTESIAN_POINT ( 'NONE',  ( -2.413000000000002000, 8.915400000000000000, 0.0000000000000000000 ) ) ;
#5338 = CARTESIAN_POINT ( 'NONE',  ( 1.014969456279583500, 0.3406409295698490400, 1.833291371500866300 ) ) ;
#5339 = CARTESIAN_POINT ( 'NONE',  ( 1.258172578787925000, 0.3406409295698480900, 1.732269246576148000 ) ) ;
#5340 = CARTESIAN_POINT ( 'NONE',  ( 1.473271591282883800, 0.3406409295698251700, 1.588799193842668900 ) ) ;
#5341 = CARTESIAN_POINT ( 'NONE',  ( 2.412999999999998500, 4.445000000000001200, -2.954975131773396100E-016 ) ) ;
#5342 = CARTESIAN_POINT ( 'NONE',  ( 2.412999999999998900, 4.394200000000001400, -0.9994973260062783900 ) ) ;
#5343 = CARTESIAN_POINT ( 'NONE',  ( 1.706248663003137700, 4.343400000000000800, -1.706248663003139300 ) ) ;
#5344 = CARTESIAN_POINT ( 'NONE',  ( 0.9994973260062771600, 4.292600000000000200, -2.412999999999999800 ) ) ;
#5345 = CARTESIAN_POINT ( 'NONE',  ( -1.186655802917422000E-015, 4.241800000000000500, -2.412999999999999800 ) ) ;
#5346 = CARTESIAN_POINT ( 'NONE',  ( -0.9994973260062795000, 4.191000000000000700, -2.412999999999999800 ) ) ;
#5347 = CARTESIAN_POINT ( 'NONE',  ( -1.706248663003140400, 4.140200000000000100, -1.706248663003138800 ) ) ;
#5348 = CARTESIAN_POINT ( 'NONE',  ( -2.413000000000000700, 4.089400000000000400, -0.9994973260062781600 ) ) ;
#5349 = CARTESIAN_POINT ( 'NONE',  ( -2.413000000000000700, 4.038599999999999700, 0.0000000000000000000 ) ) ;
#5350 = CARTESIAN_POINT ( 'NONE',  ( -2.413000000000000300, 3.987799999999999600, 0.9994973260062799400 ) ) ;
#5351 = CARTESIAN_POINT ( 'NONE',  ( -1.706248663003139500, 3.937000000000000300, 1.706248663003139500 ) ) ;
#5352 = CARTESIAN_POINT ( 'NONE',  ( -0.9994973260062797200, 3.886200000000000100, 2.412999999999998900 ) ) ;
#5353 = CARTESIAN_POINT ( 'NONE',  ( -4.961247721240598500E-016, 3.835400000000000400, 2.412999999999999800 ) ) ;
#5354 = CARTESIAN_POINT ( 'NONE',  ( 0.9994973260062787200, 3.784600000000000200, 2.412999999999998900 ) ) ;
#5355 = CARTESIAN_POINT ( 'NONE',  ( 1.706248663003138600, 3.733800000000000900, 1.706248663003138800 ) ) ;
#5356 = CARTESIAN_POINT ( 'NONE',  ( 2.412999999999998900, 3.683000000000001200, 0.9994973260062779400 ) ) ;
#5357 = CARTESIAN_POINT ( 'NONE',  ( 2.412999999999998900, 3.632200000000001000, -2.954975131773396100E-016 ) ) ;
#5358 = CARTESIAN_POINT ( 'NONE',  ( 2.412999999999998900, 3.581400000000001200, -0.9994973260062783900 ) ) ;
#5359 = CARTESIAN_POINT ( 'NONE',  ( 1.706248663003137900, 3.530600000000001100, -1.706248663003139300 ) ) ;
#5360 = CARTESIAN_POINT ( 'NONE',  ( 0.9994973260062772800, 3.479800000000000900, -2.412999999999999800 ) ) ;
#5361 = CARTESIAN_POINT ( 'NONE',  ( -9.875837940400561400E-016, 3.429000000000000700, -2.412999999999999800 ) ) ;
#5362 = CARTESIAN_POINT ( 'NONE',  ( -0.9994973260062792700, 3.378200000000000500, -2.412999999999999800 ) ) ;
#5363 = CARTESIAN_POINT ( 'NONE',  ( -1.706248663003140200, 3.327399999999999900, -1.706248663003138800 ) ) ;
#5364 = CARTESIAN_POINT ( 'NONE',  ( -2.413000000000000700, 3.276600000000000600, -0.9994973260062781600 ) ) ;
#5365 = CARTESIAN_POINT ( 'NONE',  ( -2.413000000000000700, 3.225800000000000000, 0.0000000000000000000 ) ) ;
#5366 = CARTESIAN_POINT ( 'NONE',  ( -2.413000000000000300, 3.174999999999999800, 0.9994973260062799400 ) ) ;
#5367 = CARTESIAN_POINT ( 'NONE',  ( -1.706248663003139500, 3.124200000000000100, 1.706248663003139500 ) ) ;
#5368 = CARTESIAN_POINT ( 'NONE',  ( -0.9994973260062797200, 3.073399999999999900, 2.412999999999998900 ) ) ;
#5369 = CARTESIAN_POINT ( 'NONE',  ( -2.970527632466941800E-016, 3.022600000000000200, 2.412999999999999800 ) ) ;
#5370 = CARTESIAN_POINT ( 'NONE',  ( 0.9994973260062790500, 2.971800000000000400, 2.412999999999998900 ) ) ;
#5371 = CARTESIAN_POINT ( 'NONE',  ( 1.706248663003138800, 2.921000000000000700, 1.706248663003138800 ) ) ;
#5372 = CARTESIAN_POINT ( 'NONE',  ( 2.412999999999998900, 2.870200000000000500, 0.9994973260062779400 ) ) ;
#5373 = CARTESIAN_POINT ( 'NONE',  ( 2.412999999999998900, 2.819400000000000800, -2.954975131773396100E-016 ) ) ;
#5374 = CARTESIAN_POINT ( 'NONE',  ( 2.412999999999998900, 2.768600000000001100, -0.9994973260062783900 ) ) ;
#5375 = CARTESIAN_POINT ( 'NONE',  ( 1.706248663003138200, 2.717800000000000900, -1.706248663003139300 ) ) ;
#5376 = CARTESIAN_POINT ( 'NONE',  ( 0.9994973260062775000, 2.667000000000001100, -2.412999999999999800 ) ) ;
#5377 = CARTESIAN_POINT ( 'NONE',  ( -7.885117851626905700E-016, 2.616200000000000500, -2.412999999999999800 ) ) ;
#5378 = CARTESIAN_POINT ( 'NONE',  ( -0.9994973260062790500, 2.565400000000000800, -2.412999999999999800 ) ) ;
#5379 = CARTESIAN_POINT ( 'NONE',  ( -1.706248663003139900, 2.514600000000000200, -1.706248663003138800 ) ) ;
#5380 = CARTESIAN_POINT ( 'NONE',  ( -2.413000000000000300, 2.463800000000000000, -0.9994973260062781600 ) ) ;
#5381 = CARTESIAN_POINT ( 'NONE',  ( -2.413000000000000300, 2.413000000000000300, 0.0000000000000000000 ) ) ;
#5382 = CARTESIAN_POINT ( 'NONE',  ( -2.412999999999999800, 2.362200000000000100, 0.9994973260062799400 ) ) ;
#5383 = CARTESIAN_POINT ( 'NONE',  ( -1.706248663003139300, 2.311399999999999900, 1.706248663003139500 ) ) ;
#5384 = CARTESIAN_POINT ( 'NONE',  ( -0.9994973260062795000, 2.260600000000000200, 2.412999999999998900 ) ) ;
#5385 = CARTESIAN_POINT ( 'NONE',  ( -9.798075436932859900E-017, 2.209800000000000400, 2.412999999999999800 ) ) ;
#5386 = CARTESIAN_POINT ( 'NONE',  ( 0.9994973260062792700, 2.159000000000000300, 2.412999999999998900 ) ) ;
#5387 = CARTESIAN_POINT ( 'NONE',  ( 1.706248663003139000, 2.108200000000001000, 1.706248663003138800 ) ) ;
#5388 = CARTESIAN_POINT ( 'NONE',  ( 2.412999999999998900, 2.057400000000000800, 0.9994973260062779400 ) ) ;
#5389 = CARTESIAN_POINT ( 'NONE',  ( 2.412999999999999400, 2.006600000000000600, -2.954975131773396100E-016 ) ) ;
#5390 = CARTESIAN_POINT ( 'NONE',  ( 2.412999999999998900, 1.955800000000001100, -0.9994973260062783900 ) ) ;
#5391 = CARTESIAN_POINT ( 'NONE',  ( -2.413000000000002000, 8.966200000000000600, 0.0000000000000000000 ) ) ;
#5392 =( BOUNDED_SURFACE ( )  B_SPLINE_SURFACE ( 1, 2, ( 
 ( #4922, #4921, #4920, #5547, #5546, #5545, #5544, #5543, #5542, #5541, #5540, #5539, #5538, #5537, #5536, #5535, #5534, #5533, #5532, #5531, #5530, #5529, #5528, #5527, #5526, #5525, #5524, #5523, #5522, #5521, #5520, #5519, #5518, #5517, #5516, #5515, #5514, #5513, #5512, #5511, #5510, #5509, #5508, #5507, #5506, #5505, #5504, #5503, #5502, #5501, #5500, #5499, #5498, #5497, #5598, #5597, #5596, #5595, #5594, #5593, #5592, #5591, #5590, #5589, #5588, #5587, #5586, #5585, #5584, #5583, #5582, #5581, #5580, #5579, #5578, #5577, #5576, #5575, #5574, #5573, #5572, #5571, #5570, #5569, #5568, #5567, #5566, #5565, #5564, #5563, #5562, #5561, #5560, #5559, #5558, #5557, #5556, #5555, #5554, #5553, #5552, #5551, #5550, #5549, #5548, #5649, #5648, #5647, #5646, #5645, #5644, #5643, #5642, #5641, #5640, #5639, #5638, #5637, #5636, #5635, #5634, #5633, #5632, #5631, #5630, #5629, #5628, #5627, #5626, #5625, #5624, #5623, #5622, #5621, #5620, #5619, #5618, #5617, #5616, #5615, #5614, #5613, #5612, #5611, #5610, #5609, #5608, #5607, #5606, #5605, #5604, #5603, #5602, #5601, #5600, #5599, #5696, #5695, #5694, #5693, #5692, #5691, #5690, #5689, #5688, #5687, #5686, #5685, #5684, #5683, #5682, #5681, #5680, #5679, #5678, #5677, #5676 ),
 ( #5675, #5674, #5673, #5672, #5671, #5670, #5669, #5668, #5667, #5666, #5665, #5664, #5663, #5662, #5661, #5660, #5659, #5658, #5657, #5656, #5655, #5654, #5653, #5652, #5651, #5650, #5747, #5746, #5745, #5744, #5743, #5742, #5741, #5740, #5739, #5738, #5737, #5736, #5735, #5734, #5733, #5732, #5731, #5730, #5729, #5728, #5727, #5726, #5725, #5724, #5723, #5722, #5721, #5720, #5719, #5718, #5717, #5716, #5715, #5714, #5713, #5712, #5711, #5710, #5709, #5708, #5707, #5706, #5705, #5704, #5703, #5702, #5701, #5700, #5699, #5698, #5697, #5798, #5797, #5796, #5795, #5794, #5793, #5792, #5791, #5790, #5789, #5788, #5787, #5786, #5785, #5784, #5783, #5782, #5781, #5780, #5779, #5778, #5777, #5776, #5775, #5774, #5773, #5772, #5771, #5770, #5769, #5768, #5767, #5766, #5765, #5764, #5763, #5762, #5761, #5760, #5759, #5758, #5757, #5756, #5755, #5754, #5753, #5752, #5751, #5750, #5749, #5748, #5847, #5846, #5845, #5844, #5843, #5842, #5841, #5840, #5839, #5838, #5837, #5836, #5835, #5834, #5833, #5832, #5831, #5830, #5829, #5828, #5827, #5826, #5825, #5824, #5823, #5822, #5821, #5820, #5819, #5818, #5817, #5816, #5815, #5814, #5813, #5812, #5811, #5810, #5809, #5808, #5807, #5806, #5805, #5804, #5803, #5802, #5801, #5800, #5799 ) ),
 .UNSPECIFIED., .F., .F., .T. ) 
 B_SPLINE_SURFACE_WITH_KNOTS ( ( 2, 2 ),
 ( 3, 2, 2, 2, 2, 2, 2, 2, 2, 2, 2, 2, 2, 2, 2, 2, 2, 2, 2, 2, 2, 2, 2, 2, 2, 2, 2, 2, 2, 2, 2, 2, 2, 2, 2, 2, 2, 2, 2, 2, 2, 2, 2, 2, 2, 2, 2, 2, 2, 2, 2, 2, 2, 2, 2, 2, 2, 2, 2, 2, 2, 2, 2, 2, 2, 2, 2, 2, 2, 2, 2, 2, 2, 2, 2, 2, 2, 2, 2, 2, 2, 2, 2, 2, 2, 2, 2, 2, 3 ),
 ( 0.9571303920974294500, 1.000000000000000000 ),
 ( 0.0000000000000000000, 0.01136363636363636400, 0.02272727272727272800, 0.03409090909090908800, 0.04545454545454545600, 0.05681818181818182300, 0.06818181818181817700, 0.07954545454545454400, 0.09090909090909091200, 0.1022727272727272800, 0.1136363636363636500, 0.1250000000000000000, 0.1363636363636363500, 0.1477272727272727300, 0.1590909090909090900, 0.1704545454545454700, 0.1818181818181818200, 0.1931818181818181800, 0.2045454545454545600, 0.2159090909090909100, 0.2272727272727272900, 0.2386363636363636500, 0.2500000000000000000, 0.2613636363636363500, 0.2727272727272727100, 0.2840909090909091200, 0.2954545454545454700, 0.3068181818181818200, 0.3181818181818181800, 0.3295454545454545300, 0.3409090909090909400, 0.3522727272727272900, 0.3636363636363636500, 0.3750000000000000000, 0.3863636363636363500, 0.3977272727272727600, 0.4090909090909091200, 0.4204545454545454700, 0.4318181818181818200, 0.4431818181818181800, 0.4545454545454545900, 0.4659090909090909400, 0.4772727272727272900, 0.4886363636363636500, 0.5000000000000000000, 0.5113636363636363500, 0.5227272727272727100, 0.5340909090909090600, 0.5454545454545454100, 0.5568181818181818800, 0.5681818181818182300, 0.5795454545454545900, 0.5909090909090909400, 0.6022727272727272900, 0.6136363636363636500, 0.6250000000000000000, 0.6363636363636363500, 0.6477272727272727100, 0.6590909090909090600, 0.6704545454545455300, 0.6818181818181818800, 0.6931818181818182300, 0.7045454545454545900, 0.7159090909090909400, 0.7272727272727272900, 0.7386363636363636500, 0.7500000000000000000, 0.7613636363636363500, 0.7727272727272727100, 0.7840909090909090600, 0.7954545454545455300, 0.8068181818181818800, 0.8181818181818182300, 0.8295454545454545900, 0.8409090909090909400, 0.8522727272727272900, 0.8636363636363636500, 0.8750000000000000000, 0.8863636363636363500, 0.8977272727272727100, 0.9090909090909091700, 0.9204545454545455300, 0.9318181818181818800, 0.9431818181818182300, 0.9545454545454545900, 0.9659090909090909400, 0.9772727272727272900, 0.9886363636363636500, 1.000000000000000000 ),
 .UNSPECIFIED. ) 
 GEOMETRIC_REPRESENTATION_ITEM ( )  RATIONAL_B_SPLINE_SURFACE ( (
 ( 1.000000000000000000, 0.9238795325112867400, 1.000000000000000000, 0.9238795325112867400, 1.000000000000000000, 0.9238795325112867400, 1.000000000000000000, 0.9238795325112867400, 1.000000000000000000, 0.9238795325112867400, 1.000000000000000000, 0.9238795325112867400, 1.000000000000000000, 0.9238795325112867400, 1.000000000000000000, 0.9238795325112867400, 1.000000000000000000, 0.9238795325112867400, 1.000000000000000000, 0.9238795325112867400, 1.000000000000000000, 0.9238795325112867400, 1.000000000000000000, 0.9238795325112867400, 1.000000000000000000, 0.9238795325112867400, 1.000000000000000000, 0.9238795325112867400, 1.000000000000000000, 0.9238795325112867400, 1.000000000000000000, 0.9238795325112867400, 1.000000000000000000, 0.9238795325112867400, 1.000000000000000000, 0.9238795325112867400, 1.000000000000000000, 0.9238795325112867400, 1.000000000000000000, 0.9238795325112867400, 1.000000000000000000, 0.9238795325112867400, 1.000000000000000000, 0.9238795325112867400, 1.000000000000000000, 0.9238795325112867400, 1.000000000000000000, 0.9238795325112867400, 1.000000000000000000, 0.9238795325112867400, 1.000000000000000000, 0.9238795325112867400, 1.000000000000000000, 0.9238795325112867400, 1.000000000000000000, 0.9238795325112867400, 1.000000000000000000, 0.9238795325112867400, 1.000000000000000000, 0.9238795325112867400, 1.000000000000000000, 0.9238795325112867400, 1.000000000000000000, 0.9238795325112867400, 1.000000000000000000, 0.9238795325112867400, 1.000000000000000000, 0.9238795325112867400, 1.000000000000000000, 0.9238795325112867400, 1.000000000000000000, 0.9238795325112867400, 1.000000000000000000, 0.9238795325112867400, 1.000000000000000000, 0.9238795325112867400, 1.000000000000000000, 0.9238795325112867400, 1.000000000000000000, 0.9238795325112867400, 1.000000000000000000, 0.9238795325112867400, 1.000000000000000000, 0.9238795325112867400, 1.000000000000000000, 0.9238795325112867400, 1.000000000000000000, 0.9238795325112867400, 1.000000000000000000, 0.9238795325112867400, 1.000000000000000000, 0.9238795325112867400, 1.000000000000000000, 0.9238795325112867400, 1.000000000000000000, 0.9238795325112867400, 1.000000000000000000, 0.9238795325112867400, 1.000000000000000000, 0.9238795325112867400, 1.000000000000000000, 0.9238795325112867400, 1.000000000000000000, 0.9238795325112867400, 1.000000000000000000, 0.9238795325112867400, 1.000000000000000000, 0.9238795325112867400, 1.000000000000000000, 0.9238795325112867400, 1.000000000000000000, 0.9238795325112867400, 1.000000000000000000, 0.9238795325112867400, 1.000000000000000000, 0.9238795325112867400, 1.000000000000000000, 0.9238795325112867400, 1.000000000000000000, 0.9238795325112867400, 1.000000000000000000, 0.9238795325112867400, 1.000000000000000000, 0.9238795325112867400, 1.000000000000000000, 0.9238795325112867400, 1.000000000000000000, 0.9238795325112867400, 1.000000000000000000, 0.9238795325112867400, 1.000000000000000000, 0.9238795325112867400, 1.000000000000000000, 0.9238795325112867400, 1.000000000000000000, 0.9238795325112867400, 1.000000000000000000, 0.9238795325112867400, 1.000000000000000000, 0.9238795325112867400, 1.000000000000000000, 0.9238795325112867400, 1.000000000000000000, 0.9238795325112867400, 1.000000000000000000, 0.9238795325112867400, 1.000000000000000000, 0.9238795325112867400, 1.000000000000000000, 0.9238795325112867400, 1.000000000000000000, 0.9238795325112867400, 1.000000000000000000, 0.9238795325112867400, 1.000000000000000000, 0.9238795325112867400, 1.000000000000000000, 0.9238795325112867400, 1.000000000000000000, 0.9238795325112867400, 1.000000000000000000, 0.9238795325112867400, 1.000000000000000000, 0.9238795325112867400, 1.000000000000000000, 0.9238795325112867400, 1.000000000000000000, 0.9238795325112867400, 1.000000000000000000, 0.9238795325112867400, 1.000000000000000000, 0.9238795325112867400, 1.000000000000000000, 0.9238795325112867400, 1.000000000000000000, 0.9238795325112867400, 1.000000000000000000),
 ( 1.000000000000000000, 0.9238795325112867400, 1.000000000000000000, 0.9238795325112867400, 1.000000000000000000, 0.9238795325112867400, 1.000000000000000000, 0.9238795325112867400, 1.000000000000000000, 0.9238795325112867400, 1.000000000000000000, 0.9238795325112867400, 1.000000000000000000, 0.9238795325112867400, 1.000000000000000000, 0.9238795325112867400, 1.000000000000000000, 0.9238795325112867400, 1.000000000000000000, 0.9238795325112867400, 1.000000000000000000, 0.9238795325112867400, 1.000000000000000000, 0.9238795325112867400, 1.000000000000000000, 0.9238795325112867400, 1.000000000000000000, 0.9238795325112867400, 1.000000000000000000, 0.9238795325112867400, 1.000000000000000000, 0.9238795325112867400, 1.000000000000000000, 0.9238795325112867400, 1.000000000000000000, 0.9238795325112867400, 1.000000000000000000, 0.9238795325112867400, 1.000000000000000000, 0.9238795325112867400, 1.000000000000000000, 0.9238795325112867400, 1.000000000000000000, 0.9238795325112867400, 1.000000000000000000, 0.9238795325112867400, 1.000000000000000000, 0.9238795325112867400, 1.000000000000000000, 0.9238795325112867400, 1.000000000000000000, 0.9238795325112867400, 1.000000000000000000, 0.9238795325112867400, 1.000000000000000000, 0.9238795325112867400, 1.000000000000000000, 0.9238795325112867400, 1.000000000000000000, 0.9238795325112867400, 1.000000000000000000, 0.9238795325112867400, 1.000000000000000000, 0.9238795325112867400, 1.000000000000000000, 0.9238795325112867400, 1.000000000000000000, 0.9238795325112867400, 1.000000000000000000, 0.9238795325112867400, 1.000000000000000000, 0.9238795325112867400, 1.000000000000000000, 0.9238795325112867400, 1.000000000000000000, 0.9238795325112867400, 1.000000000000000000, 0.9238795325112867400, 1.000000000000000000, 0.9238795325112867400, 1.000000000000000000, 0.9238795325112867400, 1.000000000000000000, 0.9238795325112867400, 1.000000000000000000, 0.9238795325112867400, 1.000000000000000000, 0.9238795325112867400, 1.000000000000000000, 0.9238795325112867400, 1.000000000000000000, 0.9238795325112867400, 1.000000000000000000, 0.9238795325112867400, 1.000000000000000000, 0.9238795325112867400, 1.000000000000000000, 0.9238795325112867400, 1.000000000000000000, 0.9238795325112867400, 1.000000000000000000, 0.9238795325112867400, 1.000000000000000000, 0.9238795325112867400, 1.000000000000000000, 0.9238795325112867400, 1.000000000000000000, 0.9238795325112867400, 1.000000000000000000, 0.9238795325112867400, 1.000000000000000000, 0.9238795325112867400, 1.000000000000000000, 0.9238795325112867400, 1.000000000000000000, 0.9238795325112867400, 1.000000000000000000, 0.9238795325112867400, 1.000000000000000000, 0.9238795325112867400, 1.000000000000000000, 0.9238795325112867400, 1.000000000000000000, 0.9238795325112867400, 1.000000000000000000, 0.9238795325112867400, 1.000000000000000000, 0.9238795325112867400, 1.000000000000000000, 0.9238795325112867400, 1.000000000000000000, 0.9238795325112867400, 1.000000000000000000, 0.9238795325112867400, 1.000000000000000000, 0.9238795325112867400, 1.000000000000000000, 0.9238795325112867400, 1.000000000000000000, 0.9238795325112867400, 1.000000000000000000, 0.9238795325112867400, 1.000000000000000000, 0.9238795325112867400, 1.000000000000000000, 0.9238795325112867400, 1.000000000000000000, 0.9238795325112867400, 1.000000000000000000, 0.9238795325112867400, 1.000000000000000000, 0.9238795325112867400, 1.000000000000000000, 0.9238795325112867400, 1.000000000000000000, 0.9238795325112867400, 1.000000000000000000, 0.9238795325112867400, 1.000000000000000000, 0.9238795325112867400, 1.000000000000000000, 0.9238795325112867400, 1.000000000000000000, 0.9238795325112867400, 1.000000000000000000, 0.9238795325112867400, 1.000000000000000000, 0.9238795325112867400, 1.000000000000000000, 0.9238795325112867400, 1.000000000000000000, 0.9238795325112867400, 1.000000000000000000, 0.9238795325112867400, 1.000000000000000000, 0.9238795325112867400, 1.000000000000000000) ) ) 
 REPRESENTATION_ITEM ( '' )  SURFACE ( )  );
#5393 = VECTOR ( 'NONE', #5394, 999.9999999999998900 ) ;
#5394 = DIRECTION ( 'NONE',  ( -0.8725060159497192200, -0.4886033689318448100, 0.0000000000000000000 ) ) ;
#5395 = DIRECTION ( 'NONE',  ( 1.000000000000000000, 2.449212707644755000E-016, 0.0000000000000000000 ) ) ;
#5396 = DIRECTION ( 'NONE',  ( 2.449212707644754500E-016, -1.000000000000000000, -0.0000000000000000000 ) ) ;
#5397 = AXIS2_PLACEMENT_3D ( 'NONE', #5399, #5396, #5395 ) ;
#5398 = FACE_OUTER_BOUND ( 'NONE', #1495, .T. ) ;
#5399 = CARTESIAN_POINT ( 'NONE',  ( 0.0000000000000000000, 0.0000000000000000000, 0.0000000000000000000 ) ) ;
#5400 = CYLINDRICAL_SURFACE ( 'NONE', #5397, 2.095500000000000800 ) ;
#5401 = FACE_OUTER_BOUND ( 'NONE', #1383, .T. ) ;
#5402 = DIRECTION ( 'NONE',  ( 1.000000000000000000, 4.224508256896882100E-016, 0.0000000000000000000 ) ) ;
#5403 = DIRECTION ( 'NONE',  ( 2.449212707644754500E-016, -1.000000000000000000, -0.0000000000000000000 ) ) ;
#5404 = CARTESIAN_POINT ( 'NONE',  ( -2.807727518500942600E-015, 11.46379614043791200, 0.0000000000000000000 ) ) ;
#5405 = AXIS2_PLACEMENT_3D ( 'NONE', #5404, #5403, #5402 ) ;
#5406 = CIRCLE ( 'NONE', #5405, 4.106332312511682400 ) ;
#5407 = DIRECTION ( 'NONE',  ( 0.8725060159497192200, -0.4886033689318448100, 0.0000000000000000000 ) ) ;
#5408 = VECTOR ( 'NONE', #5407, 999.9999999999998900 ) ;
#5409 = CARTESIAN_POINT ( 'NONE',  ( 1.706248663003137700, 6.985000000000000300, 1.706248663003138800 ) ) ;
#5410 = CARTESIAN_POINT ( 'NONE',  ( 2.412999999999998900, 6.934200000000001500, 0.9994973260062779400 ) ) ;
#5411 = CARTESIAN_POINT ( 'NONE',  ( 2.412999999999998000, 6.883400000000001700, -2.954975131773396100E-016 ) ) ;
#5412 = CARTESIAN_POINT ( 'NONE',  ( 2.412999999999998900, 6.832600000000002000, -0.9994973260062783900 ) ) ;
#5413 = CARTESIAN_POINT ( 'NONE',  ( 1.706248663003137000, 6.781800000000001400, -1.706248663003139300 ) ) ;
#5414 = CARTESIAN_POINT ( 'NONE',  ( 0.9994973260062765000, 6.731000000000002500, -2.412999999999999800 ) ) ;
#5415 = CARTESIAN_POINT ( 'NONE',  ( -1.783871829549518600E-015, 6.680200000000000100, -2.412999999999999800 ) ) ;
#5416 = CARTESIAN_POINT ( 'NONE',  ( -0.9994973260062801600, 6.629400000000000400, -2.412999999999999800 ) ) ;
#5417 = CARTESIAN_POINT ( 'NONE',  ( -1.706248663003140800, 6.578600000000000700, -1.706248663003138800 ) ) ;
#5418 = CARTESIAN_POINT ( 'NONE',  ( -2.413000000000001600, 6.527800000000000900, -0.9994973260062781600 ) ) ;
#5419 = CARTESIAN_POINT ( 'NONE',  ( -2.413000000000001600, 6.477000000000000300, 0.0000000000000000000 ) ) ;
#5420 = CARTESIAN_POINT ( 'NONE',  ( -2.413000000000001100, 6.426199999999998800, 0.9994973260062799400 ) ) ;
#5421 = CARTESIAN_POINT ( 'NONE',  ( -1.706248663003140200, 6.375400000000000000, 1.706248663003139500 ) ) ;
#5422 = CARTESIAN_POINT ( 'NONE',  ( -0.9994973260062803800, 6.324599999999999300, 2.412999999999998900 ) ) ;
#5423 = CARTESIAN_POINT ( 'NONE',  ( -1.093340798756157000E-015, 6.273800000000000500, 2.412999999999999800 ) ) ;
#5424 = CARTESIAN_POINT ( 'NONE',  ( 0.9994973260062781600, 6.223000000000000800, 2.412999999999998900 ) ) ;
#5425 = CARTESIAN_POINT ( 'NONE',  ( 1.706248663003137900, 6.172200000000001000, 1.706248663003138800 ) ) ;
#5426 = CARTESIAN_POINT ( 'NONE',  ( 2.412999999999998900, 6.121400000000000400, 0.9994973260062779400 ) ) ;
#5427 = CARTESIAN_POINT ( 'NONE',  ( 2.412999999999998500, 6.070600000000000700, -2.954975131773396100E-016 ) ) ;
#5428 = CARTESIAN_POINT ( 'NONE',  ( 2.412999999999998900, 6.019800000000000900, -0.9994973260062783900 ) ) ;
#5429 = CARTESIAN_POINT ( 'NONE',  ( 1.706248663003137300, 5.969000000000001200, -1.706248663003139300 ) ) ;
#5430 = CARTESIAN_POINT ( 'NONE',  ( 0.9994973260062767200, 5.918200000000001500, -2.412999999999999800 ) ) ;
#5431 = CARTESIAN_POINT ( 'NONE',  ( -1.584799820672153300E-015, 5.867399999999999900, -2.412999999999999800 ) ) ;
#5432 = CARTESIAN_POINT ( 'NONE',  ( -0.9994973260062799400, 5.816600000000000200, -2.412999999999999800 ) ) ;
#5433 = CARTESIAN_POINT ( 'NONE',  ( -1.706248663003140800, 5.765799999999999600, -1.706248663003138800 ) ) ;
#5434 = CARTESIAN_POINT ( 'NONE',  ( -2.413000000000001100, 5.715000000000000700, -0.9994973260062781600 ) ) ;
#5435 = CARTESIAN_POINT ( 'NONE',  ( -2.413000000000001100, 5.664200000000000100, 0.0000000000000000000 ) ) ;
#5436 = CARTESIAN_POINT ( 'NONE',  ( -2.413000000000000700, 5.613400000000000400, 0.9994973260062799400 ) ) ;
#5437 = CARTESIAN_POINT ( 'NONE',  ( -1.706248663003139900, 5.562599999999999800, 1.706248663003139500 ) ) ;
#5438 = CARTESIAN_POINT ( 'NONE',  ( -0.9994973260062801600, 5.511800000000000000, 2.412999999999998900 ) ) ;
#5439 = CARTESIAN_POINT ( 'NONE',  ( -8.942687898787911800E-016, 5.460999999999999400, 2.412999999999999800 ) ) ;
#5440 = CARTESIAN_POINT ( 'NONE',  ( 0.9994973260062783900, 5.410200000000002300, 2.412999999999998900 ) ) ;
#5441 = CARTESIAN_POINT ( 'NONE',  ( 1.706248663003138200, 5.359400000000000800, 1.706248663003138800 ) ) ;
#5442 = CARTESIAN_POINT ( 'NONE',  ( 2.412999999999998900, 5.308600000000002900, 0.9994973260062779400 ) ) ;
#5443 = CARTESIAN_POINT ( 'NONE',  ( 2.412999999999998500, 5.257800000000000500, -2.954975131773396100E-016 ) ) ;
#5444 = CARTESIAN_POINT ( 'NONE',  ( 2.412999999999998900, 5.207000000000000700, -0.9994973260062783900 ) ) ;
#5445 = CARTESIAN_POINT ( 'NONE',  ( 1.706248663003137500, 5.156200000000000100, -1.706248663003139300 ) ) ;
#5446 = CARTESIAN_POINT ( 'NONE',  ( 0.9994973260062769400, 5.105400000000001300, -2.412999999999999800 ) ) ;
#5447 = CARTESIAN_POINT ( 'NONE',  ( -1.385727811794787500E-015, 5.054600000000000600, -2.412999999999999800 ) ) ;
#5448 = CARTESIAN_POINT ( 'NONE',  ( -0.9994973260062797200, 5.003799999999999100, -2.412999999999999800 ) ) ;
#5449 = CARTESIAN_POINT ( 'NONE',  ( -1.706248663003140600, 4.953000000000000300, -1.706248663003138800 ) ) ;
#5450 = CARTESIAN_POINT ( 'NONE',  ( -2.413000000000001100, 4.902199999999999700, -0.9994973260062781600 ) ) ;
#5451 = CARTESIAN_POINT ( 'NONE',  ( -2.413000000000001100, 4.851400000000000800, 0.0000000000000000000 ) ) ;
#5452 = CARTESIAN_POINT ( 'NONE',  ( -2.413000000000000700, 4.800600000000000200, 0.9994973260062799400 ) ) ;
#5453 = CARTESIAN_POINT ( 'NONE',  ( -1.706248663003139700, 4.749800000000000500, 1.706248663003139500 ) ) ;
#5454 = CARTESIAN_POINT ( 'NONE',  ( -0.9994973260062799400, 4.698999999999999800, 2.412999999999998900 ) ) ;
#5455 = CARTESIAN_POINT ( 'NONE',  ( -6.951967810014255100E-016, 4.648200000000000100, 2.412999999999999800 ) ) ;
#5456 = CARTESIAN_POINT ( 'NONE',  ( 0.9994973260062786100, 4.597400000000000400, 2.412999999999998900 ) ) ;
#5457 = CARTESIAN_POINT ( 'NONE',  ( 1.706248663003138400, 4.546600000000001500, 1.706248663003138800 ) ) ;
#5458 = CARTESIAN_POINT ( 'NONE',  ( 2.412999999999998900, 4.495800000000000900, 0.9994973260062779400 ) ) ;
#5459 = CARTESIAN_POINT ( 'NONE',  ( -2.413000000000002000, 8.915400000000000000, 0.0000000000000000000 ) ) ;
#5460 = CARTESIAN_POINT ( 'NONE',  ( -2.413000000000001600, 8.864600000000001100, 0.9994973260062799400 ) ) ;
#5461 = CARTESIAN_POINT ( 'NONE',  ( -1.706248663003140800, 8.813800000000000500, 1.706248663003139500 ) ) ;
#5462 = CARTESIAN_POINT ( 'NONE',  ( -0.9994973260062810500, 8.762999999999999900, 2.412999999999998900 ) ) ;
#5463 = CARTESIAN_POINT ( 'NONE',  ( -1.690556825388253700E-015, 8.712199999999999300, 2.412999999999999800 ) ) ;
#5464 = CARTESIAN_POINT ( 'NONE',  ( 0.9994973260062775000, 8.661400000000002200, 2.412999999999998900 ) ) ;
#5465 = CARTESIAN_POINT ( 'NONE',  ( 1.706248663003137300, 8.610599999999999800, 1.706248663003138800 ) ) ;
#5466 = CARTESIAN_POINT ( 'NONE',  ( 2.412999999999997600, 8.559800000000001000, 0.9994973260062779400 ) ) ;
#5467 = CARTESIAN_POINT ( 'NONE',  ( 2.412999999999997600, 8.509000000000002100, -2.954975131773396100E-016 ) ) ;
#5468 = CARTESIAN_POINT ( 'NONE',  ( 2.412999999999997600, 8.458200000000003300, -0.9994973260062783900 ) ) ;
#5469 = CARTESIAN_POINT ( 'NONE',  ( 1.706248663003136600, 8.407400000000000900, -1.706248663003139300 ) ) ;
#5470 = CARTESIAN_POINT ( 'NONE',  ( 0.9994973260062762800, 8.356600000000000300, -2.412999999999999800 ) ) ;
#5471 = CARTESIAN_POINT ( 'NONE',  ( -2.182015847304249900E-015, 8.305799999999999600, -2.412999999999999800 ) ) ;
#5472 = CARTESIAN_POINT ( 'NONE',  ( -0.9994973260062803800, 8.255000000000000800, -2.412999999999999800 ) ) ;
#5473 = CARTESIAN_POINT ( 'NONE',  ( -1.706248663003141300, 8.204200000000000200, -1.706248663003138800 ) ) ;
#5474 = CARTESIAN_POINT ( 'NONE',  ( -2.413000000000002000, 8.153399999999999500, -0.9994973260062781600 ) ) ;
#5475 = CARTESIAN_POINT ( 'NONE',  ( -2.413000000000002000, 8.102599999999998900, 0.0000000000000000000 ) ) ;
#5476 = CARTESIAN_POINT ( 'NONE',  ( -2.413000000000001600, 8.051800000000000100, 0.9994973260062799400 ) ) ;
#5477 = CARTESIAN_POINT ( 'NONE',  ( -1.706248663003140600, 8.000999999999999400, 1.706248663003139500 ) ) ;
#5478 = CARTESIAN_POINT ( 'NONE',  ( -0.9994973260062808300, 7.950200000000000600, 2.412999999999998900 ) ) ;
#5479 = CARTESIAN_POINT ( 'NONE',  ( -1.491484816510888200E-015, 7.899400000000000900, 2.412999999999999800 ) ) ;
#5480 = CARTESIAN_POINT ( 'NONE',  ( 0.9994973260062777200, 7.848600000000001100, 2.412999999999998900 ) ) ;
#5481 = CARTESIAN_POINT ( 'NONE',  ( 1.706248663003137500, 7.797800000000001400, 1.706248663003138800 ) ) ;
#5482 = CARTESIAN_POINT ( 'NONE',  ( 2.412999999999998900, 7.747000000000001700, 0.9994973260062779400 ) ) ;
#5483 = CARTESIAN_POINT ( 'NONE',  ( 2.412999999999998000, 7.696200000000001000, -2.954975131773396100E-016 ) ) ;
#5484 = CARTESIAN_POINT ( 'NONE',  ( 2.412999999999998900, 7.645400000000001300, -0.9994973260062783900 ) ) ;
#5485 = CARTESIAN_POINT ( 'NONE',  ( 1.706248663003136800, 7.594600000000000700, -1.706248663003139300 ) ) ;
#5486 = CARTESIAN_POINT ( 'NONE',  ( 0.9994973260062762800, 7.543800000000000900, -2.412999999999999800 ) ) ;
#5487 = CARTESIAN_POINT ( 'NONE',  ( -1.982943838426884700E-015, 7.493000000000000300, -2.412999999999999800 ) ) ;
#5488 = CARTESIAN_POINT ( 'NONE',  ( -0.9994973260062801600, 7.442200000000000600, -2.412999999999999800 ) ) ;
#5489 = CARTESIAN_POINT ( 'NONE',  ( -1.706248663003141000, 7.391400000000000000, -1.706248663003138800 ) ) ;
#5490 = CARTESIAN_POINT ( 'NONE',  ( -2.413000000000001600, 7.340599999999999300, -0.9994973260062781600 ) ) ;
#5491 = CARTESIAN_POINT ( 'NONE',  ( -2.413000000000001600, 7.289799999999999600, 0.0000000000000000000 ) ) ;
#5492 = CARTESIAN_POINT ( 'NONE',  ( -2.413000000000001100, 7.238999999999999900, 0.9994973260062799400 ) ) ;
#5493 = CARTESIAN_POINT ( 'NONE',  ( -1.706248663003140400, 7.188200000000000100, 1.706248663003139500 ) ) ;
#5494 = CARTESIAN_POINT ( 'NONE',  ( -0.9994973260062806100, 7.137400000000000400, 2.412999999999998900 ) ) ;
#5495 = CARTESIAN_POINT ( 'NONE',  ( -1.292412807633522500E-015, 7.086599999999999800, 2.412999999999999800 ) ) ;
#5496 = CARTESIAN_POINT ( 'NONE',  ( 0.9994973260062779400, 7.035800000000000900, 2.412999999999998900 ) ) ;
#5497 = CARTESIAN_POINT ( 'NONE',  ( 0.9994973260062776100, 2.717800000000001300, -2.412999999999999800 ) ) ;
#5498 = CARTESIAN_POINT ( 'NONE',  ( -8.009537857175258300E-016, 2.667000000000000700, -2.412999999999999800 ) ) ;
#5499 = CARTESIAN_POINT ( 'NONE',  ( -0.9994973260062791600, 2.616200000000000500, -2.412999999999999800 ) ) ;
#5500 = CARTESIAN_POINT ( 'NONE',  ( -1.706248663003139900, 2.565400000000000300, -1.706248663003138800 ) ) ;
#5501 = CARTESIAN_POINT ( 'NONE',  ( -2.413000000000000300, 2.514600000000000200, -0.9994973260062781600 ) ) ;
#5502 = CARTESIAN_POINT ( 'NONE',  ( -2.413000000000000300, 2.463800000000000000, 0.0000000000000000000 ) ) ;
#5503 = CARTESIAN_POINT ( 'NONE',  ( -2.412999999999999800, 2.412999999999999800, 0.9994973260062799400 ) ) ;
#5504 = CARTESIAN_POINT ( 'NONE',  ( -1.706248663003139300, 2.362200000000000100, 1.706248663003139500 ) ) ;
#5505 = CARTESIAN_POINT ( 'NONE',  ( -0.9994973260062795000, 2.311400000000000300, 2.412999999999999400 ) ) ;
#5506 = CARTESIAN_POINT ( 'NONE',  ( -1.104227549241639200E-016, 2.260600000000000600, 2.412999999999999800 ) ) ;
#5507 = CARTESIAN_POINT ( 'NONE',  ( 0.9994973260062793900, 2.209800000000000400, 2.412999999999999400 ) ) ;
#5508 = CARTESIAN_POINT ( 'NONE',  ( 1.706248663003139000, 2.159000000000000700, 1.706248663003138800 ) ) ;
#5509 = CARTESIAN_POINT ( 'NONE',  ( 2.412999999999999400, 2.108200000000001000, 0.9994973260062779400 ) ) ;
#5510 = CARTESIAN_POINT ( 'NONE',  ( 2.412999999999999400, 2.057400000000000800, -2.954975131773396100E-016 ) ) ;
#5511 = CARTESIAN_POINT ( 'NONE',  ( 2.412999999999999400, 2.006600000000001000, -0.9994973260062783900 ) ) ;
#5512 = CARTESIAN_POINT ( 'NONE',  ( 1.706248663003138400, 1.955800000000000600, -1.706248663003139300 ) ) ;
#5513 = CARTESIAN_POINT ( 'NONE',  ( 0.9994973260062778300, 1.905000000000000700, -2.412999999999999800 ) ) ;
#5514 = CARTESIAN_POINT ( 'NONE',  ( -6.018817768401601600E-016, 1.854200000000000300, -2.412999999999999800 ) ) ;
#5515 = CARTESIAN_POINT ( 'NONE',  ( -0.9994973260062789400, 1.803400000000000100, -2.412999999999999800 ) ) ;
#5516 = CARTESIAN_POINT ( 'NONE',  ( -1.706248663003139700, 1.752599999999999900, -1.706248663003138800 ) ) ;
#5517 = CARTESIAN_POINT ( 'NONE',  ( -2.413000000000000300, 1.701799999999999500, -0.9994973260062781600 ) ) ;
#5518 = CARTESIAN_POINT ( 'NONE',  ( -2.413000000000000300, 1.650999999999999800, 0.0000000000000000000 ) ) ;
#5519 = CARTESIAN_POINT ( 'NONE',  ( -2.412999999999999800, 1.600199999999999800, 0.9994973260062799400 ) ) ;
#5520 = CARTESIAN_POINT ( 'NONE',  ( -1.706248663003139000, 1.549399999999999900, 1.706248663003139500 ) ) ;
#5521 = CARTESIAN_POINT ( 'NONE',  ( -0.9994973260062793900, 1.498600000000000200, 2.412999999999999400 ) ) ;
#5522 = CARTESIAN_POINT ( 'NONE',  ( 8.864925395320177500E-017, 1.447800000000000400, 2.412999999999999800 ) ) ;
#5523 = CARTESIAN_POINT ( 'NONE',  ( 0.9994973260062793900, 1.397000000000000900, 2.412999999999999400 ) ) ;
#5524 = CARTESIAN_POINT ( 'NONE',  ( 1.706248663003139300, 1.346200000000000700, 1.706248663003138800 ) ) ;
#5525 = CARTESIAN_POINT ( 'NONE',  ( 2.412999999999999400, 1.295400000000001000, 0.9994973260062779400 ) ) ;
#5526 = CARTESIAN_POINT ( 'NONE',  ( 2.412999999999999400, 1.244600000000001000, -2.954975131773396100E-016 ) ) ;
#5527 = CARTESIAN_POINT ( 'NONE',  ( 2.412999999999999400, 1.193800000000001100, -0.9994973260062783900 ) ) ;
#5528 = CARTESIAN_POINT ( 'NONE',  ( 1.706248663003138600, 1.143000000000000700, -1.706248663003139300 ) ) ;
#5529 = CARTESIAN_POINT ( 'NONE',  ( 0.9994973260062779400, 1.092200000000000700, -2.412999999999999800 ) ) ;
#5530 = CARTESIAN_POINT ( 'NONE',  ( -4.028097679627946400E-016, 1.041400000000000300, -2.412999999999999800 ) ) ;
#5531 = CARTESIAN_POINT ( 'NONE',  ( -0.9994973260062786100, 0.9906000000000000400, -2.412999999999999800 ) ) ;
#5532 = CARTESIAN_POINT ( 'NONE',  ( -1.706248663003139500, 0.9397999999999998600, -1.706248663003138800 ) ) ;
#5533 = CARTESIAN_POINT ( 'NONE',  ( -2.412999999999999800, 0.8889999999999997900, -0.9994973260062781600 ) ) ;
#5534 = CARTESIAN_POINT ( 'NONE',  ( -2.412999999999999800, 0.8381999999999997200, 0.0000000000000000000 ) ) ;
#5535 = CARTESIAN_POINT ( 'NONE',  ( -2.412999999999999400, 0.7873999999999998800, 0.9994973260062799400 ) ) ;
#5536 = CARTESIAN_POINT ( 'NONE',  ( -1.706248663003138800, 0.7365999999999999200, 1.706248663003139500 ) ) ;
#5537 = CARTESIAN_POINT ( 'NONE',  ( -0.9994973260062791600, 0.6858000000000001900, 2.412999999999999400 ) ) ;
#5538 = CARTESIAN_POINT ( 'NONE',  ( 2.877212628305673700E-016, 0.6350000000000003400, 2.412999999999999800 ) ) ;
#5539 = CARTESIAN_POINT ( 'NONE',  ( 0.9994973260062795000, 0.5842000000000006100, 2.412999999999999400 ) ) ;
#5540 = CARTESIAN_POINT ( 'NONE',  ( 1.706248663003139300, 0.5334000000000007600, 1.706248663003138800 ) ) ;
#5541 = CARTESIAN_POINT ( 'NONE',  ( 2.412999999999999800, 0.4826000000000009200, 0.9994973260062779400 ) ) ;
#5542 = CARTESIAN_POINT ( 'NONE',  ( 2.412999999999999800, 0.4318000000000009100, -2.954975131773396100E-016 ) ) ;
#5543 = CARTESIAN_POINT ( 'NONE',  ( 2.412999999999999800, 0.3810000000000008900, -0.9994973260062783900 ) ) ;
#5544 = CARTESIAN_POINT ( 'NONE',  ( 1.706248663003138800, 0.3302000000000007700, -1.706248663003139300 ) ) ;
#5545 = CARTESIAN_POINT ( 'NONE',  ( 0.9994973260062781600, 0.2794000000000005400, -2.412999999999999800 ) ) ;
#5546 = CARTESIAN_POINT ( 'NONE',  ( -2.037377590854289700E-016, 0.2286000000000003000, -2.412999999999999800 ) ) ;
#5547 = CARTESIAN_POINT ( 'NONE',  ( -0.9994973260062783900, 0.1778000000000001000, -2.412999999999999800 ) ) ;
#5548 = CARTESIAN_POINT ( 'NONE',  ( 2.412999999999998500, 5.308600000000001100, -2.954975131773396100E-016 ) ) ;
#5549 = CARTESIAN_POINT ( 'NONE',  ( 2.412999999999999400, 5.257800000000002200, -0.9994973260062783900 ) ) ;
#5550 = CARTESIAN_POINT ( 'NONE',  ( 1.706248663003137500, 5.207000000000000700, -1.706248663003139300 ) ) ;
#5551 = CARTESIAN_POINT ( 'NONE',  ( 0.9994973260062768300, 5.156200000000001000, -2.412999999999999800 ) ) ;
#5552 = CARTESIAN_POINT ( 'NONE',  ( -1.398169812349623000E-015, 5.105400000000000400, -2.412999999999999800 ) ) ;
#5553 = CARTESIAN_POINT ( 'NONE',  ( -0.9994973260062797200, 5.054599999999999800, -2.412999999999999800 ) ) ;
#5554 = CARTESIAN_POINT ( 'NONE',  ( -1.706248663003140600, 5.003800000000000000, -1.706248663003138800 ) ) ;
#5555 = CARTESIAN_POINT ( 'NONE',  ( -2.413000000000001100, 4.952999999999999400, -0.9994973260062781600 ) ) ;
#5556 = CARTESIAN_POINT ( 'NONE',  ( -2.413000000000001100, 4.902200000000000600, 0.0000000000000000000 ) ) ;
#5557 = CARTESIAN_POINT ( 'NONE',  ( -2.413000000000000700, 4.851399999999999900, 0.9994973260062799400 ) ) ;
#5558 = CARTESIAN_POINT ( 'NONE',  ( -1.706248663003139700, 4.800600000000000200, 1.706248663003139500 ) ) ;
#5559 = CARTESIAN_POINT ( 'NONE',  ( -0.9994973260062799400, 4.749800000000000500, 2.412999999999999400 ) ) ;
#5560 = CARTESIAN_POINT ( 'NONE',  ( -7.076387815562607700E-016, 4.698999999999999800, 2.412999999999999800 ) ) ;
#5561 = CARTESIAN_POINT ( 'NONE',  ( 0.9994973260062786100, 4.648200000000001000, 2.412999999999999400 ) ) ;
#5562 = CARTESIAN_POINT ( 'NONE',  ( 1.706248663003138400, 4.597400000000001300, 1.706248663003138800 ) ) ;
#5563 = CARTESIAN_POINT ( 'NONE',  ( 2.412999999999999400, 4.546600000000001500, 0.9994973260062779400 ) ) ;
#5564 = CARTESIAN_POINT ( 'NONE',  ( 2.412999999999998500, 4.495800000000000900, -2.954975131773396100E-016 ) ) ;
#5565 = CARTESIAN_POINT ( 'NONE',  ( 2.412999999999999400, 4.445000000000001200, -0.9994973260062783900 ) ) ;
#5566 = CARTESIAN_POINT ( 'NONE',  ( 1.706248663003137700, 4.394200000000000500, -1.706248663003139300 ) ) ;
#5567 = CARTESIAN_POINT ( 'NONE',  ( 0.9994973260062770500, 4.343400000000000800, -2.412999999999999800 ) ) ;
#5568 = CARTESIAN_POINT ( 'NONE',  ( -1.199097803472257400E-015, 4.292600000000000200, -2.412999999999999800 ) ) ;
#5569 = CARTESIAN_POINT ( 'NONE',  ( -0.9994973260062795000, 4.241800000000000500, -2.412999999999999800 ) ) ;
#5570 = CARTESIAN_POINT ( 'NONE',  ( -1.706248663003140400, 4.191000000000000700, -1.706248663003138800 ) ) ;
#5571 = CARTESIAN_POINT ( 'NONE',  ( -2.413000000000000700, 4.140200000000000100, -0.9994973260062781600 ) ) ;
#5572 = CARTESIAN_POINT ( 'NONE',  ( -2.413000000000000700, 4.089400000000000400, 0.0000000000000000000 ) ) ;
#5573 = CARTESIAN_POINT ( 'NONE',  ( -2.413000000000000300, 4.038599999999999700, 0.9994973260062799400 ) ) ;
#5574 = CARTESIAN_POINT ( 'NONE',  ( -1.706248663003139500, 3.987800000000000500, 1.706248663003139500 ) ) ;
#5575 = CARTESIAN_POINT ( 'NONE',  ( -0.9994973260062797200, 3.937000000000000300, 2.412999999999999400 ) ) ;
#5576 = CARTESIAN_POINT ( 'NONE',  ( -5.085667726788951000E-016, 3.886200000000000500, 2.412999999999999800 ) ) ;
#5577 = CARTESIAN_POINT ( 'NONE',  ( 0.9994973260062789400, 3.835400000000000400, 2.412999999999999400 ) ) ;
#5578 = CARTESIAN_POINT ( 'NONE',  ( 1.706248663003138600, 3.784600000000000600, 1.706248663003138800 ) ) ;
#5579 = CARTESIAN_POINT ( 'NONE',  ( 2.412999999999999400, 3.733800000000000900, 0.9994973260062779400 ) ) ;
#5580 = CARTESIAN_POINT ( 'NONE',  ( 2.412999999999998900, 3.683000000000001200, -2.954975131773396100E-016 ) ) ;
#5581 = CARTESIAN_POINT ( 'NONE',  ( 2.412999999999999400, 3.632200000000001400, -0.9994973260062783900 ) ) ;
#5582 = CARTESIAN_POINT ( 'NONE',  ( 1.706248663003137900, 3.581400000000000800, -1.706248663003139300 ) ) ;
#5583 = CARTESIAN_POINT ( 'NONE',  ( 0.9994973260062772800, 3.530600000000000600, -2.412999999999999800 ) ) ;
#5584 = CARTESIAN_POINT ( 'NONE',  ( -1.000025794594891700E-015, 3.479800000000000900, -2.412999999999999800 ) ) ;
#5585 = CARTESIAN_POINT ( 'NONE',  ( -0.9994973260062793900, 3.429000000000000700, -2.412999999999999800 ) ) ;
#5586 = CARTESIAN_POINT ( 'NONE',  ( -1.706248663003140200, 3.378200000000000100, -1.706248663003138800 ) ) ;
#5587 = CARTESIAN_POINT ( 'NONE',  ( -2.413000000000000700, 3.327400000000000400, -0.9994973260062781600 ) ) ;
#5588 = CARTESIAN_POINT ( 'NONE',  ( -2.413000000000000700, 3.276599999999999700, 0.0000000000000000000 ) ) ;
#5589 = CARTESIAN_POINT ( 'NONE',  ( -2.413000000000000300, 3.225799999999999600, 0.9994973260062799400 ) ) ;
#5590 = CARTESIAN_POINT ( 'NONE',  ( -1.706248663003139500, 3.175000000000000300, 1.706248663003139500 ) ) ;
#5591 = CARTESIAN_POINT ( 'NONE',  ( -0.9994973260062797200, 3.124199999999999600, 2.412999999999999400 ) ) ;
#5592 = CARTESIAN_POINT ( 'NONE',  ( -3.094947638015294900E-016, 3.073400000000000400, 2.412999999999999800 ) ) ;
#5593 = CARTESIAN_POINT ( 'NONE',  ( 0.9994973260062791600, 3.022600000000000600, 2.412999999999999400 ) ) ;
#5594 = CARTESIAN_POINT ( 'NONE',  ( 1.706248663003138800, 2.971800000000000400, 1.706248663003138800 ) ) ;
#5595 = CARTESIAN_POINT ( 'NONE',  ( 2.412999999999999400, 2.921000000000001200, 0.9994973260062779400 ) ) ;
#5596 = CARTESIAN_POINT ( 'NONE',  ( 2.412999999999998900, 2.870200000000001000, -2.954975131773396100E-016 ) ) ;
#5597 = CARTESIAN_POINT ( 'NONE',  ( 2.412999999999999400, 2.819400000000001200, -0.9994973260062783900 ) ) ;
#5598 = CARTESIAN_POINT ( 'NONE',  ( 1.706248663003138200, 2.768600000000000600, -1.706248663003139300 ) ) ;
#5599 = CARTESIAN_POINT ( 'NONE',  ( 0.9994973260062778300, 7.899400000000000000, 2.412999999999999400 ) ) ;
#5600 = CARTESIAN_POINT ( 'NONE',  ( 1.706248663003137500, 7.848600000000001100, 1.706248663003138800 ) ) ;
#5601 = CARTESIAN_POINT ( 'NONE',  ( 2.412999999999998900, 7.797800000000001400, 0.9994973260062779400 ) ) ;
#5602 = CARTESIAN_POINT ( 'NONE',  ( 2.412999999999998000, 7.747000000000001700, -2.954975131773396100E-016 ) ) ;
#5603 = CARTESIAN_POINT ( 'NONE',  ( 2.412999999999998900, 7.696200000000001000, -0.9994973260062783900 ) ) ;
#5604 = CARTESIAN_POINT ( 'NONE',  ( 1.706248663003136800, 7.645400000000001300, -1.706248663003139300 ) ) ;
#5605 = CARTESIAN_POINT ( 'NONE',  ( 0.9994973260062762800, 7.594600000000000700, -2.412999999999999800 ) ) ;
#5606 = CARTESIAN_POINT ( 'NONE',  ( -1.995385838981720000E-015, 7.543800000000000900, -2.412999999999999800 ) ) ;
#5607 = CARTESIAN_POINT ( 'NONE',  ( -0.9994973260062801600, 7.493000000000000300, -2.412999999999999800 ) ) ;
#5608 = CARTESIAN_POINT ( 'NONE',  ( -1.706248663003141000, 7.442200000000000600, -1.706248663003138800 ) ) ;
#5609 = CARTESIAN_POINT ( 'NONE',  ( -2.413000000000001600, 7.391400000000000000, -0.9994973260062781600 ) ) ;
#5610 = CARTESIAN_POINT ( 'NONE',  ( -2.413000000000001600, 7.340600000000000200, 0.0000000000000000000 ) ) ;
#5611 = CARTESIAN_POINT ( 'NONE',  ( -2.413000000000001100, 7.289799999999999600, 0.9994973260062799400 ) ) ;
#5612 = CARTESIAN_POINT ( 'NONE',  ( -1.706248663003140400, 7.239000000000000800, 1.706248663003139500 ) ) ;
#5613 = CARTESIAN_POINT ( 'NONE',  ( -0.9994973260062806100, 7.188200000000000100, 2.412999999999999400 ) ) ;
#5614 = CARTESIAN_POINT ( 'NONE',  ( -1.304854808188357700E-015, 7.137400000000000400, 2.412999999999999800 ) ) ;
#5615 = CARTESIAN_POINT ( 'NONE',  ( 0.9994973260062779400, 7.086600000000000700, 2.412999999999999400 ) ) ;
#5616 = CARTESIAN_POINT ( 'NONE',  ( 1.706248663003137700, 7.035800000000000900, 1.706248663003138800 ) ) ;
#5617 = CARTESIAN_POINT ( 'NONE',  ( 2.412999999999998900, 6.985000000000000300, 0.9994973260062779400 ) ) ;
#5618 = CARTESIAN_POINT ( 'NONE',  ( 2.412999999999998000, 6.934200000000001500, -2.954975131773396100E-016 ) ) ;
#5619 = CARTESIAN_POINT ( 'NONE',  ( 2.412999999999998900, 6.883400000000002600, -0.9994973260062783900 ) ) ;
#5620 = CARTESIAN_POINT ( 'NONE',  ( 1.706248663003137000, 6.832600000000001100, -1.706248663003139300 ) ) ;
#5621 = CARTESIAN_POINT ( 'NONE',  ( 0.9994973260062765000, 6.781800000000002300, -2.412999999999999800 ) ) ;
#5622 = CARTESIAN_POINT ( 'NONE',  ( -1.796313830104354000E-015, 6.730999999999999900, -2.412999999999999800 ) ) ;
#5623 = CARTESIAN_POINT ( 'NONE',  ( -0.9994973260062801600, 6.680200000000001000, -2.412999999999999800 ) ) ;
#5624 = CARTESIAN_POINT ( 'NONE',  ( -1.706248663003140800, 6.629400000000000400, -1.706248663003138800 ) ) ;
#5625 = CARTESIAN_POINT ( 'NONE',  ( -2.413000000000001600, 6.578600000000000700, -0.9994973260062781600 ) ) ;
#5626 = CARTESIAN_POINT ( 'NONE',  ( -2.413000000000001600, 6.527800000000000000, 0.0000000000000000000 ) ) ;
#5627 = CARTESIAN_POINT ( 'NONE',  ( -2.413000000000001100, 6.476999999999999400, 0.9994973260062799400 ) ) ;
#5628 = CARTESIAN_POINT ( 'NONE',  ( -1.706248663003140200, 6.426199999999999700, 1.706248663003139500 ) ) ;
#5629 = CARTESIAN_POINT ( 'NONE',  ( -0.9994973260062803800, 6.375400000000000000, 2.412999999999999400 ) ) ;
#5630 = CARTESIAN_POINT ( 'NONE',  ( -1.105782799310992200E-015, 6.324600000000000200, 2.412999999999999800 ) ) ;
#5631 = CARTESIAN_POINT ( 'NONE',  ( 0.9994973260062781600, 6.273800000000000500, 2.412999999999999400 ) ) ;
#5632 = CARTESIAN_POINT ( 'NONE',  ( 1.706248663003137900, 6.223000000000000800, 1.706248663003138800 ) ) ;
#5633 = CARTESIAN_POINT ( 'NONE',  ( 2.412999999999999400, 6.172200000000000100, 0.9994973260062779400 ) ) ;
#5634 = CARTESIAN_POINT ( 'NONE',  ( 2.412999999999998500, 6.121400000000000400, -2.954975131773396100E-016 ) ) ;
#5635 = CARTESIAN_POINT ( 'NONE',  ( 2.412999999999999400, 6.070600000000000700, -0.9994973260062783900 ) ) ;
#5636 = CARTESIAN_POINT ( 'NONE',  ( 1.706248663003137300, 6.019800000000000900, -1.706248663003139300 ) ) ;
#5637 = CARTESIAN_POINT ( 'NONE',  ( 0.9994973260062766100, 5.969000000000002100, -2.412999999999999800 ) ) ;
#5638 = CARTESIAN_POINT ( 'NONE',  ( -1.597241821226988700E-015, 5.918200000000000600, -2.412999999999999800 ) ) ;
#5639 = CARTESIAN_POINT ( 'NONE',  ( -0.9994973260062799400, 5.867399999999999900, -2.412999999999999800 ) ) ;
#5640 = CARTESIAN_POINT ( 'NONE',  ( -1.706248663003140800, 5.816600000000000200, -1.706248663003138800 ) ) ;
#5641 = CARTESIAN_POINT ( 'NONE',  ( -2.413000000000001100, 5.765800000000001400, -0.9994973260062781600 ) ) ;
#5642 = CARTESIAN_POINT ( 'NONE',  ( -2.413000000000001100, 5.715000000000000700, 0.0000000000000000000 ) ) ;
#5643 = CARTESIAN_POINT ( 'NONE',  ( -2.413000000000000700, 5.664200000000001000, 0.9994973260062799400 ) ) ;
#5644 = CARTESIAN_POINT ( 'NONE',  ( -1.706248663003139900, 5.613400000000000400, 1.706248663003139500 ) ) ;
#5645 = CARTESIAN_POINT ( 'NONE',  ( -0.9994973260062801600, 5.562600000000000700, 2.412999999999999400 ) ) ;
#5646 = CARTESIAN_POINT ( 'NONE',  ( -9.067107904336265400E-016, 5.511800000000000000, 2.412999999999999800 ) ) ;
#5647 = CARTESIAN_POINT ( 'NONE',  ( 0.9994973260062783900, 5.461000000000003000, 2.412999999999999400 ) ) ;
#5648 = CARTESIAN_POINT ( 'NONE',  ( 1.706248663003138200, 5.410200000000001500, 1.706248663003138800 ) ) ;
#5649 = CARTESIAN_POINT ( 'NONE',  ( 2.412999999999999400, 5.359400000000002600, 0.9994973260062779400 ) ) ;
#5650 = CARTESIAN_POINT ( 'NONE',  ( 2.412999999999999400, 1.244600000000000800, 0.9994973260062779400 ) ) ;
#5651 = CARTESIAN_POINT ( 'NONE',  ( 2.412999999999999400, 1.193800000000000900, -2.954975131773396100E-016 ) ) ;
#5652 = CARTESIAN_POINT ( 'NONE',  ( 2.412999999999999400, 1.143000000000000900, -0.9994973260062783900 ) ) ;
#5653 = CARTESIAN_POINT ( 'NONE',  ( 1.706248663003138600, 1.092200000000000900, -1.706248663003139300 ) ) ;
#5654 = CARTESIAN_POINT ( 'NONE',  ( 0.9994973260062779400, 1.041400000000000800, -2.412999999999999800 ) ) ;
#5655 = CARTESIAN_POINT ( 'NONE',  ( -3.903677674079592400E-016, 0.9906000000000003700, -2.412999999999999800 ) ) ;
#5656 = CARTESIAN_POINT ( 'NONE',  ( -0.9994973260062786100, 0.9398000000000000800, -2.412999999999999800 ) ) ;
#5657 = CARTESIAN_POINT ( 'NONE',  ( -1.706248663003139500, 0.8889999999999999000, -1.706248663003138800 ) ) ;
#5658 = CARTESIAN_POINT ( 'NONE',  ( -2.412999999999999800, 0.8381999999999997200, -0.9994973260062781600 ) ) ;
#5659 = CARTESIAN_POINT ( 'NONE',  ( -2.412999999999999800, 0.7873999999999997700, 0.0000000000000000000 ) ) ;
#5660 = CARTESIAN_POINT ( 'NONE',  ( -2.412999999999999400, 0.7365999999999997000, 0.9994973260062799400 ) ) ;
#5661 = CARTESIAN_POINT ( 'NONE',  ( -1.706248663003138800, 0.6857999999999999700, 1.706248663003139500 ) ) ;
#5662 = CARTESIAN_POINT ( 'NONE',  ( -0.9994973260062791600, 0.6350000000000001200, 2.412999999999999400 ) ) ;
#5663 = CARTESIAN_POINT ( 'NONE',  ( 3.001632633854027200E-016, 0.5842000000000002700, 2.412999999999999800 ) ) ;
#5664 = CARTESIAN_POINT ( 'NONE',  ( 0.9994973260062795000, 0.5334000000000006500, 2.412999999999999400 ) ) ;
#5665 = CARTESIAN_POINT ( 'NONE',  ( 1.706248663003139300, 0.4826000000000007000, 1.706248663003138800 ) ) ;
#5666 = CARTESIAN_POINT ( 'NONE',  ( 2.412999999999999800, 0.4318000000000009100, 0.9994973260062779400 ) ) ;
#5667 = CARTESIAN_POINT ( 'NONE',  ( 2.412999999999999800, 0.3810000000000008900, -2.954975131773396100E-016 ) ) ;
#5668 = CARTESIAN_POINT ( 'NONE',  ( 2.412999999999999800, 0.3302000000000008800, -0.9994973260062783900 ) ) ;
#5669 = CARTESIAN_POINT ( 'NONE',  ( 1.706248663003138800, 0.2794000000000007000, -1.706248663003139300 ) ) ;
#5670 = CARTESIAN_POINT ( 'NONE',  ( 0.9994973260062781600, 0.2286000000000005500, -2.412999999999999800 ) ) ;
#5671 = CARTESIAN_POINT ( 'NONE',  ( -1.912957585305936000E-016, 0.1778000000000003200, -2.412999999999999800 ) ) ;
#5672 = CARTESIAN_POINT ( 'NONE',  ( -0.9994973260062783900, 0.1270000000000000900, -2.412999999999999800 ) ) ;
#5673 = CARTESIAN_POINT ( 'NONE',  ( -1.706248663003139300, 0.07619999999999987900, -1.706248663003138800 ) ) ;
#5674 = CARTESIAN_POINT ( 'NONE',  ( -2.412999999999999800, 0.02539999999999970400, -0.9994973260062781600 ) ) ;
#5675 = CARTESIAN_POINT ( 'NONE',  ( -2.412999999999999800, -0.02540000000000029400, 0.0000000000000000000 ) ) ;
#5676 = CARTESIAN_POINT ( 'NONE',  ( -2.413000000000002000, 8.966200000000000600, 0.0000000000000000000 ) ) ;
#5677 = CARTESIAN_POINT ( 'NONE',  ( -2.413000000000001600, 8.915400000000001800, 0.9994973260062799400 ) ) ;
#5678 = CARTESIAN_POINT ( 'NONE',  ( -1.706248663003140800, 8.864599999999999400, 1.706248663003139500 ) ) ;
#5679 = CARTESIAN_POINT ( 'NONE',  ( -0.9994973260062809400, 8.813800000000000500, 2.412999999999999400 ) ) ;
#5680 = CARTESIAN_POINT ( 'NONE',  ( -1.702998825943089000E-015, 8.762999999999999900, 2.412999999999999800 ) ) ;
#5681 = CARTESIAN_POINT ( 'NONE',  ( 0.9994973260062776100, 8.712199999999999300, 2.412999999999999400 ) ) ;
#5682 = CARTESIAN_POINT ( 'NONE',  ( 1.706248663003137300, 8.661400000000000400, 1.706248663003138800 ) ) ;
#5683 = CARTESIAN_POINT ( 'NONE',  ( 2.412999999999997600, 8.610599999999999800, 0.9994973260062779400 ) ) ;
#5684 = CARTESIAN_POINT ( 'NONE',  ( 2.412999999999997600, 8.559800000000001000, -2.954975131773396100E-016 ) ) ;
#5685 = CARTESIAN_POINT ( 'NONE',  ( 2.412999999999997600, 8.509000000000000300, -0.9994973260062783900 ) ) ;
#5686 = CARTESIAN_POINT ( 'NONE',  ( 1.706248663003136600, 8.458200000000001500, -1.706248663003139300 ) ) ;
#5687 = CARTESIAN_POINT ( 'NONE',  ( 0.9994973260062762800, 8.407400000000000900, -2.412999999999999800 ) ) ;
#5688 = CARTESIAN_POINT ( 'NONE',  ( -2.194457847859085300E-015, 8.356600000000000300, -2.412999999999999800 ) ) ;
#5689 = CARTESIAN_POINT ( 'NONE',  ( -0.9994973260062803800, 8.305800000000001400, -2.412999999999999800 ) ) ;
#5690 = CARTESIAN_POINT ( 'NONE',  ( -1.706248663003141300, 8.255000000000000800, -1.706248663003138800 ) ) ;
#5691 = CARTESIAN_POINT ( 'NONE',  ( -2.413000000000002000, 8.204200000000000200, -0.9994973260062781600 ) ) ;
#5692 = CARTESIAN_POINT ( 'NONE',  ( -2.413000000000002000, 8.153399999999999500, 0.0000000000000000000 ) ) ;
#5693 = CARTESIAN_POINT ( 'NONE',  ( -2.413000000000001600, 8.102600000000000700, 0.9994973260062799400 ) ) ;
#5694 = CARTESIAN_POINT ( 'NONE',  ( -1.706248663003140600, 8.051800000000000100, 1.706248663003139500 ) ) ;
#5695 = CARTESIAN_POINT ( 'NONE',  ( -0.9994973260062807200, 8.001000000000001200, 2.412999999999999400 ) ) ;
#5696 = CARTESIAN_POINT ( 'NONE',  ( -1.503926817065723500E-015, 7.950200000000000600, 2.412999999999999800 ) ) ;
#5697 = CARTESIAN_POINT ( 'NONE',  ( -4.961247721240598500E-016, 3.835400000000000400, 2.412999999999999800 ) ) ;
#5698 = CARTESIAN_POINT ( 'NONE',  ( 0.9994973260062789400, 3.784600000000000200, 2.412999999999999400 ) ) ;
#5699 = CARTESIAN_POINT ( 'NONE',  ( 1.706248663003138600, 3.733800000000000900, 1.706248663003138800 ) ) ;
#5700 = CARTESIAN_POINT ( 'NONE',  ( 2.412999999999999400, 3.683000000000000700, 0.9994973260062779400 ) ) ;
#5701 = CARTESIAN_POINT ( 'NONE',  ( 2.412999999999998900, 3.632200000000001000, -2.954975131773396100E-016 ) ) ;
#5702 = CARTESIAN_POINT ( 'NONE',  ( 2.412999999999999400, 3.581400000000001200, -0.9994973260062783900 ) ) ;
#5703 = CARTESIAN_POINT ( 'NONE',  ( 1.706248663003137900, 3.530600000000001100, -1.706248663003139300 ) ) ;
#5704 = CARTESIAN_POINT ( 'NONE',  ( 0.9994973260062772800, 3.479800000000000900, -2.412999999999999800 ) ) ;
#5705 = CARTESIAN_POINT ( 'NONE',  ( -9.875837940400561400E-016, 3.429000000000000700, -2.412999999999999800 ) ) ;
#5706 = CARTESIAN_POINT ( 'NONE',  ( -0.9994973260062793900, 3.378200000000000500, -2.412999999999999800 ) ) ;
#5707 = CARTESIAN_POINT ( 'NONE',  ( -1.706248663003140200, 3.327399999999999900, -1.706248663003138800 ) ) ;
#5708 = CARTESIAN_POINT ( 'NONE',  ( -2.413000000000000700, 3.276600000000000200, -0.9994973260062781600 ) ) ;
#5709 = CARTESIAN_POINT ( 'NONE',  ( -2.413000000000000700, 3.225799999999999600, 0.0000000000000000000 ) ) ;
#5710 = CARTESIAN_POINT ( 'NONE',  ( -2.413000000000000300, 3.174999999999999400, 0.9994973260062799400 ) ) ;
#5711 = CARTESIAN_POINT ( 'NONE',  ( -1.706248663003139500, 3.124200000000000100, 1.706248663003139500 ) ) ;
#5712 = CARTESIAN_POINT ( 'NONE',  ( -0.9994973260062797200, 3.073399999999999900, 2.412999999999999400 ) ) ;
#5713 = CARTESIAN_POINT ( 'NONE',  ( -2.970527632466941800E-016, 3.022600000000000200, 2.412999999999999800 ) ) ;
#5714 = CARTESIAN_POINT ( 'NONE',  ( 0.9994973260062791600, 2.971800000000000900, 2.412999999999999400 ) ) ;
#5715 = CARTESIAN_POINT ( 'NONE',  ( 1.706248663003138800, 2.921000000000000700, 1.706248663003138800 ) ) ;
#5716 = CARTESIAN_POINT ( 'NONE',  ( 2.412999999999999400, 2.870200000000001000, 0.9994973260062779400 ) ) ;
#5717 = CARTESIAN_POINT ( 'NONE',  ( 2.412999999999998900, 2.819400000000000800, -2.954975131773396100E-016 ) ) ;
#5718 = CARTESIAN_POINT ( 'NONE',  ( 2.412999999999999400, 2.768600000000001500, -0.9994973260062783900 ) ) ;
#5719 = CARTESIAN_POINT ( 'NONE',  ( 1.706248663003138200, 2.717800000000000900, -1.706248663003139300 ) ) ;
#5720 = CARTESIAN_POINT ( 'NONE',  ( 0.9994973260062776100, 2.667000000000001100, -2.412999999999999800 ) ) ;
#5721 = CARTESIAN_POINT ( 'NONE',  ( -7.885117851626905700E-016, 2.616200000000000500, -2.412999999999999800 ) ) ;
#5722 = CARTESIAN_POINT ( 'NONE',  ( -0.9994973260062791600, 2.565400000000000800, -2.412999999999999800 ) ) ;
#5723 = CARTESIAN_POINT ( 'NONE',  ( -1.706248663003139900, 2.514600000000000200, -1.706248663003138800 ) ) ;
#5724 = CARTESIAN_POINT ( 'NONE',  ( -2.413000000000000300, 2.463800000000000000, -0.9994973260062781600 ) ) ;
#5725 = CARTESIAN_POINT ( 'NONE',  ( -2.413000000000000300, 2.412999999999999800, 0.0000000000000000000 ) ) ;
#5726 = CARTESIAN_POINT ( 'NONE',  ( -2.412999999999999800, 2.362199999999999600, 0.9994973260062799400 ) ) ;
#5727 = CARTESIAN_POINT ( 'NONE',  ( -1.706248663003139300, 2.311399999999999900, 1.706248663003139500 ) ) ;
#5728 = CARTESIAN_POINT ( 'NONE',  ( -0.9994973260062795000, 2.260600000000000200, 2.412999999999999400 ) ) ;
#5729 = CARTESIAN_POINT ( 'NONE',  ( -9.798075436932859900E-017, 2.209800000000000400, 2.412999999999999800 ) ) ;
#5730 = CARTESIAN_POINT ( 'NONE',  ( 0.9994973260062793900, 2.159000000000000300, 2.412999999999999400 ) ) ;
#5731 = CARTESIAN_POINT ( 'NONE',  ( 1.706248663003139000, 2.108200000000001000, 1.706248663003138800 ) ) ;
#5732 = CARTESIAN_POINT ( 'NONE',  ( 2.412999999999999400, 2.057400000000000800, 0.9994973260062779400 ) ) ;
#5733 = CARTESIAN_POINT ( 'NONE',  ( 2.412999999999999400, 2.006600000000000600, -2.954975131773396100E-016 ) ) ;
#5734 = CARTESIAN_POINT ( 'NONE',  ( 2.412999999999999400, 1.955800000000001100, -0.9994973260062783900 ) ) ;
#5735 = CARTESIAN_POINT ( 'NONE',  ( 1.706248663003138400, 1.905000000000000900, -1.706248663003139300 ) ) ;
#5736 = CARTESIAN_POINT ( 'NONE',  ( 0.9994973260062778300, 1.854200000000000700, -2.412999999999999800 ) ) ;
#5737 = CARTESIAN_POINT ( 'NONE',  ( -5.894397762853249100E-016, 1.803400000000000300, -2.412999999999999800 ) ) ;
#5738 = CARTESIAN_POINT ( 'NONE',  ( -0.9994973260062789400, 1.752600000000000200, -2.412999999999999800 ) ) ;
#5739 = CARTESIAN_POINT ( 'NONE',  ( -1.706248663003139700, 1.701800000000000000, -1.706248663003138800 ) ) ;
#5740 = CARTESIAN_POINT ( 'NONE',  ( -2.413000000000000300, 1.650999999999999800, -0.9994973260062781600 ) ) ;
#5741 = CARTESIAN_POINT ( 'NONE',  ( -2.413000000000000300, 1.600199999999999800, 0.0000000000000000000 ) ) ;
#5742 = CARTESIAN_POINT ( 'NONE',  ( -2.412999999999999800, 1.549399999999999900, 0.9994973260062799400 ) ) ;
#5743 = CARTESIAN_POINT ( 'NONE',  ( -1.706248663003139000, 1.498599999999999900, 1.706248663003139500 ) ) ;
#5744 = CARTESIAN_POINT ( 'NONE',  ( -0.9994973260062793900, 1.447800000000000200, 2.412999999999999400 ) ) ;
#5745 = CARTESIAN_POINT ( 'NONE',  ( 1.010912545080370900E-016, 1.397000000000000500, 2.412999999999999800 ) ) ;
#5746 = CARTESIAN_POINT ( 'NONE',  ( 0.9994973260062793900, 1.346200000000000700, 2.412999999999999400 ) ) ;
#5747 = CARTESIAN_POINT ( 'NONE',  ( 1.706248663003139300, 1.295400000000000800, 1.706248663003138800 ) ) ;
#5748 = CARTESIAN_POINT ( 'NONE',  ( -2.413000000000001100, 6.426199999999998800, 0.9994973260062799400 ) ) ;
#5749 = CARTESIAN_POINT ( 'NONE',  ( -1.706248663003140200, 6.375400000000000000, 1.706248663003139500 ) ) ;
#5750 = CARTESIAN_POINT ( 'NONE',  ( -0.9994973260062803800, 6.324599999999999300, 2.412999999999999400 ) ) ;
#5751 = CARTESIAN_POINT ( 'NONE',  ( -1.093340798756157000E-015, 6.273800000000000500, 2.412999999999999800 ) ) ;
#5752 = CARTESIAN_POINT ( 'NONE',  ( 0.9994973260062781600, 6.223000000000000800, 2.412999999999999400 ) ) ;
#5753 = CARTESIAN_POINT ( 'NONE',  ( 1.706248663003137900, 6.172200000000001000, 1.706248663003138800 ) ) ;
#5754 = CARTESIAN_POINT ( 'NONE',  ( 2.412999999999999400, 6.121400000000000400, 0.9994973260062779400 ) ) ;
#5755 = CARTESIAN_POINT ( 'NONE',  ( 2.412999999999998500, 6.070600000000000700, -2.954975131773396100E-016 ) ) ;
#5756 = CARTESIAN_POINT ( 'NONE',  ( 2.412999999999999400, 6.019800000000001800, -0.9994973260062783900 ) ) ;
#5757 = CARTESIAN_POINT ( 'NONE',  ( 1.706248663003137300, 5.969000000000001200, -1.706248663003139300 ) ) ;
#5758 = CARTESIAN_POINT ( 'NONE',  ( 0.9994973260062766100, 5.918200000000001500, -2.412999999999999800 ) ) ;
#5759 = CARTESIAN_POINT ( 'NONE',  ( -1.584799820672153100E-015, 5.867399999999999900, -2.412999999999999800 ) ) ;
#5760 = CARTESIAN_POINT ( 'NONE',  ( -0.9994973260062799400, 5.816600000000000200, -2.412999999999999800 ) ) ;
#5761 = CARTESIAN_POINT ( 'NONE',  ( -1.706248663003140800, 5.765799999999999600, -1.706248663003138800 ) ) ;
#5762 = CARTESIAN_POINT ( 'NONE',  ( -2.413000000000001100, 5.715000000000000700, -0.9994973260062781600 ) ) ;
#5763 = CARTESIAN_POINT ( 'NONE',  ( -2.413000000000001100, 5.664200000000000100, 0.0000000000000000000 ) ) ;
#5764 = CARTESIAN_POINT ( 'NONE',  ( -2.413000000000000700, 5.613400000000000400, 0.9994973260062799400 ) ) ;
#5765 = CARTESIAN_POINT ( 'NONE',  ( -1.706248663003139900, 5.562599999999999800, 1.706248663003139500 ) ) ;
#5766 = CARTESIAN_POINT ( 'NONE',  ( -0.9994973260062801600, 5.511800000000000000, 2.412999999999999400 ) ) ;
#5767 = CARTESIAN_POINT ( 'NONE',  ( -8.942687898787911800E-016, 5.460999999999999400, 2.412999999999999800 ) ) ;
#5768 = CARTESIAN_POINT ( 'NONE',  ( 0.9994973260062783900, 5.410200000000003200, 2.412999999999999400 ) ) ;
#5769 = CARTESIAN_POINT ( 'NONE',  ( 1.706248663003138200, 5.359400000000000800, 1.706248663003138800 ) ) ;
#5770 = CARTESIAN_POINT ( 'NONE',  ( 2.412999999999999400, 5.308600000000002900, 0.9994973260062779400 ) ) ;
#5771 = CARTESIAN_POINT ( 'NONE',  ( 2.412999999999998500, 5.257800000000000500, -2.954975131773396100E-016 ) ) ;
#5772 = CARTESIAN_POINT ( 'NONE',  ( 2.412999999999999400, 5.207000000000001600, -0.9994973260062783900 ) ) ;
#5773 = CARTESIAN_POINT ( 'NONE',  ( 1.706248663003137500, 5.156200000000000100, -1.706248663003139300 ) ) ;
#5774 = CARTESIAN_POINT ( 'NONE',  ( 0.9994973260062768300, 5.105400000000001300, -2.412999999999999800 ) ) ;
#5775 = CARTESIAN_POINT ( 'NONE',  ( -1.385727811794787500E-015, 5.054600000000000600, -2.412999999999999800 ) ) ;
#5776 = CARTESIAN_POINT ( 'NONE',  ( -0.9994973260062797200, 5.003800000000000000, -2.412999999999999800 ) ) ;
#5777 = CARTESIAN_POINT ( 'NONE',  ( -1.706248663003140600, 4.953000000000000300, -1.706248663003138800 ) ) ;
#5778 = CARTESIAN_POINT ( 'NONE',  ( -2.413000000000001100, 4.902199999999999700, -0.9994973260062781600 ) ) ;
#5779 = CARTESIAN_POINT ( 'NONE',  ( -2.413000000000001100, 4.851400000000000800, 0.0000000000000000000 ) ) ;
#5780 = CARTESIAN_POINT ( 'NONE',  ( -2.413000000000000700, 4.800600000000000200, 0.9994973260062799400 ) ) ;
#5781 = CARTESIAN_POINT ( 'NONE',  ( -1.706248663003139700, 4.749800000000000500, 1.706248663003139500 ) ) ;
#5782 = CARTESIAN_POINT ( 'NONE',  ( -0.9994973260062799400, 4.698999999999999800, 2.412999999999999400 ) ) ;
#5783 = CARTESIAN_POINT ( 'NONE',  ( -6.951967810014255100E-016, 4.648200000000000100, 2.412999999999999800 ) ) ;
#5784 = CARTESIAN_POINT ( 'NONE',  ( 0.9994973260062786100, 4.597400000000000400, 2.412999999999999400 ) ) ;
#5785 = CARTESIAN_POINT ( 'NONE',  ( 1.706248663003138400, 4.546600000000001500, 1.706248663003138800 ) ) ;
#5786 = CARTESIAN_POINT ( 'NONE',  ( 2.412999999999999400, 4.495800000000000900, 0.9994973260062779400 ) ) ;
#5787 = CARTESIAN_POINT ( 'NONE',  ( 2.412999999999998500, 4.445000000000001200, -2.954975131773396100E-016 ) ) ;
#5788 = CARTESIAN_POINT ( 'NONE',  ( 2.412999999999999400, 4.394200000000001400, -0.9994973260062783900 ) ) ;
#5789 = CARTESIAN_POINT ( 'NONE',  ( 1.706248663003137700, 4.343400000000000800, -1.706248663003139300 ) ) ;
#5790 = CARTESIAN_POINT ( 'NONE',  ( 0.9994973260062770500, 4.292600000000001100, -2.412999999999999800 ) ) ;
#5791 = CARTESIAN_POINT ( 'NONE',  ( -1.186655802917421800E-015, 4.241800000000000500, -2.412999999999999800 ) ) ;
#5792 = CARTESIAN_POINT ( 'NONE',  ( -0.9994973260062795000, 4.191000000000000700, -2.412999999999999800 ) ) ;
#5793 = CARTESIAN_POINT ( 'NONE',  ( -1.706248663003140400, 4.140200000000000100, -1.706248663003138800 ) ) ;
#5794 = CARTESIAN_POINT ( 'NONE',  ( -2.413000000000000700, 4.089400000000000400, -0.9994973260062781600 ) ) ;
#5795 = CARTESIAN_POINT ( 'NONE',  ( -2.413000000000000700, 4.038599999999999700, 0.0000000000000000000 ) ) ;
#5796 = CARTESIAN_POINT ( 'NONE',  ( -2.413000000000000300, 3.987800000000000000, 0.9994973260062799400 ) ) ;
#5797 = CARTESIAN_POINT ( 'NONE',  ( -1.706248663003139500, 3.937000000000000300, 1.706248663003139500 ) ) ;
#5798 = CARTESIAN_POINT ( 'NONE',  ( -0.9994973260062797200, 3.886200000000000100, 2.412999999999999400 ) ) ;
#5799 = CARTESIAN_POINT ( 'NONE',  ( -2.413000000000002000, 8.915400000000000000, 0.0000000000000000000 ) ) ;
#5800 = CARTESIAN_POINT ( 'NONE',  ( -2.413000000000001600, 8.864600000000001100, 0.9994973260062799400 ) ) ;
#5801 = CARTESIAN_POINT ( 'NONE',  ( -1.706248663003140800, 8.813800000000000500, 1.706248663003139500 ) ) ;
#5802 = CARTESIAN_POINT ( 'NONE',  ( -0.9994973260062809400, 8.762999999999999900, 2.412999999999999400 ) ) ;
#5803 = CARTESIAN_POINT ( 'NONE',  ( -1.690556825388253700E-015, 8.712199999999999300, 2.412999999999999800 ) ) ;
#5804 = CARTESIAN_POINT ( 'NONE',  ( 0.9994973260062776100, 8.661400000000000400, 2.412999999999999400 ) ) ;
#5805 = CARTESIAN_POINT ( 'NONE',  ( 1.706248663003137300, 8.610599999999999800, 1.706248663003138800 ) ) ;
#5806 = CARTESIAN_POINT ( 'NONE',  ( 2.412999999999997600, 8.559800000000001000, 0.9994973260062779400 ) ) ;
#5807 = CARTESIAN_POINT ( 'NONE',  ( 2.412999999999997600, 8.509000000000002100, -2.954975131773396100E-016 ) ) ;
#5808 = CARTESIAN_POINT ( 'NONE',  ( 2.412999999999997600, 8.458200000000001500, -0.9994973260062783900 ) ) ;
#5809 = CARTESIAN_POINT ( 'NONE',  ( 1.706248663003136600, 8.407400000000000900, -1.706248663003139300 ) ) ;
#5810 = CARTESIAN_POINT ( 'NONE',  ( 0.9994973260062762800, 8.356600000000000300, -2.412999999999999800 ) ) ;
#5811 = CARTESIAN_POINT ( 'NONE',  ( -2.182015847304249900E-015, 8.305799999999999600, -2.412999999999999800 ) ) ;
#5812 = CARTESIAN_POINT ( 'NONE',  ( -0.9994973260062803800, 8.255000000000000800, -2.412999999999999800 ) ) ;
#5813 = CARTESIAN_POINT ( 'NONE',  ( -1.706248663003141300, 8.204200000000000200, -1.706248663003138800 ) ) ;
#5814 = CARTESIAN_POINT ( 'NONE',  ( -2.413000000000002000, 8.153399999999999500, -0.9994973260062781600 ) ) ;
#5815 = CARTESIAN_POINT ( 'NONE',  ( -2.413000000000002000, 8.102599999999998900, 0.0000000000000000000 ) ) ;
#5816 = CARTESIAN_POINT ( 'NONE',  ( -2.413000000000001600, 8.051800000000000100, 0.9994973260062799400 ) ) ;
#5817 = CARTESIAN_POINT ( 'NONE',  ( -1.706248663003140600, 8.000999999999999400, 1.706248663003139500 ) ) ;
#5818 = CARTESIAN_POINT ( 'NONE',  ( -0.9994973260062807200, 7.950200000000000600, 2.412999999999999400 ) ) ;
#5819 = CARTESIAN_POINT ( 'NONE',  ( -1.491484816510888200E-015, 7.899400000000000900, 2.412999999999999800 ) ) ;
#5820 = CARTESIAN_POINT ( 'NONE',  ( 0.9994973260062778300, 7.848600000000000200, 2.412999999999999400 ) ) ;
#5821 = CARTESIAN_POINT ( 'NONE',  ( 1.706248663003137500, 7.797800000000001400, 1.706248663003138800 ) ) ;
#5822 = CARTESIAN_POINT ( 'NONE',  ( 2.412999999999998900, 7.747000000000000800, 0.9994973260062779400 ) ) ;
#5823 = CARTESIAN_POINT ( 'NONE',  ( 2.412999999999998000, 7.696200000000001000, -2.954975131773396100E-016 ) ) ;
#5824 = CARTESIAN_POINT ( 'NONE',  ( 2.412999999999998900, 7.645400000000000400, -0.9994973260062783900 ) ) ;
#5825 = CARTESIAN_POINT ( 'NONE',  ( 1.706248663003136800, 7.594600000000000700, -1.706248663003139300 ) ) ;
#5826 = CARTESIAN_POINT ( 'NONE',  ( 0.9994973260062762800, 7.543800000000000100, -2.412999999999999800 ) ) ;
#5827 = CARTESIAN_POINT ( 'NONE',  ( -1.982943838426884700E-015, 7.493000000000000300, -2.412999999999999800 ) ) ;
#5828 = CARTESIAN_POINT ( 'NONE',  ( -0.9994973260062801600, 7.442199999999999700, -2.412999999999999800 ) ) ;
#5829 = CARTESIAN_POINT ( 'NONE',  ( -1.706248663003141000, 7.391400000000000000, -1.706248663003138800 ) ) ;
#5830 = CARTESIAN_POINT ( 'NONE',  ( -2.413000000000001600, 7.340599999999999300, -0.9994973260062781600 ) ) ;
#5831 = CARTESIAN_POINT ( 'NONE',  ( -2.413000000000001600, 7.289799999999999600, 0.0000000000000000000 ) ) ;
#5832 = CARTESIAN_POINT ( 'NONE',  ( -2.413000000000001100, 7.238999999999999900, 0.9994973260062799400 ) ) ;
#5833 = CARTESIAN_POINT ( 'NONE',  ( -1.706248663003140400, 7.188200000000000100, 1.706248663003139500 ) ) ;
#5834 = CARTESIAN_POINT ( 'NONE',  ( -0.9994973260062806100, 7.137400000000000400, 2.412999999999999400 ) ) ;
#5835 = CARTESIAN_POINT ( 'NONE',  ( -1.292412807633522500E-015, 7.086599999999999800, 2.412999999999999800 ) ) ;
#5836 = CARTESIAN_POINT ( 'NONE',  ( 0.9994973260062779400, 7.035800000000000900, 2.412999999999999400 ) ) ;
#5837 = CARTESIAN_POINT ( 'NONE',  ( 1.706248663003137700, 6.985000000000000300, 1.706248663003138800 ) ) ;
#5838 = CARTESIAN_POINT ( 'NONE',  ( 2.412999999999998900, 6.934200000000001500, 0.9994973260062779400 ) ) ;
#5839 = CARTESIAN_POINT ( 'NONE',  ( 2.412999999999998000, 6.883400000000001700, -2.954975131773396100E-016 ) ) ;
#5840 = CARTESIAN_POINT ( 'NONE',  ( 2.412999999999998900, 6.832600000000002000, -0.9994973260062783900 ) ) ;
#5841 = CARTESIAN_POINT ( 'NONE',  ( 1.706248663003137000, 6.781800000000001400, -1.706248663003139300 ) ) ;
#5842 = CARTESIAN_POINT ( 'NONE',  ( 0.9994973260062765000, 6.731000000000001600, -2.412999999999999800 ) ) ;
#5843 = CARTESIAN_POINT ( 'NONE',  ( -1.783871829549518600E-015, 6.680200000000000100, -2.412999999999999800 ) ) ;
#5844 = CARTESIAN_POINT ( 'NONE',  ( -0.9994973260062801600, 6.629400000000000400, -2.412999999999999800 ) ) ;
#5845 = CARTESIAN_POINT ( 'NONE',  ( -1.706248663003140800, 6.578600000000000700, -1.706248663003138800 ) ) ;
#5846 = CARTESIAN_POINT ( 'NONE',  ( -2.413000000000001600, 6.527800000000000000, -0.9994973260062781600 ) ) ;
#5847 = CARTESIAN_POINT ( 'NONE',  ( -2.413000000000001600, 6.477000000000000300, 0.0000000000000000000 ) ) ;
#5848 = CARTESIAN_POINT ( 'NONE',  ( -2.254250000000002100, 9.055099999999999500, 0.0000000000000000000 ) ) ;
#5849 = LINE ( 'NONE', #5848, #5393 ) ;
#5850 = DIRECTION ( 'NONE',  ( 1.000000000000000000, 2.449212707644754500E-016, 0.0000000000000000000 ) ) ;
#5851 = DIRECTION ( 'NONE',  ( 2.449212707644754500E-016, -1.000000000000000000, -0.0000000000000000000 ) ) ;
#5852 = CARTESIAN_POINT ( 'NONE',  ( -2.602085213965210600E-015, 10.75914057146933600, 0.0000000000000000000 ) ) ;
#5853 = AXIS2_PLACEMENT_3D ( 'NONE', #5852, #5851, #5850 ) ;
#5854 = TOROIDAL_SURFACE ( 'NONE', #5853, 3.564316141976551200, 0.8889999999999989000 ) ;
#5855 = DIRECTION ( 'NONE',  ( 0.0000000000000000000, -1.000000000000000000, 0.0000000000000000000 ) ) ;
#5856 = VECTOR ( 'NONE', #5855, 1000.000000000000000 ) ;
#5857 = CARTESIAN_POINT ( 'NONE',  ( -2.413000000000002000, 8.940800000000001200, 0.0000000000000000000 ) ) ;
#5858 = CARTESIAN_POINT ( 'NONE',  ( 2.295044340821020200, 0.3406409295698230000, -0.7452116972145623700 ) ) ;
#5859 = CARTESIAN_POINT ( 'NONE',  ( 2.198642976451876200, 0.3406409295698253300, -1.042101032915805600 ) ) ;
#5860 = CARTESIAN_POINT ( 'NONE',  ( 2.044521869476622300, 0.3406409295698255000, -1.319066270487261800 ) ) ;
#5861 = CARTESIAN_POINT ( 'NONE',  ( 1.843044061850421100, 0.3406409295698255000, -1.557484377474747300 ) ) ;
#5862 = FACE_OUTER_BOUND ( 'NONE', #1480, .T. ) ;
#5863 = LINE ( 'NONE', #5857, #5856 ) ;
#5864 = B_SPLINE_CURVE_WITH_KNOTS ( 'NONE', 3,
 ( #5861, #5860, #5859, #5858 ),
 .UNSPECIFIED., .F., .F.,
 ( 4, 4 ),
 ( 0.0000000000000000000, 0.0009362369719036057900 ),
 .UNSPECIFIED. ) ;
#5865 = CARTESIAN_POINT ( 'NONE',  ( 1.706248663003139000, 2.159000000000000700, 1.706248663003138800 ) ) ;
#5866 = CARTESIAN_POINT ( 'NONE',  ( 2.412999999999998900, 2.108200000000001000, 0.9994973260062779400 ) ) ;
#5867 = CARTESIAN_POINT ( 'NONE',  ( 2.412999999999999400, 2.057400000000000800, -2.954975131773396100E-016 ) ) ;
#5868 = CARTESIAN_POINT ( 'NONE',  ( 2.412999999999998900, 2.006600000000001000, -0.9994973260062783900 ) ) ;
#5869 = CARTESIAN_POINT ( 'NONE',  ( 1.706248663003138400, 1.955800000000000600, -1.706248663003139300 ) ) ;
#5870 = CARTESIAN_POINT ( 'NONE',  ( 0.9994973260062777200, 1.905000000000000700, -2.412999999999999800 ) ) ;
#5871 = CARTESIAN_POINT ( 'NONE',  ( -6.018817768401601600E-016, 1.854200000000000300, -2.412999999999999800 ) ) ;
#5872 = CARTESIAN_POINT ( 'NONE',  ( -0.9994973260062787200, 1.803400000000000100, -2.412999999999999800 ) ) ;
#5873 = CARTESIAN_POINT ( 'NONE',  ( -1.706248663003139700, 1.752599999999999900, -1.706248663003138800 ) ) ;
#5874 = CARTESIAN_POINT ( 'NONE',  ( -2.413000000000000300, 1.701799999999999500, -0.9994973260062781600 ) ) ;
#5875 = CARTESIAN_POINT ( 'NONE',  ( -2.413000000000000300, 1.650999999999999800, 0.0000000000000000000 ) ) ;
#5876 = CARTESIAN_POINT ( 'NONE',  ( -2.412999999999999800, 1.600200000000000100, 0.9994973260062799400 ) ) ;
#5877 = CARTESIAN_POINT ( 'NONE',  ( -1.706248663003139000, 1.549399999999999900, 1.706248663003139500 ) ) ;
#5878 = CARTESIAN_POINT ( 'NONE',  ( -0.9994973260062792700, 1.498600000000000200, 2.412999999999998900 ) ) ;
#5879 = CARTESIAN_POINT ( 'NONE',  ( 8.864925395320177500E-017, 1.447800000000000400, 2.412999999999999800 ) ) ;
#5880 = CARTESIAN_POINT ( 'NONE',  ( 0.9994973260062792700, 1.397000000000000700, 2.412999999999998900 ) ) ;
#5881 = CARTESIAN_POINT ( 'NONE',  ( 1.706248663003139300, 1.346200000000000700, 1.706248663003138800 ) ) ;
#5882 = CARTESIAN_POINT ( 'NONE',  ( 2.412999999999998900, 1.295400000000001000, 0.9994973260062779400 ) ) ;
#5883 = CARTESIAN_POINT ( 'NONE',  ( 2.412999999999999400, 1.244600000000001000, -2.954975131773396100E-016 ) ) ;
#5884 = CARTESIAN_POINT ( 'NONE',  ( 2.412999999999998900, 1.193800000000000900, -0.9994973260062783900 ) ) ;
#5885 = CARTESIAN_POINT ( 'NONE',  ( 1.706248663003138600, 1.143000000000000700, -1.706248663003139300 ) ) ;
#5886 = CARTESIAN_POINT ( 'NONE',  ( 0.9994973260062779400, 1.092200000000000700, -2.412999999999999800 ) ) ;
#5887 = CARTESIAN_POINT ( 'NONE',  ( -4.028097679627946400E-016, 1.041400000000000300, -2.412999999999999800 ) ) ;
#5888 = CARTESIAN_POINT ( 'NONE',  ( -0.9994973260062786100, 0.9906000000000001500, -2.412999999999999800 ) ) ;
#5889 = CARTESIAN_POINT ( 'NONE',  ( -1.706248663003139500, 0.9397999999999998600, -1.706248663003138800 ) ) ;
#5890 = CARTESIAN_POINT ( 'NONE',  ( -2.412999999999999800, 0.8889999999999997900, -0.9994973260062781600 ) ) ;
#5891 = CARTESIAN_POINT ( 'NONE',  ( -2.412999999999999800, 0.8381999999999997200, 0.0000000000000000000 ) ) ;
#5892 = CARTESIAN_POINT ( 'NONE',  ( -2.412999999999998900, 0.7873999999999997700, 0.9994973260062799400 ) ) ;
#5893 = CARTESIAN_POINT ( 'NONE',  ( -1.706248663003138800, 0.7365999999999999200, 1.706248663003139500 ) ) ;
#5894 = CARTESIAN_POINT ( 'NONE',  ( -0.9994973260062790500, 0.6858000000000000800, 2.412999999999998900 ) ) ;
#5895 = CARTESIAN_POINT ( 'NONE',  ( 2.877212628305673700E-016, 0.6350000000000003400, 2.412999999999999800 ) ) ;
#5896 = CARTESIAN_POINT ( 'NONE',  ( 0.9994973260062795000, 0.5842000000000005000, 2.412999999999998900 ) ) ;
#5897 = CARTESIAN_POINT ( 'NONE',  ( 1.706248663003139300, 0.5334000000000007600, 1.706248663003138800 ) ) ;
#5898 = CARTESIAN_POINT ( 'NONE',  ( 2.412999999999999800, 0.4826000000000008600, 0.9994973260062779400 ) ) ;
#5899 = CARTESIAN_POINT ( 'NONE',  ( 2.412999999999999800, 0.4318000000000009100, -2.954975131773396100E-016 ) ) ;
#5900 = CARTESIAN_POINT ( 'NONE',  ( 2.412999999999999800, 0.3869195728911314400, -0.8830288756955653200 ) ) ;
#5901 = CARTESIAN_POINT ( 'NONE',  ( 1.843044061850421100, 0.3406409295698255000, -1.557484377474747300 ) ) ;
#5902 =( BOUNDED_CURVE ( )  B_SPLINE_CURVE ( 2, ( #5901, #5900, #5899, #5898, #5897, #5896, #5895, #5894, #5893, #5892, #5891, #5890, #5889, #5888, #5887, #5886, #5885, #5884, #5883, #5882, #5881, #5880, #5879, #5878, #5877, #5876, #5875, #5874, #5873, #5872, #5871, #5870, #5869, #5868, #5867, #5866, #5865, #5953, #5952, #5951, #5950, #5949, #5948, #5947, #5946, #5945, #5944, #5943, #5942, #5941, #5940, #5939, #5938, #5937, #5936, #5935, #5934, #5933, #5932, #5931, #5930, #5929, #5928, #5927, #5926, #5925, #5924, #5923, #5922, #5921, #5920, #5919, #5918, #5917, #5916, #5915, #5914, #5913, #5912, #5911, #5910, #5909, #5908, #5907, #5906, #5905, #5904, #6032, #6031, #6030, #6029, #6028, #6027, #6026, #6025, #6024, #6023, #6022, #6021, #6020, #6019, #6018, #6017, #6016, #6015, #6014, #6013, #6012, #6011, #6010, #6009, #6008, #6007, #6006, #6005, #6004, #6003, #6002, #6001, #6000, #5999, #5998, #5997, #5996, #5995, #5994, #5993, #5992, #5991, #5990, #5989, #5988, #5987, #5986, #5985, #5984, #5983, #6066, #6065, #6064, #6063, #6062, #6061, #6060, #6059, #6058, #6057, #6056, #6055, #6054, #6053, #6052, #6051, #6050, #6049, #6048, #6047, #6046, #6045, #6044, #6043, #6042, #6041, #6040, #6039, #6038, #6037, #6036, #6035, #6034, #6033 ),
 .UNSPECIFIED., .F., .T. ) 
 B_SPLINE_CURVE_WITH_KNOTS ( ( 3, 2, 2, 2, 2, 2, 2, 2, 2, 2, 2, 2, 2, 2, 2, 2, 2, 2, 2, 2, 2, 2, 2, 2, 2, 2, 2, 2, 2, 2, 2, 2, 2, 2, 2, 2, 2, 2, 2, 2, 2, 2, 2, 2, 2, 2, 2, 2, 2, 2, 2, 2, 2, 2, 2, 2, 2, 2, 2, 2, 2, 2, 2, 2, 2, 2, 2, 2, 2, 2, 2, 2, 2, 2, 2, 2, 2, 2, 2, 2, 2, 2, 2, 2, 2, 3 ),
 ( 0.03532523189464704900, 0.04545454545454545600, 0.05681818181818182300, 0.06818181818181817700, 0.07954545454545454400, 0.09090909090909091200, 0.1022727272727272800, 0.1136363636363636500, 0.1250000000000000000, 0.1363636363636363500, 0.1477272727272727300, 0.1590909090909090900, 0.1704545454545454700, 0.1818181818181818200, 0.1931818181818181800, 0.2045454545454545300, 0.2159090909090908800, 0.2272727272727272900, 0.2386363636363636500, 0.2500000000000000000, 0.2613636363636363500, 0.2727272727272727100, 0.2840909090909091200, 0.2954545454545454700, 0.3068181818181818200, 0.3181818181818181800, 0.3295454545454545300, 0.3409090909090909400, 0.3522727272727272900, 0.3636363636363636500, 0.3750000000000000000, 0.3863636363636363500, 0.3977272727272727600, 0.4090909090909091200, 0.4204545454545454700, 0.4318181818181818200, 0.4431818181818181800, 0.4545454545454545900, 0.4659090909090909400, 0.4772727272727272900, 0.4886363636363636500, 0.5000000000000000000, 0.5113636363636363500, 0.5227272727272727100, 0.5340909090909090600, 0.5454545454545454100, 0.5568181818181818800, 0.5681818181818182300, 0.5795454545454545900, 0.5909090909090909400, 0.6022727272727272900, 0.6136363636363636500, 0.6250000000000000000, 0.6363636363636363500, 0.6477272727272727100, 0.6590909090909090600, 0.6704545454545455300, 0.6818181818181818800, 0.6931818181818182300, 0.7045454545454545900, 0.7159090909090909400, 0.7272727272727272900, 0.7386363636363636500, 0.7500000000000000000, 0.7613636363636363500, 0.7727272727272727100, 0.7840909090909090600, 0.7954545454545455300, 0.8068181818181818800, 0.8181818181818182300, 0.8295454545454545900, 0.8409090909090909400, 0.8522727272727272900, 0.8636363636363636500, 0.8750000000000000000, 0.8863636363636363500, 0.8977272727272727100, 0.9090909090909091700, 0.9204545454545455300, 0.9318181818181818800, 0.9431818181818182300, 0.9545454545454545900, 0.9659090909090909400, 0.9772727272727272900, 0.9886363636363636500, 1.000000000000000000 ),
 .UNSPECIFIED. ) 
 CURVE ( )  GEOMETRIC_REPRESENTATION_ITEM ( )  RATIONAL_B_SPLINE_CURVE ( ( 0.9852597260666604600, 0.9321477686503079100, 1.000000000000000000, 0.9238795325112867400, 1.000000000000000000, 0.9238795325112867400, 1.000000000000000000, 0.9238795325112867400, 1.000000000000000000, 0.9238795325112867400, 1.000000000000000000, 0.9238795325112867400, 1.000000000000000000, 0.9238795325112867400, 1.000000000000000000, 0.9238795325112867400, 1.000000000000000000, 0.9238795325112867400, 1.000000000000000000, 0.9238795325112867400, 1.000000000000000000, 0.9238795325112867400, 1.000000000000000000, 0.9238795325112867400, 1.000000000000000000, 0.9238795325112867400, 1.000000000000000000, 0.9238795325112867400, 1.000000000000000000, 0.9238795325112867400, 1.000000000000000000, 0.9238795325112867400, 1.000000000000000000, 0.9238795325112867400, 1.000000000000000000, 0.9238795325112867400, 1.000000000000000000, 0.9238795325112867400, 1.000000000000000000, 0.9238795325112867400, 1.000000000000000000, 0.9238795325112867400, 1.000000000000000000, 0.9238795325112867400, 1.000000000000000000, 0.9238795325112867400, 1.000000000000000000, 0.9238795325112867400, 1.000000000000000000, 0.9238795325112867400, 1.000000000000000000, 0.9238795325112867400, 1.000000000000000000, 0.9238795325112867400, 1.000000000000000000, 0.9238795325112867400, 1.000000000000000000, 0.9238795325112867400, 1.000000000000000000, 0.9238795325112867400, 1.000000000000000000, 0.9238795325112867400, 1.000000000000000000, 0.9238795325112867400, 1.000000000000000000, 0.9238795325112867400, 1.000000000000000000, 0.9238795325112867400, 1.000000000000000000, 0.9238795325112867400, 1.000000000000000000, 0.9238795325112867400, 1.000000000000000000, 0.9238795325112867400, 1.000000000000000000, 0.9238795325112867400, 1.000000000000000000, 0.9238795325112867400, 1.000000000000000000, 0.9238795325112867400, 1.000000000000000000, 0.9238795325112867400, 1.000000000000000000, 0.9238795325112867400, 1.000000000000000000, 0.9238795325112867400, 1.000000000000000000, 0.9238795325112867400, 1.000000000000000000, 0.9238795325112867400, 1.000000000000000000, 0.9238795325112867400, 1.000000000000000000, 0.9238795325112867400, 1.000000000000000000, 0.9238795325112867400, 1.000000000000000000, 0.9238795325112867400, 1.000000000000000000, 0.9238795325112867400, 1.000000000000000000, 0.9238795325112867400, 1.000000000000000000, 0.9238795325112867400, 1.000000000000000000, 0.9238795325112867400, 1.000000000000000000, 0.9238795325112867400, 1.000000000000000000, 0.9238795325112867400, 1.000000000000000000, 0.9238795325112867400, 1.000000000000000000, 0.9238795325112867400, 1.000000000000000000, 0.9238795325112867400, 1.000000000000000000, 0.9238795325112867400, 1.000000000000000000, 0.9238795325112867400, 1.000000000000000000, 0.9238795325112867400, 1.000000000000000000, 0.9238795325112867400, 1.000000000000000000, 0.9238795325112867400, 1.000000000000000000, 0.9238795325112867400, 1.000000000000000000, 0.9238795325112867400, 1.000000000000000000, 0.9238795325112867400, 1.000000000000000000, 0.9238795325112867400, 1.000000000000000000, 0.9238795325112867400, 1.000000000000000000, 0.9238795325112867400, 1.000000000000000000, 0.9238795325112867400, 1.000000000000000000, 0.9238795325112867400, 1.000000000000000000, 0.9238795325112867400, 1.000000000000000000, 0.9238795325112867400, 1.000000000000000000, 0.9238795325112867400, 1.000000000000000000, 0.9238795325112867400, 1.000000000000000000, 0.9238795325112867400, 1.000000000000000000, 0.9238795325112867400, 1.000000000000000000, 0.9238795325112867400, 1.000000000000000000, 0.9238795325112867400, 1.000000000000000000, 0.9238795325112867400, 1.000000000000000000, 0.9238795325112867400, 1.000000000000000000, 0.9238795325112867400, 1.000000000000000000, 0.9238795325112867400, 1.000000000000000000, 0.9238795325112867400, 1.000000000000000000, 0.9238795325112867400, 1.000000000000000000 ) ) 
 REPRESENTATION_ITEM ( '' )  );
#5903 = FACE_OUTER_BOUND ( 'NONE', #1506, .T. ) ;
#5904 = CARTESIAN_POINT ( 'NONE',  ( -7.076387815562607700E-016, 4.698999999999999800, 2.412999999999999800 ) ) ;
#5905 = CARTESIAN_POINT ( 'NONE',  ( 0.9994973260062786100, 4.648200000000001000, 2.412999999999998900 ) ) ;
#5906 = CARTESIAN_POINT ( 'NONE',  ( 1.706248663003138400, 4.597400000000001300, 1.706248663003138800 ) ) ;
#5907 = CARTESIAN_POINT ( 'NONE',  ( 2.412999999999998900, 4.546600000000001500, 0.9994973260062779400 ) ) ;
#5908 = CARTESIAN_POINT ( 'NONE',  ( 2.412999999999998500, 4.495800000000000900, -2.954975131773396100E-016 ) ) ;
#5909 = CARTESIAN_POINT ( 'NONE',  ( 2.412999999999998900, 4.445000000000001200, -0.9994973260062783900 ) ) ;
#5910 = CARTESIAN_POINT ( 'NONE',  ( 1.706248663003137700, 4.394200000000000500, -1.706248663003139300 ) ) ;
#5911 = CARTESIAN_POINT ( 'NONE',  ( 0.9994973260062771600, 4.343400000000000800, -2.412999999999999800 ) ) ;
#5912 = CARTESIAN_POINT ( 'NONE',  ( -1.199097803472257400E-015, 4.292600000000000200, -2.412999999999999800 ) ) ;
#5913 = CARTESIAN_POINT ( 'NONE',  ( -0.9994973260062795000, 4.241800000000000500, -2.412999999999999800 ) ) ;
#5914 = CARTESIAN_POINT ( 'NONE',  ( -1.706248663003140400, 4.191000000000000700, -1.706248663003138800 ) ) ;
#5915 = CARTESIAN_POINT ( 'NONE',  ( -2.413000000000000700, 4.140200000000000100, -0.9994973260062781600 ) ) ;
#5916 = CARTESIAN_POINT ( 'NONE',  ( -2.413000000000000700, 4.089400000000000400, 0.0000000000000000000 ) ) ;
#5917 = CARTESIAN_POINT ( 'NONE',  ( -2.413000000000000300, 4.038599999999999700, 0.9994973260062799400 ) ) ;
#5918 = CARTESIAN_POINT ( 'NONE',  ( -1.706248663003139500, 3.987800000000000500, 1.706248663003139500 ) ) ;
#5919 = CARTESIAN_POINT ( 'NONE',  ( -0.9994973260062797200, 3.937000000000000300, 2.412999999999998900 ) ) ;
#5920 = CARTESIAN_POINT ( 'NONE',  ( -5.085667726788951000E-016, 3.886200000000000500, 2.412999999999999800 ) ) ;
#5921 = CARTESIAN_POINT ( 'NONE',  ( 0.9994973260062787200, 3.835400000000000400, 2.412999999999998900 ) ) ;
#5922 = CARTESIAN_POINT ( 'NONE',  ( 1.706248663003138600, 3.784600000000000600, 1.706248663003138800 ) ) ;
#5923 = CARTESIAN_POINT ( 'NONE',  ( 2.412999999999998900, 3.733800000000000900, 0.9994973260062779400 ) ) ;
#5924 = CARTESIAN_POINT ( 'NONE',  ( 2.412999999999998900, 3.683000000000001200, -2.954975131773396100E-016 ) ) ;
#5925 = CARTESIAN_POINT ( 'NONE',  ( 2.412999999999998900, 3.632200000000001400, -0.9994973260062783900 ) ) ;
#5926 = CARTESIAN_POINT ( 'NONE',  ( 1.706248663003137900, 3.581400000000000800, -1.706248663003139300 ) ) ;
#5927 = CARTESIAN_POINT ( 'NONE',  ( 0.9994973260062772800, 3.530600000000000600, -2.412999999999999800 ) ) ;
#5928 = CARTESIAN_POINT ( 'NONE',  ( -1.000025794594891700E-015, 3.479800000000000900, -2.412999999999999800 ) ) ;
#5929 = CARTESIAN_POINT ( 'NONE',  ( -0.9994973260062792700, 3.429000000000000700, -2.412999999999999800 ) ) ;
#5930 = CARTESIAN_POINT ( 'NONE',  ( -1.706248663003140200, 3.378200000000000100, -1.706248663003138800 ) ) ;
#5931 = CARTESIAN_POINT ( 'NONE',  ( -2.413000000000000700, 3.327400000000000400, -0.9994973260062781600 ) ) ;
#5932 = CARTESIAN_POINT ( 'NONE',  ( -2.413000000000000700, 3.276599999999999700, 0.0000000000000000000 ) ) ;
#5933 = CARTESIAN_POINT ( 'NONE',  ( -2.413000000000000300, 3.225799999999999600, 0.9994973260062799400 ) ) ;
#5934 = CARTESIAN_POINT ( 'NONE',  ( -1.706248663003139500, 3.175000000000000300, 1.706248663003139500 ) ) ;
#5935 = CARTESIAN_POINT ( 'NONE',  ( -0.9994973260062797200, 3.124200000000000100, 2.412999999999998900 ) ) ;
#5936 = CARTESIAN_POINT ( 'NONE',  ( -3.094947638015294900E-016, 3.073400000000000400, 2.412999999999999800 ) ) ;
#5937 = CARTESIAN_POINT ( 'NONE',  ( 0.9994973260062790500, 3.022600000000000600, 2.412999999999998900 ) ) ;
#5938 = CARTESIAN_POINT ( 'NONE',  ( 1.706248663003138800, 2.971800000000000400, 1.706248663003138800 ) ) ;
#5939 = CARTESIAN_POINT ( 'NONE',  ( 2.412999999999998900, 2.921000000000000700, 0.9994973260062779400 ) ) ;
#5940 = CARTESIAN_POINT ( 'NONE',  ( 2.412999999999998900, 2.870200000000001000, -2.954975131773396100E-016 ) ) ;
#5941 = CARTESIAN_POINT ( 'NONE',  ( 2.412999999999998900, 2.819400000000000800, -0.9994973260062783900 ) ) ;
#5942 = CARTESIAN_POINT ( 'NONE',  ( 1.706248663003138200, 2.768600000000000600, -1.706248663003139300 ) ) ;
#5943 = CARTESIAN_POINT ( 'NONE',  ( 0.9994973260062775000, 2.717800000000001300, -2.412999999999999800 ) ) ;
#5944 = CARTESIAN_POINT ( 'NONE',  ( -8.009537857175258300E-016, 2.667000000000000700, -2.412999999999999800 ) ) ;
#5945 = CARTESIAN_POINT ( 'NONE',  ( -0.9994973260062790500, 2.616200000000000500, -2.412999999999999800 ) ) ;
#5946 = CARTESIAN_POINT ( 'NONE',  ( -1.706248663003139900, 2.565400000000000300, -1.706248663003138800 ) ) ;
#5947 = CARTESIAN_POINT ( 'NONE',  ( -2.413000000000000300, 2.514600000000000200, -0.9994973260062781600 ) ) ;
#5948 = CARTESIAN_POINT ( 'NONE',  ( -2.413000000000000300, 2.463800000000000000, 0.0000000000000000000 ) ) ;
#5949 = CARTESIAN_POINT ( 'NONE',  ( -2.412999999999999800, 2.412999999999999800, 0.9994973260062799400 ) ) ;
#5950 = CARTESIAN_POINT ( 'NONE',  ( -1.706248663003139300, 2.362200000000000100, 1.706248663003139500 ) ) ;
#5951 = CARTESIAN_POINT ( 'NONE',  ( -0.9994973260062795000, 2.311400000000000300, 2.412999999999998900 ) ) ;
#5952 = CARTESIAN_POINT ( 'NONE',  ( -1.104227549241639200E-016, 2.260600000000000600, 2.412999999999999800 ) ) ;
#5953 = CARTESIAN_POINT ( 'NONE',  ( 0.9994973260062792700, 2.209800000000000400, 2.412999999999998900 ) ) ;
#5954 = CARTESIAN_POINT ( 'NONE',  ( 0.8679845199528204400, 1.270000000000000700, -2.095500000000000400 ) ) ;
#5955 = CARTESIAN_POINT ( 'NONE',  ( -4.269161440377881900E-016, 1.219200000000000100, -2.095500000000000400 ) ) ;
#5956 = CARTESIAN_POINT ( 'NONE',  ( -0.8679845199528210000, 1.168399999999999900, -2.095500000000000400 ) ) ;
#5957 = CARTESIAN_POINT ( 'NONE',  ( -1.481742259976410700, 1.117599999999999900, -1.481742259976410300 ) ) ;
#5958 = CARTESIAN_POINT ( 'NONE',  ( -2.095500000000000400, 1.066800000000000000, -0.8679845199528208900 ) ) ;
#5959 = CARTESIAN_POINT ( 'NONE',  ( -2.095500000000000400, 1.015999999999999800, 0.0000000000000000000 ) ) ;
#5960 = CARTESIAN_POINT ( 'NONE',  ( -2.095499999999999900, 0.9651999999999997200, 0.8679845199528224400 ) ) ;
#5961 = CARTESIAN_POINT ( 'NONE',  ( -1.481742259976410300, 0.9143999999999999900, 1.481742259976410700 ) ) ;
#5962 = CARTESIAN_POINT ( 'NONE',  ( -0.8679845199528213300, 0.8636000000000001500, 2.095499999999999900 ) ) ;
#5963 = CARTESIAN_POINT ( 'NONE',  ( 1.858523832878530000E-016, 0.8128000000000003000, 2.095500000000000400 ) ) ;
#5964 = CARTESIAN_POINT ( 'NONE',  ( 0.8679845199528218900, 0.7620000000000004500, 2.095499999999999900 ) ) ;
#5965 = CARTESIAN_POINT ( 'NONE',  ( 1.481742259976410500, 0.7112000000000006100, 1.481742259976410300 ) ) ;
#5966 = CARTESIAN_POINT ( 'NONE',  ( 2.095500000000000400, 0.6604000000000007600, 0.8679845199528205500 ) ) ;
#5967 = CARTESIAN_POINT ( 'NONE',  ( 2.095500000000000400, 0.6096000000000008100, -2.566162614434791800E-016 ) ) ;
#5968 = CARTESIAN_POINT ( 'NONE',  ( 2.095500000000000400, 0.5588000000000008500, -0.8679845199528210000 ) ) ;
#5969 = CARTESIAN_POINT ( 'NONE',  ( 1.481742259976410300, 0.5080000000000006700, -1.481742259976410500 ) ) ;
#5970 = CARTESIAN_POINT ( 'NONE',  ( 0.8679845199528205500, 0.4572000000000004400, -2.095500000000000400 ) ) ;
#5971 = CARTESIAN_POINT ( 'NONE',  ( -2.278441351604225200E-016, 0.4064000000000002600, -2.095500000000000400 ) ) ;
#5972 = CARTESIAN_POINT ( 'NONE',  ( -0.8679845199528210000, 0.3556000000000001400, -2.095500000000000400 ) ) ;
#5973 = CARTESIAN_POINT ( 'NONE',  ( -1.481742259976410500, 0.3047999999999999000, -1.481742259976410300 ) ) ;
#5974 = CARTESIAN_POINT ( 'NONE',  ( -2.095500000000000400, 0.2539999999999997800, -0.8679845199528208900 ) ) ;
#5975 = CARTESIAN_POINT ( 'NONE',  ( -2.095500000000000400, 0.2031999999999997700, 0.0000000000000000000 ) ) ;
#5976 = DIRECTION ( 'NONE',  ( -1.265095430716856400E-016, 0.0000000000000000000, -1.000000000000000000 ) ) ;
#5977 = VECTOR ( 'NONE', #5976, 1000.000000000000000 ) ;
#5978 = CARTESIAN_POINT ( 'NONE',  ( 0.4445000000000002300, 11.43000000000000000, -0.4444999999999997800 ) ) ;
#5979 = LINE ( 'NONE', #5978, #5977 ) ;
#5980 =( BOUNDED_SURFACE ( )  B_SPLINE_SURFACE ( 1, 2, ( 
 ( #5975, #5974, #5973, #5972, #5971, #5970, #5969, #5968, #5967, #5966, #5965, #5964, #5963, #5962, #5961, #5960, #5959, #5958, #5957, #5956, #5955, #5954, #6117, #6116, #6115, #6114, #6113, #6112, #6111, #6110, #6109, #6108, #6107, #6106, #6105, #6104, #6103, #6102, #6101, #6100, #6099, #6098, #6097, #6096, #6095, #6094, #6093, #6092, #6091, #6090, #6089, #6088, #6087, #6086, #6085, #6084, #6083, #6082, #6081, #6080, #6079, #6078, #6077, #6076, #6075, #6074, #6073, #6072, #6071, #6070, #6069, #6068, #6067, #6168, #6167, #6166, #6165, #6164, #6163, #6162, #6161, #6160, #6159, #6158, #6157, #6156, #6155, #6154, #6153, #6152, #6151, #6150, #6149, #6148, #6147, #6146, #6145, #6144, #6143, #6142, #6141, #6140, #6139, #6138, #6137, #6136, #6135, #6134, #6133, #6132, #6131, #6130, #6129, #6128, #6127, #6126, #6125, #6124, #6123, #6122, #6121, #6120, #6119, #6118, #6219, #6218, #6217, #6216, #6215, #6214, #6213, #6212, #6211, #6210, #6209, #6208, #6207, #6206, #6205, #6204, #6203, #6202, #6201, #6200, #6199, #6198, #6197, #6196, #6195, #6194, #6193, #6192, #6191, #6190, #6189, #6188, #6187, #6186, #6185, #6184, #6183, #6182, #6181, #6180, #6179, #6178, #6177, #6176, #6175, #6174, #6173, #6172, #6171, #6170, #6169, #6266, #6265 ),
 ( #6264, #6263, #6262, #6261, #6260, #6259, #6258, #6257, #6256, #6255, #6254, #6253, #6252, #6251, #6250, #6249, #6248, #6247, #6246, #6245, #6244, #6243, #6242, #6241, #6240, #6239, #6238, #6237, #6236, #6235, #6234, #6233, #6232, #6231, #6230, #6229, #6228, #6227, #6226, #6225, #6224, #6223, #6222, #6221, #6220, #6317, #6316, #6315, #6314, #6313, #6312, #6311, #6310, #6309, #6308, #6307, #6306, #6305, #6304, #6303, #6302, #6301, #6300, #6299, #6298, #6297, #6296, #6295, #6294, #6293, #6292, #6291, #6290, #6289, #6288, #6287, #6286, #6285, #6284, #6283, #6282, #6281, #6280, #6279, #6278, #6277, #6276, #6275, #6274, #6273, #6272, #6271, #6270, #6269, #6268, #6267, #6368, #6367, #6366, #6365, #6364, #6363, #6362, #6361, #6360, #6359, #6358, #6357, #6356, #6355, #6354, #6353, #6352, #6351, #6350, #6349, #6348, #6347, #6346, #6345, #6344, #6343, #6342, #6341, #6340, #6339, #6338, #6337, #6336, #6335, #6334, #6333, #6332, #6331, #6330, #6329, #6328, #6327, #6326, #6325, #6324, #6323, #6322, #6321, #6320, #6319, #6318, #6398, #6397, #6396, #6395, #6394, #6393, #6392, #6391, #6390, #6389, #6388, #6387, #6386, #6385, #6384, #6383, #6382, #6381, #6380, #6379, #6378, #6377, #6376, #6375, #6374, #6373, #6372, #6371, #6370, #6369 ) ),
 .UNSPECIFIED., .F., .F., .T. ) 
 B_SPLINE_SURFACE_WITH_KNOTS ( ( 2, 2 ),
 ( 3, 2, 2, 2, 2, 2, 2, 2, 2, 2, 2, 2, 2, 2, 2, 2, 2, 2, 2, 2, 2, 2, 2, 2, 2, 2, 2, 2, 2, 2, 2, 2, 2, 2, 2, 2, 2, 2, 2, 2, 2, 2, 2, 2, 2, 2, 2, 2, 2, 2, 2, 2, 2, 2, 2, 2, 2, 2, 2, 2, 2, 2, 2, 2, 2, 2, 2, 2, 2, 2, 2, 2, 2, 2, 2, 2, 2, 2, 2, 2, 2, 2, 2, 2, 2, 2, 2, 2, 3 ),
 ( 0.6500436276589973700, 0.9571303920974294500 ),
 ( 0.0000000000000000000, 0.01136363636363636400, 0.02272727272727272800, 0.03409090909090908800, 0.04545454545454545600, 0.05681818181818182300, 0.06818181818181817700, 0.07954545454545454400, 0.09090909090909091200, 0.1022727272727272800, 0.1136363636363636500, 0.1250000000000000000, 0.1363636363636363500, 0.1477272727272727300, 0.1590909090909090900, 0.1704545454545454700, 0.1818181818181818200, 0.1931818181818181800, 0.2045454545454545600, 0.2159090909090909100, 0.2272727272727272900, 0.2386363636363636500, 0.2500000000000000000, 0.2613636363636363500, 0.2727272727272727100, 0.2840909090909091200, 0.2954545454545454700, 0.3068181818181818200, 0.3181818181818181800, 0.3295454545454545300, 0.3409090909090909400, 0.3522727272727272900, 0.3636363636363636500, 0.3750000000000000000, 0.3863636363636363500, 0.3977272727272727600, 0.4090909090909091200, 0.4204545454545454700, 0.4318181818181818200, 0.4431818181818181800, 0.4545454545454545900, 0.4659090909090909400, 0.4772727272727272900, 0.4886363636363636500, 0.5000000000000000000, 0.5113636363636363500, 0.5227272727272727100, 0.5340909090909090600, 0.5454545454545454100, 0.5568181818181818800, 0.5681818181818182300, 0.5795454545454545900, 0.5909090909090909400, 0.6022727272727272900, 0.6136363636363636500, 0.6250000000000000000, 0.6363636363636363500, 0.6477272727272727100, 0.6590909090909090600, 0.6704545454545455300, 0.6818181818181818800, 0.6931818181818182300, 0.7045454545454545900, 0.7159090909090909400, 0.7272727272727272900, 0.7386363636363636500, 0.7500000000000000000, 0.7613636363636363500, 0.7727272727272727100, 0.7840909090909090600, 0.7954545454545455300, 0.8068181818181818800, 0.8181818181818182300, 0.8295454545454545900, 0.8409090909090909400, 0.8522727272727272900, 0.8636363636363636500, 0.8750000000000000000, 0.8863636363636363500, 0.8977272727272727100, 0.9090909090909091700, 0.9204545454545455300, 0.9318181818181818800, 0.9431818181818182300, 0.9545454545454545900, 0.9659090909090909400, 0.9772727272727272900, 0.9886363636363636500, 1.000000000000000000 ),
 .UNSPECIFIED. ) 
 GEOMETRIC_REPRESENTATION_ITEM ( )  RATIONAL_B_SPLINE_SURFACE ( (
 ( 1.000000000000000000, 0.9238795325112867400, 1.000000000000000000, 0.9238795325112867400, 1.000000000000000000, 0.9238795325112867400, 1.000000000000000000, 0.9238795325112867400, 1.000000000000000000, 0.9238795325112867400, 1.000000000000000000, 0.9238795325112867400, 1.000000000000000000, 0.9238795325112867400, 1.000000000000000000, 0.9238795325112867400, 1.000000000000000000, 0.9238795325112867400, 1.000000000000000000, 0.9238795325112867400, 1.000000000000000000, 0.9238795325112867400, 1.000000000000000000, 0.9238795325112867400, 1.000000000000000000, 0.9238795325112867400, 1.000000000000000000, 0.9238795325112867400, 1.000000000000000000, 0.9238795325112867400, 1.000000000000000000, 0.9238795325112867400, 1.000000000000000000, 0.9238795325112867400, 1.000000000000000000, 0.9238795325112867400, 1.000000000000000000, 0.9238795325112867400, 1.000000000000000000, 0.9238795325112867400, 1.000000000000000000, 0.9238795325112867400, 1.000000000000000000, 0.9238795325112867400, 1.000000000000000000, 0.9238795325112867400, 1.000000000000000000, 0.9238795325112867400, 1.000000000000000000, 0.9238795325112867400, 1.000000000000000000, 0.9238795325112867400, 1.000000000000000000, 0.9238795325112867400, 1.000000000000000000, 0.9238795325112867400, 1.000000000000000000, 0.9238795325112867400, 1.000000000000000000, 0.9238795325112867400, 1.000000000000000000, 0.9238795325112867400, 1.000000000000000000, 0.9238795325112867400, 1.000000000000000000, 0.9238795325112867400, 1.000000000000000000, 0.9238795325112867400, 1.000000000000000000, 0.9238795325112867400, 1.000000000000000000, 0.9238795325112867400, 1.000000000000000000, 0.9238795325112867400, 1.000000000000000000, 0.9238795325112867400, 1.000000000000000000, 0.9238795325112867400, 1.000000000000000000, 0.9238795325112867400, 1.000000000000000000, 0.9238795325112867400, 1.000000000000000000, 0.9238795325112867400, 1.000000000000000000, 0.9238795325112867400, 1.000000000000000000, 0.9238795325112867400, 1.000000000000000000, 0.9238795325112867400, 1.000000000000000000, 0.9238795325112867400, 1.000000000000000000, 0.9238795325112867400, 1.000000000000000000, 0.9238795325112867400, 1.000000000000000000, 0.9238795325112867400, 1.000000000000000000, 0.9238795325112867400, 1.000000000000000000, 0.9238795325112867400, 1.000000000000000000, 0.9238795325112867400, 1.000000000000000000, 0.9238795325112867400, 1.000000000000000000, 0.9238795325112867400, 1.000000000000000000, 0.9238795325112867400, 1.000000000000000000, 0.9238795325112867400, 1.000000000000000000, 0.9238795325112867400, 1.000000000000000000, 0.9238795325112867400, 1.000000000000000000, 0.9238795325112867400, 1.000000000000000000, 0.9238795325112867400, 1.000000000000000000, 0.9238795325112867400, 1.000000000000000000, 0.9238795325112867400, 1.000000000000000000, 0.9238795325112867400, 1.000000000000000000, 0.9238795325112867400, 1.000000000000000000, 0.9238795325112867400, 1.000000000000000000, 0.9238795325112867400, 1.000000000000000000, 0.9238795325112867400, 1.000000000000000000, 0.9238795325112867400, 1.000000000000000000, 0.9238795325112867400, 1.000000000000000000, 0.9238795325112867400, 1.000000000000000000, 0.9238795325112867400, 1.000000000000000000, 0.9238795325112867400, 1.000000000000000000, 0.9238795325112867400, 1.000000000000000000, 0.9238795325112867400, 1.000000000000000000, 0.9238795325112867400, 1.000000000000000000, 0.9238795325112867400, 1.000000000000000000, 0.9238795325112867400, 1.000000000000000000, 0.9238795325112867400, 1.000000000000000000, 0.9238795325112867400, 1.000000000000000000, 0.9238795325112867400, 1.000000000000000000, 0.9238795325112867400, 1.000000000000000000, 0.9238795325112867400, 1.000000000000000000, 0.9238795325112867400, 1.000000000000000000, 0.9238795325112867400, 1.000000000000000000, 0.9238795325112867400, 1.000000000000000000, 0.9238795325112867400, 1.000000000000000000, 0.9238795325112867400, 1.000000000000000000, 0.9238795325112867400, 1.000000000000000000),
 ( 1.000000000000000000, 0.9238795325112867400, 1.000000000000000000, 0.9238795325112867400, 1.000000000000000000, 0.9238795325112867400, 1.000000000000000000, 0.9238795325112867400, 1.000000000000000000, 0.9238795325112867400, 1.000000000000000000, 0.9238795325112867400, 1.000000000000000000, 0.9238795325112867400, 1.000000000000000000, 0.9238795325112867400, 1.000000000000000000, 0.9238795325112867400, 1.000000000000000000, 0.9238795325112867400, 1.000000000000000000, 0.9238795325112867400, 1.000000000000000000, 0.9238795325112867400, 1.000000000000000000, 0.9238795325112867400, 1.000000000000000000, 0.9238795325112867400, 1.000000000000000000, 0.9238795325112867400, 1.000000000000000000, 0.9238795325112867400, 1.000000000000000000, 0.9238795325112867400, 1.000000000000000000, 0.9238795325112867400, 1.000000000000000000, 0.9238795325112867400, 1.000000000000000000, 0.9238795325112867400, 1.000000000000000000, 0.9238795325112867400, 1.000000000000000000, 0.9238795325112867400, 1.000000000000000000, 0.9238795325112867400, 1.000000000000000000, 0.9238795325112867400, 1.000000000000000000, 0.9238795325112867400, 1.000000000000000000, 0.9238795325112867400, 1.000000000000000000, 0.9238795325112867400, 1.000000000000000000, 0.9238795325112867400, 1.000000000000000000, 0.9238795325112867400, 1.000000000000000000, 0.9238795325112867400, 1.000000000000000000, 0.9238795325112867400, 1.000000000000000000, 0.9238795325112867400, 1.000000000000000000, 0.9238795325112867400, 1.000000000000000000, 0.9238795325112867400, 1.000000000000000000, 0.9238795325112867400, 1.000000000000000000, 0.9238795325112867400, 1.000000000000000000, 0.9238795325112867400, 1.000000000000000000, 0.9238795325112867400, 1.000000000000000000, 0.9238795325112867400, 1.000000000000000000, 0.9238795325112867400, 1.000000000000000000, 0.9238795325112867400, 1.000000000000000000, 0.9238795325112867400, 1.000000000000000000, 0.9238795325112867400, 1.000000000000000000, 0.9238795325112867400, 1.000000000000000000, 0.9238795325112867400, 1.000000000000000000, 0.9238795325112867400, 1.000000000000000000, 0.9238795325112867400, 1.000000000000000000, 0.9238795325112867400, 1.000000000000000000, 0.9238795325112867400, 1.000000000000000000, 0.9238795325112867400, 1.000000000000000000, 0.9238795325112867400, 1.000000000000000000, 0.9238795325112867400, 1.000000000000000000, 0.9238795325112867400, 1.000000000000000000, 0.9238795325112867400, 1.000000000000000000, 0.9238795325112867400, 1.000000000000000000, 0.9238795325112867400, 1.000000000000000000, 0.9238795325112867400, 1.000000000000000000, 0.9238795325112867400, 1.000000000000000000, 0.9238795325112867400, 1.000000000000000000, 0.9238795325112867400, 1.000000000000000000, 0.9238795325112867400, 1.000000000000000000, 0.9238795325112867400, 1.000000000000000000, 0.9238795325112867400, 1.000000000000000000, 0.9238795325112867400, 1.000000000000000000, 0.9238795325112867400, 1.000000000000000000, 0.9238795325112867400, 1.000000000000000000, 0.9238795325112867400, 1.000000000000000000, 0.9238795325112867400, 1.000000000000000000, 0.9238795325112867400, 1.000000000000000000, 0.9238795325112867400, 1.000000000000000000, 0.9238795325112867400, 1.000000000000000000, 0.9238795325112867400, 1.000000000000000000, 0.9238795325112867400, 1.000000000000000000, 0.9238795325112867400, 1.000000000000000000, 0.9238795325112867400, 1.000000000000000000, 0.9238795325112867400, 1.000000000000000000, 0.9238795325112867400, 1.000000000000000000, 0.9238795325112867400, 1.000000000000000000, 0.9238795325112867400, 1.000000000000000000, 0.9238795325112867400, 1.000000000000000000, 0.9238795325112867400, 1.000000000000000000, 0.9238795325112867400, 1.000000000000000000, 0.9238795325112867400, 1.000000000000000000, 0.9238795325112867400, 1.000000000000000000, 0.9238795325112867400, 1.000000000000000000, 0.9238795325112867400, 1.000000000000000000, 0.9238795325112867400, 1.000000000000000000, 0.9238795325112867400, 1.000000000000000000) ) ) 
 REPRESENTATION_ITEM ( '' )  SURFACE ( )  );
#5981 = DIRECTION ( 'NONE',  ( -1.000000000000000000, 0.0000000000000000000, -1.581369288396070100E-016 ) ) ;
#5982 = DIRECTION ( 'NONE',  ( 1.581369288396070100E-016, 0.0000000000000000000, -1.000000000000000000 ) ) ;
#5983 = CARTESIAN_POINT ( 'NONE',  ( -1.706248663003140400, 7.239000000000000800, 1.706248663003139500 ) ) ;
#5984 = CARTESIAN_POINT ( 'NONE',  ( -0.9994973260062806100, 7.188200000000000100, 2.412999999999998900 ) ) ;
#5985 = CARTESIAN_POINT ( 'NONE',  ( -1.304854808188357700E-015, 7.137400000000000400, 2.412999999999999800 ) ) ;
#5986 = CARTESIAN_POINT ( 'NONE',  ( 0.9994973260062779400, 7.086600000000000700, 2.412999999999998900 ) ) ;
#5987 = CARTESIAN_POINT ( 'NONE',  ( 1.706248663003137700, 7.035800000000000900, 1.706248663003138800 ) ) ;
#5988 = CARTESIAN_POINT ( 'NONE',  ( 2.412999999999998900, 6.985000000000000300, 0.9994973260062779400 ) ) ;
#5989 = CARTESIAN_POINT ( 'NONE',  ( 2.412999999999998000, 6.934200000000001500, -2.954975131773396100E-016 ) ) ;
#5990 = CARTESIAN_POINT ( 'NONE',  ( 2.412999999999998900, 6.883400000000002600, -0.9994973260062783900 ) ) ;
#5991 = CARTESIAN_POINT ( 'NONE',  ( 1.706248663003137000, 6.832600000000001100, -1.706248663003139300 ) ) ;
#5992 = CARTESIAN_POINT ( 'NONE',  ( 0.9994973260062765000, 6.781800000000002300, -2.412999999999999800 ) ) ;
#5993 = CARTESIAN_POINT ( 'NONE',  ( -1.796313830104354000E-015, 6.730999999999999900, -2.412999999999999800 ) ) ;
#5994 = CARTESIAN_POINT ( 'NONE',  ( -0.9994973260062801600, 6.680200000000001000, -2.412999999999999800 ) ) ;
#5995 = CARTESIAN_POINT ( 'NONE',  ( -1.706248663003140800, 6.629400000000000400, -1.706248663003138800 ) ) ;
#5996 = CARTESIAN_POINT ( 'NONE',  ( -2.413000000000001600, 6.578600000000001600, -0.9994973260062781600 ) ) ;
#5997 = CARTESIAN_POINT ( 'NONE',  ( -2.413000000000001600, 6.527800000000000000, 0.0000000000000000000 ) ) ;
#5998 = CARTESIAN_POINT ( 'NONE',  ( -2.413000000000001100, 6.476999999999999400, 0.9994973260062799400 ) ) ;
#5999 = CARTESIAN_POINT ( 'NONE',  ( -1.706248663003140200, 6.426199999999999700, 1.706248663003139500 ) ) ;
#6000 = CARTESIAN_POINT ( 'NONE',  ( -0.9994973260062803800, 6.375400000000000800, 2.412999999999998900 ) ) ;
#6001 = CARTESIAN_POINT ( 'NONE',  ( -1.105782799310992200E-015, 6.324600000000000200, 2.412999999999999800 ) ) ;
#6002 = CARTESIAN_POINT ( 'NONE',  ( 0.9994973260062781600, 6.273800000000001400, 2.412999999999998900 ) ) ;
#6003 = CARTESIAN_POINT ( 'NONE',  ( 1.706248663003137900, 6.223000000000000800, 1.706248663003138800 ) ) ;
#6004 = CARTESIAN_POINT ( 'NONE',  ( 2.412999999999998900, 6.172200000000001000, 0.9994973260062779400 ) ) ;
#6005 = CARTESIAN_POINT ( 'NONE',  ( 2.412999999999998500, 6.121400000000000400, -2.954975131773396100E-016 ) ) ;
#6006 = CARTESIAN_POINT ( 'NONE',  ( 2.412999999999998900, 6.070600000000001600, -0.9994973260062783900 ) ) ;
#6007 = CARTESIAN_POINT ( 'NONE',  ( 1.706248663003137300, 6.019800000000000900, -1.706248663003139300 ) ) ;
#6008 = CARTESIAN_POINT ( 'NONE',  ( 0.9994973260062767200, 5.969000000000002100, -2.412999999999999800 ) ) ;
#6009 = CARTESIAN_POINT ( 'NONE',  ( -1.597241821226988700E-015, 5.918200000000000600, -2.412999999999999800 ) ) ;
#6010 = CARTESIAN_POINT ( 'NONE',  ( -0.9994973260062799400, 5.867399999999999900, -2.412999999999999800 ) ) ;
#6011 = CARTESIAN_POINT ( 'NONE',  ( -1.706248663003140800, 5.816600000000000200, -1.706248663003138800 ) ) ;
#6012 = CARTESIAN_POINT ( 'NONE',  ( -2.413000000000001100, 5.765800000000000500, -0.9994973260062781600 ) ) ;
#6013 = CARTESIAN_POINT ( 'NONE',  ( -2.413000000000001100, 5.715000000000000700, 0.0000000000000000000 ) ) ;
#6014 = CARTESIAN_POINT ( 'NONE',  ( -2.413000000000000700, 5.664200000000000100, 0.9994973260062799400 ) ) ;
#6015 = CARTESIAN_POINT ( 'NONE',  ( -1.706248663003139900, 5.613400000000000400, 1.706248663003139500 ) ) ;
#6016 = CARTESIAN_POINT ( 'NONE',  ( -0.9994973260062801600, 5.562599999999999800, 2.412999999999998900 ) ) ;
#6017 = CARTESIAN_POINT ( 'NONE',  ( -9.067107904336265400E-016, 5.511800000000000000, 2.412999999999999800 ) ) ;
#6018 = CARTESIAN_POINT ( 'NONE',  ( 0.9994973260062783900, 5.461000000000002100, 2.412999999999998900 ) ) ;
#6019 = CARTESIAN_POINT ( 'NONE',  ( 1.706248663003138200, 5.410200000000001500, 1.706248663003138800 ) ) ;
#6020 = CARTESIAN_POINT ( 'NONE',  ( 2.412999999999998900, 5.359400000000001700, 0.9994973260062779400 ) ) ;
#6021 = CARTESIAN_POINT ( 'NONE',  ( 2.412999999999998500, 5.308600000000001100, -2.954975131773396100E-016 ) ) ;
#6022 = CARTESIAN_POINT ( 'NONE',  ( 2.412999999999998900, 5.257800000000002200, -0.9994973260062783900 ) ) ;
#6023 = CARTESIAN_POINT ( 'NONE',  ( 1.706248663003137500, 5.207000000000000700, -1.706248663003139300 ) ) ;
#6024 = CARTESIAN_POINT ( 'NONE',  ( 0.9994973260062769400, 5.156200000000001000, -2.412999999999999800 ) ) ;
#6025 = CARTESIAN_POINT ( 'NONE',  ( -1.398169812349623000E-015, 5.105400000000000400, -2.412999999999999800 ) ) ;
#6026 = CARTESIAN_POINT ( 'NONE',  ( -0.9994973260062797200, 5.054599999999999800, -2.412999999999999800 ) ) ;
#6027 = CARTESIAN_POINT ( 'NONE',  ( -1.706248663003140600, 5.003800000000000000, -1.706248663003138800 ) ) ;
#6028 = CARTESIAN_POINT ( 'NONE',  ( -2.413000000000001100, 4.953000000000000300, -0.9994973260062781600 ) ) ;
#6029 = CARTESIAN_POINT ( 'NONE',  ( -2.413000000000001100, 4.902200000000000600, 0.0000000000000000000 ) ) ;
#6030 = CARTESIAN_POINT ( 'NONE',  ( -2.413000000000000700, 4.851399999999999900, 0.9994973260062799400 ) ) ;
#6031 = CARTESIAN_POINT ( 'NONE',  ( -1.706248663003139700, 4.800600000000000200, 1.706248663003139500 ) ) ;
#6032 = CARTESIAN_POINT ( 'NONE',  ( -0.9994973260062799400, 4.749800000000000500, 2.412999999999998900 ) ) ;
#6033 = CARTESIAN_POINT ( 'NONE',  ( -2.413000000000002000, 8.966200000000000600, 0.0000000000000000000 ) ) ;
#6034 = CARTESIAN_POINT ( 'NONE',  ( -2.413000000000001600, 8.915400000000003500, 0.9994973260062799400 ) ) ;
#6035 = CARTESIAN_POINT ( 'NONE',  ( -1.706248663003140800, 8.864599999999999400, 1.706248663003139500 ) ) ;
#6036 = CARTESIAN_POINT ( 'NONE',  ( -0.9994973260062810500, 8.813800000000000500, 2.412999999999998900 ) ) ;
#6037 = CARTESIAN_POINT ( 'NONE',  ( -1.702998825943089000E-015, 8.762999999999999900, 2.412999999999999800 ) ) ;
#6038 = CARTESIAN_POINT ( 'NONE',  ( 0.9994973260062775000, 8.712200000000001100, 2.412999999999998900 ) ) ;
#6039 = CARTESIAN_POINT ( 'NONE',  ( 1.706248663003137300, 8.661400000000000400, 1.706248663003138800 ) ) ;
#6040 = CARTESIAN_POINT ( 'NONE',  ( 2.412999999999997600, 8.610600000000001600, 0.9994973260062779400 ) ) ;
#6041 = CARTESIAN_POINT ( 'NONE',  ( 2.412999999999997600, 8.559800000000001000, -2.954975131773396100E-016 ) ) ;
#6042 = CARTESIAN_POINT ( 'NONE',  ( 2.412999999999997600, 8.509000000000000300, -0.9994973260062783900 ) ) ;
#6043 = CARTESIAN_POINT ( 'NONE',  ( 1.706248663003136600, 8.458200000000001500, -1.706248663003139300 ) ) ;
#6044 = CARTESIAN_POINT ( 'NONE',  ( 0.9994973260062762800, 8.407400000000000900, -2.412999999999999800 ) ) ;
#6045 = CARTESIAN_POINT ( 'NONE',  ( -2.194457847859085300E-015, 8.356600000000000300, -2.412999999999999800 ) ) ;
#6046 = CARTESIAN_POINT ( 'NONE',  ( -0.9994973260062803800, 8.305799999999999600, -2.412999999999999800 ) ) ;
#6047 = CARTESIAN_POINT ( 'NONE',  ( -1.706248663003141300, 8.255000000000000800, -1.706248663003138800 ) ) ;
#6048 = CARTESIAN_POINT ( 'NONE',  ( -2.413000000000002000, 8.204200000000000200, -0.9994973260062781600 ) ) ;
#6049 = CARTESIAN_POINT ( 'NONE',  ( -2.413000000000002000, 8.153399999999999500, 0.0000000000000000000 ) ) ;
#6050 = CARTESIAN_POINT ( 'NONE',  ( -2.413000000000001600, 8.102599999999998900, 0.9994973260062799400 ) ) ;
#6051 = CARTESIAN_POINT ( 'NONE',  ( -1.706248663003140600, 8.051800000000000100, 1.706248663003139500 ) ) ;
#6052 = CARTESIAN_POINT ( 'NONE',  ( -0.9994973260062808300, 8.001000000000001200, 2.412999999999998900 ) ) ;
#6053 = CARTESIAN_POINT ( 'NONE',  ( -1.503926817065723500E-015, 7.950200000000000600, 2.412999999999999800 ) ) ;
#6054 = CARTESIAN_POINT ( 'NONE',  ( 0.9994973260062777200, 7.899400000000000000, 2.412999999999998900 ) ) ;
#6055 = CARTESIAN_POINT ( 'NONE',  ( 1.706248663003137500, 7.848600000000001100, 1.706248663003138800 ) ) ;
#6056 = CARTESIAN_POINT ( 'NONE',  ( 2.412999999999998900, 7.797800000000001400, 0.9994973260062779400 ) ) ;
#6057 = CARTESIAN_POINT ( 'NONE',  ( 2.412999999999998000, 7.747000000000001700, -2.954975131773396100E-016 ) ) ;
#6058 = CARTESIAN_POINT ( 'NONE',  ( 2.412999999999998900, 7.696200000000001000, -0.9994973260062783900 ) ) ;
#6059 = CARTESIAN_POINT ( 'NONE',  ( 1.706248663003136800, 7.645400000000001300, -1.706248663003139300 ) ) ;
#6060 = CARTESIAN_POINT ( 'NONE',  ( 0.9994973260062762800, 7.594600000000000700, -2.412999999999999800 ) ) ;
#6061 = CARTESIAN_POINT ( 'NONE',  ( -1.995385838981720000E-015, 7.543800000000000900, -2.412999999999999800 ) ) ;
#6062 = CARTESIAN_POINT ( 'NONE',  ( -0.9994973260062801600, 7.493000000000000300, -2.412999999999999800 ) ) ;
#6063 = CARTESIAN_POINT ( 'NONE',  ( -1.706248663003141000, 7.442200000000000600, -1.706248663003138800 ) ) ;
#6064 = CARTESIAN_POINT ( 'NONE',  ( -2.413000000000001600, 7.391400000000000000, -0.9994973260062781600 ) ) ;
#6065 = CARTESIAN_POINT ( 'NONE',  ( -2.413000000000001600, 7.340600000000000200, 0.0000000000000000000 ) ) ;
#6066 = CARTESIAN_POINT ( 'NONE',  ( -2.413000000000001100, 7.289799999999999600, 0.9994973260062799400 ) ) ;
#6067 = CARTESIAN_POINT ( 'NONE',  ( 2.095499999999999500, 3.860800000000000700, -2.566162614434791800E-016 ) ) ;
#6068 = CARTESIAN_POINT ( 'NONE',  ( 2.095499999999999000, 3.810000000000000900, -0.8679845199528210000 ) ) ;
#6069 = CARTESIAN_POINT ( 'NONE',  ( 1.481742259976409400, 3.759200000000000800, -1.481742259976410500 ) ) ;
#6070 = CARTESIAN_POINT ( 'NONE',  ( 0.8679845199528196700, 3.708400000000000600, -2.095500000000000400 ) ) ;
#6071 = CARTESIAN_POINT ( 'NONE',  ( -1.024132170669885200E-015, 3.657600000000000400, -2.095500000000000400 ) ) ;
#6072 = CARTESIAN_POINT ( 'NONE',  ( -0.8679845199528217800, 3.606800000000000200, -2.095500000000000400 ) ) ;
#6073 = CARTESIAN_POINT ( 'NONE',  ( -1.481742259976411400, 3.555999999999999600, -1.481742259976410300 ) ) ;
#6074 = CARTESIAN_POINT ( 'NONE',  ( -2.095500000000000800, 3.505199999999999900, -0.8679845199528208900 ) ) ;
#6075 = CARTESIAN_POINT ( 'NONE',  ( -2.095500000000000800, 3.454399999999999700, 0.0000000000000000000 ) ) ;
#6076 = CARTESIAN_POINT ( 'NONE',  ( -2.095500000000000800, 3.403599999999999500, 0.8679845199528224400 ) ) ;
#6077 = CARTESIAN_POINT ( 'NONE',  ( -1.481742259976411000, 3.352799999999999800, 1.481742259976410700 ) ) ;
#6078 = CARTESIAN_POINT ( 'NONE',  ( -0.8679845199528222200, 3.302000000000000500, 2.095499999999999900 ) ) ;
#6079 = CARTESIAN_POINT ( 'NONE',  ( -4.113636433442439000E-016, 3.251200000000000300, 2.095500000000000400 ) ) ;
#6080 = CARTESIAN_POINT ( 'NONE',  ( 0.8679845199528211100, 3.200400000000000600, 2.095499999999999900 ) ) ;
#6081 = CARTESIAN_POINT ( 'NONE',  ( 1.481742259976410100, 3.149600000000000800, 1.481742259976410300 ) ) ;
#6082 = CARTESIAN_POINT ( 'NONE',  ( 2.095499999999999000, 3.098800000000000200, 0.8679845199528205500 ) ) ;
#6083 = CARTESIAN_POINT ( 'NONE',  ( 2.095499999999999500, 3.048000000000000900, -2.566162614434791800E-016 ) ) ;
#6084 = CARTESIAN_POINT ( 'NONE',  ( 2.095499999999999000, 2.997200000000000800, -0.8679845199528210000 ) ) ;
#6085 = CARTESIAN_POINT ( 'NONE',  ( 1.481742259976409600, 2.946400000000000600, -1.481742259976410500 ) ) ;
#6086 = CARTESIAN_POINT ( 'NONE',  ( 0.8679845199528198900, 2.895600000000000800, -2.095500000000000400 ) ) ;
#6087 = CARTESIAN_POINT ( 'NONE',  ( -8.250601617925193800E-016, 2.844800000000000200, -2.095500000000000400 ) ) ;
#6088 = CARTESIAN_POINT ( 'NONE',  ( -0.8679845199528214400, 2.794000000000000500, -2.095500000000000400 ) ) ;
#6089 = CARTESIAN_POINT ( 'NONE',  ( -1.481742259976411200, 2.743199999999999900, -1.481742259976410300 ) ) ;
#6090 = CARTESIAN_POINT ( 'NONE',  ( -2.095500000000000800, 2.692400000000000100, -0.8679845199528208900 ) ) ;
#6091 = CARTESIAN_POINT ( 'NONE',  ( -2.095500000000000400, 2.641599999999999900, 0.0000000000000000000 ) ) ;
#6092 = CARTESIAN_POINT ( 'NONE',  ( -2.095500000000000400, 2.590800000000000700, 0.8679845199528224400 ) ) ;
#6093 = CARTESIAN_POINT ( 'NONE',  ( -1.481742259976410700, 2.539999999999999600, 1.481742259976410700 ) ) ;
#6094 = CARTESIAN_POINT ( 'NONE',  ( -0.8679845199528218900, 2.489200000000000300, 2.095499999999999900 ) ) ;
#6095 = CARTESIAN_POINT ( 'NONE',  ( -2.122916344668783300E-016, 2.438400000000000100, 2.095500000000000400 ) ) ;
#6096 = CARTESIAN_POINT ( 'NONE',  ( 0.8679845199528213300, 2.387600000000000400, 2.095499999999999900 ) ) ;
#6097 = CARTESIAN_POINT ( 'NONE',  ( 1.481742259976410300, 2.336800000000000700, 1.481742259976410300 ) ) ;
#6098 = CARTESIAN_POINT ( 'NONE',  ( 2.095499999999999900, 2.286000000000000900, 0.8679845199528205500 ) ) ;
#6099 = CARTESIAN_POINT ( 'NONE',  ( 2.095499999999999900, 2.235200000000000700, -2.566162614434791800E-016 ) ) ;
#6100 = CARTESIAN_POINT ( 'NONE',  ( 2.095499999999999900, 2.184400000000001000, -0.8679845199528210000 ) ) ;
#6101 = CARTESIAN_POINT ( 'NONE',  ( 1.481742259976409800, 2.133600000000000800, -1.481742259976410500 ) ) ;
#6102 = CARTESIAN_POINT ( 'NONE',  ( 0.8679845199528201100, 2.082800000000000700, -2.095500000000000400 ) ) ;
#6103 = CARTESIAN_POINT ( 'NONE',  ( -6.259881529151537100E-016, 2.032000000000000500, -2.095500000000000400 ) ) ;
#6104 = CARTESIAN_POINT ( 'NONE',  ( -0.8679845199528212200, 1.981200000000000100, -2.095500000000000400 ) ) ;
#6105 = CARTESIAN_POINT ( 'NONE',  ( -1.481742259976411000, 1.930400000000000100, -1.481742259976410300 ) ) ;
#6106 = CARTESIAN_POINT ( 'NONE',  ( -2.095500000000000800, 1.879599999999999500, -0.8679845199528208900 ) ) ;
#6107 = CARTESIAN_POINT ( 'NONE',  ( -2.095500000000000400, 1.828799999999999800, 0.0000000000000000000 ) ) ;
#6108 = CARTESIAN_POINT ( 'NONE',  ( -2.095500000000000400, 1.777999999999999800, 0.8679845199528224400 ) ) ;
#6109 = CARTESIAN_POINT ( 'NONE',  ( -1.481742259976410500, 1.727199999999999800, 1.481742259976410700 ) ) ;
#6110 = CARTESIAN_POINT ( 'NONE',  ( -0.8679845199528215500, 1.676400000000000600, 2.095499999999999900 ) ) ;
#6111 = CARTESIAN_POINT ( 'NONE',  ( -1.321962558951262100E-017, 1.625600000000000400, 2.095500000000000400 ) ) ;
#6112 = CARTESIAN_POINT ( 'NONE',  ( 0.8679845199528215500, 1.574800000000000200, 2.095499999999999900 ) ) ;
#6113 = CARTESIAN_POINT ( 'NONE',  ( 1.481742259976410500, 1.524000000000000700, 1.481742259976410300 ) ) ;
#6114 = CARTESIAN_POINT ( 'NONE',  ( 2.095499999999999900, 1.473200000000000700, 0.8679845199528205500 ) ) ;
#6115 = CARTESIAN_POINT ( 'NONE',  ( 2.095499999999999900, 1.422400000000001000, -2.566162614434791800E-016 ) ) ;
#6116 = CARTESIAN_POINT ( 'NONE',  ( 2.095499999999999900, 1.371600000000001000, -0.8679845199528210000 ) ) ;
#6117 = CARTESIAN_POINT ( 'NONE',  ( 1.481742259976410100, 1.320800000000000600, -1.481742259976410500 ) ) ;
#6118 = CARTESIAN_POINT ( 'NONE',  ( 0.8679845199528204400, 6.451600000000000000, 2.095499999999999900 ) ) ;
#6119 = CARTESIAN_POINT ( 'NONE',  ( 1.481742259976409200, 6.400800000000001200, 1.481742259976410300 ) ) ;
#6120 = CARTESIAN_POINT ( 'NONE',  ( 2.095499999999998600, 6.349999999999999600, 0.8679845199528205500 ) ) ;
#6121 = CARTESIAN_POINT ( 'NONE',  ( 2.095499999999999000, 6.299200000000000800, -2.566162614434791800E-016 ) ) ;
#6122 = CARTESIAN_POINT ( 'NONE',  ( 2.095499999999998600, 6.248400000000000200, -0.8679845199528210000 ) ) ;
#6123 = CARTESIAN_POINT ( 'NONE',  ( 1.481742259976408700, 6.197600000000001300, -1.481742259976410500 ) ) ;
#6124 = CARTESIAN_POINT ( 'NONE',  ( 0.8679845199528193300, 6.146799999999999800, -2.095500000000000400 ) ) ;
#6125 = CARTESIAN_POINT ( 'NONE',  ( -1.621348197301982200E-015, 6.096000000000001000, -2.095500000000000400 ) ) ;
#6126 = CARTESIAN_POINT ( 'NONE',  ( -0.8679845199528224400, 6.045200000000000400, -2.095500000000000400 ) ) ;
#6127 = CARTESIAN_POINT ( 'NONE',  ( -1.481742259976412100, 5.994399999999999700, -1.481742259976410300 ) ) ;
#6128 = CARTESIAN_POINT ( 'NONE',  ( -2.095500000000001300, 5.943600000000000900, -0.8679845199528208900 ) ) ;
#6129 = CARTESIAN_POINT ( 'NONE',  ( -2.095500000000001300, 5.892800000000000300, 0.0000000000000000000 ) ) ;
#6130 = CARTESIAN_POINT ( 'NONE',  ( -2.095500000000000800, 5.842000000000000500, 0.8679845199528224400 ) ) ;
#6131 = CARTESIAN_POINT ( 'NONE',  ( -1.481742259976411400, 5.791199999999999900, 1.481742259976410700 ) ) ;
#6132 = CARTESIAN_POINT ( 'NONE',  ( -0.8679845199528226600, 5.740400000000000200, 2.095499999999999900 ) ) ;
#6133 = CARTESIAN_POINT ( 'NONE',  ( -1.008579669976340900E-015, 5.689600000000000400, 2.095500000000000400 ) ) ;
#6134 = CARTESIAN_POINT ( 'NONE',  ( 0.8679845199528207800, 5.638800000000001600, 2.095499999999999900 ) ) ;
#6135 = CARTESIAN_POINT ( 'NONE',  ( 1.481742259976409400, 5.588000000000001000, 1.481742259976410300 ) ) ;
#6136 = CARTESIAN_POINT ( 'NONE',  ( 2.095499999999998600, 5.537200000000001200, 0.8679845199528205500 ) ) ;
#6137 = CARTESIAN_POINT ( 'NONE',  ( 2.095499999999999000, 5.486400000000000600, -2.566162614434791800E-016 ) ) ;
#6138 = CARTESIAN_POINT ( 'NONE',  ( 2.095499999999998600, 5.435600000000000900, -0.8679845199528210000 ) ) ;
#6139 = CARTESIAN_POINT ( 'NONE',  ( 1.481742259976409000, 5.384800000000000300, -1.481742259976410500 ) ) ;
#6140 = CARTESIAN_POINT ( 'NONE',  ( 0.8679845199528194400, 5.334000000000002300, -2.095500000000000400 ) ) ;
#6141 = CARTESIAN_POINT ( 'NONE',  ( -1.422276188424616600E-015, 5.283200000000000800, -2.095500000000000400 ) ) ;
#6142 = CARTESIAN_POINT ( 'NONE',  ( -0.8679845199528222200, 5.232400000000001100, -2.095500000000000400 ) ) ;
#6143 = CARTESIAN_POINT ( 'NONE',  ( -1.481742259976411800, 5.181599999999999500, -1.481742259976410300 ) ) ;
#6144 = CARTESIAN_POINT ( 'NONE',  ( -2.095500000000001300, 5.130800000000001600, -0.8679845199528208900 ) ) ;
#6145 = CARTESIAN_POINT ( 'NONE',  ( -2.095500000000001300, 5.080000000000000100, 0.0000000000000000000 ) ) ;
#6146 = CARTESIAN_POINT ( 'NONE',  ( -2.095500000000000800, 5.029200000000000300, 0.8679845199528224400 ) ) ;
#6147 = CARTESIAN_POINT ( 'NONE',  ( -1.481742259976411200, 4.978399999999999700, 1.481742259976410700 ) ) ;
#6148 = CARTESIAN_POINT ( 'NONE',  ( -0.8679845199528224400, 4.927600000000000000, 2.095499999999999900 ) ) ;
#6149 = CARTESIAN_POINT ( 'NONE',  ( -8.095076610989752800E-016, 4.876800000000000200, 2.095500000000000400 ) ) ;
#6150 = CARTESIAN_POINT ( 'NONE',  ( 0.8679845199528210000, 4.826000000000000500, 2.095499999999999900 ) ) ;
#6151 = CARTESIAN_POINT ( 'NONE',  ( 1.481742259976409600, 4.775200000000000800, 1.481742259976410300 ) ) ;
#6152 = CARTESIAN_POINT ( 'NONE',  ( 2.095499999999998600, 4.724400000000001000, 0.8679845199528205500 ) ) ;
#6153 = CARTESIAN_POINT ( 'NONE',  ( 2.095499999999999000, 4.673600000000000400, -2.566162614434791800E-016 ) ) ;
#6154 = CARTESIAN_POINT ( 'NONE',  ( 2.095499999999999000, 4.622800000000000700, -0.8679845199528210000 ) ) ;
#6155 = CARTESIAN_POINT ( 'NONE',  ( 1.481742259976409200, 4.572000000000001000, -1.481742259976410500 ) ) ;
#6156 = CARTESIAN_POINT ( 'NONE',  ( 0.8679845199528194400, 4.521200000000000300, -2.095500000000000400 ) ) ;
#6157 = CARTESIAN_POINT ( 'NONE',  ( -1.223204179547250900E-015, 4.470400000000001500, -2.095500000000000400 ) ) ;
#6158 = CARTESIAN_POINT ( 'NONE',  ( -0.8679845199528220000, 4.419600000000000000, -2.095500000000000400 ) ) ;
#6159 = CARTESIAN_POINT ( 'NONE',  ( -1.481742259976411600, 4.368800000000000200, -1.481742259976410300 ) ) ;
#6160 = CARTESIAN_POINT ( 'NONE',  ( -2.095500000000000800, 4.317999999999999600, -0.8679845199528208900 ) ) ;
#6161 = CARTESIAN_POINT ( 'NONE',  ( -2.095500000000000800, 4.267199999999999900, 0.0000000000000000000 ) ) ;
#6162 = CARTESIAN_POINT ( 'NONE',  ( -2.095500000000000800, 4.216399999999999300, 0.8679845199528224400 ) ) ;
#6163 = CARTESIAN_POINT ( 'NONE',  ( -1.481742259976411000, 4.165600000000000400, 1.481742259976410700 ) ) ;
#6164 = CARTESIAN_POINT ( 'NONE',  ( -0.8679845199528224400, 4.114799999999999800, 2.095499999999999900 ) ) ;
#6165 = CARTESIAN_POINT ( 'NONE',  ( -6.104356522216096200E-016, 4.064000000000000900, 2.095500000000000400 ) ) ;
#6166 = CARTESIAN_POINT ( 'NONE',  ( 0.8679845199528210000, 4.013200000000000300, 2.095499999999999900 ) ) ;
#6167 = CARTESIAN_POINT ( 'NONE',  ( 1.481742259976409800, 3.962400000000001500, 1.481742259976410300 ) ) ;
#6168 = CARTESIAN_POINT ( 'NONE',  ( 2.095499999999999000, 3.911600000000000900, 0.8679845199528205500 ) ) ;
#6169 = CARTESIAN_POINT ( 'NONE',  ( -1.481742259976412300, 9.042400000000000700, 1.481742259976410700 ) ) ;
#6170 = CARTESIAN_POINT ( 'NONE',  ( -0.8679845199528236600, 8.991600000000000000, 2.095499999999999900 ) ) ;
#6171 = CARTESIAN_POINT ( 'NONE',  ( -1.804867705485803500E-015, 8.940800000000001200, 2.095500000000000400 ) ) ;
#6172 = CARTESIAN_POINT ( 'NONE',  ( 0.8679845199528196700, 8.890000000000000600, 2.095499999999999900 ) ) ;
#6173 = CARTESIAN_POINT ( 'NONE',  ( 1.481742259976408500, 8.839199999999999900, 1.481742259976410300 ) ) ;
#6174 = CARTESIAN_POINT ( 'NONE',  ( 2.095499999999998100, 8.788399999999999300, 0.8679845199528205500 ) ) ;
#6175 = CARTESIAN_POINT ( 'NONE',  ( 2.095499999999998100, 8.737600000000002300, -2.566162614434791800E-016 ) ) ;
#6176 = CARTESIAN_POINT ( 'NONE',  ( 2.095499999999998100, 8.686800000000001600, -0.8679845199528210000 ) ) ;
#6177 = CARTESIAN_POINT ( 'NONE',  ( 1.481742259976408100, 8.636000000000001000, -1.481742259976410500 ) ) ;
#6178 = CARTESIAN_POINT ( 'NONE',  ( 0.8679845199528185600, 8.585200000000002200, -2.095500000000000400 ) ) ;
#6179 = CARTESIAN_POINT ( 'NONE',  ( -2.218564223934078900E-015, 8.534400000000001500, -2.095500000000000400 ) ) ;
#6180 = CARTESIAN_POINT ( 'NONE',  ( -0.8679845199528228900, 8.483600000000000900, -2.095500000000000400 ) ) ;
#6181 = CARTESIAN_POINT ( 'NONE',  ( -1.481742259976412500, 8.432800000000000300, -1.481742259976410300 ) ) ;
#6182 = CARTESIAN_POINT ( 'NONE',  ( -2.095500000000002600, 8.382000000000001400, -0.8679845199528208900 ) ) ;
#6183 = CARTESIAN_POINT ( 'NONE',  ( -2.095500000000002100, 8.331200000000000800, 0.0000000000000000000 ) ) ;
#6184 = CARTESIAN_POINT ( 'NONE',  ( -2.095500000000001700, 8.280400000000000200, 0.8679845199528224400 ) ) ;
#6185 = CARTESIAN_POINT ( 'NONE',  ( -1.481742259976412100, 8.229599999999999600, 1.481742259976410700 ) ) ;
#6186 = CARTESIAN_POINT ( 'NONE',  ( -0.8679845199528233300, 8.178800000000002500, 2.095499999999999900 ) ) ;
#6187 = CARTESIAN_POINT ( 'NONE',  ( -1.605795696608438100E-015, 8.128000000000001900, 2.095500000000000400 ) ) ;
#6188 = CARTESIAN_POINT ( 'NONE',  ( 0.8679845199528198900, 8.077200000000001300, 2.095499999999999900 ) ) ;
#6189 = CARTESIAN_POINT ( 'NONE',  ( 1.481742259976408700, 8.026400000000000600, 1.481742259976410300 ) ) ;
#6190 = CARTESIAN_POINT ( 'NONE',  ( 2.095499999999998100, 7.975600000000000900, 0.8679845199528205500 ) ) ;
#6191 = CARTESIAN_POINT ( 'NONE',  ( 2.095499999999998600, 7.924800000000001200, -2.566162614434791800E-016 ) ) ;
#6192 = CARTESIAN_POINT ( 'NONE',  ( 2.095499999999998100, 7.874000000000000600, -0.8679845199528210000 ) ) ;
#6193 = CARTESIAN_POINT ( 'NONE',  ( 1.481742259976408300, 7.823200000000000800, -1.481742259976410500 ) ) ;
#6194 = CARTESIAN_POINT ( 'NONE',  ( 0.8679845199528188900, 7.772400000000000200, -2.095500000000000400 ) ) ;
#6195 = CARTESIAN_POINT ( 'NONE',  ( -2.019492215056713600E-015, 7.721600000000001400, -2.095500000000000400 ) ) ;
#6196 = CARTESIAN_POINT ( 'NONE',  ( -0.8679845199528226600, 7.670799999999999800, -2.095500000000000400 ) ) ;
#6197 = CARTESIAN_POINT ( 'NONE',  ( -1.481742259976412300, 7.620000000000000100, -1.481742259976410300 ) ) ;
#6198 = CARTESIAN_POINT ( 'NONE',  ( -2.095500000000001700, 7.569199999999999500, -0.8679845199528208900 ) ) ;
#6199 = CARTESIAN_POINT ( 'NONE',  ( -2.095500000000001700, 7.518399999999999700, 0.0000000000000000000 ) ) ;
#6200 = CARTESIAN_POINT ( 'NONE',  ( -2.095500000000001300, 7.467599999999999100, 0.8679845199528224400 ) ) ;
#6201 = CARTESIAN_POINT ( 'NONE',  ( -1.481742259976411800, 7.416800000000000300, 1.481742259976410700 ) ) ;
#6202 = CARTESIAN_POINT ( 'NONE',  ( -0.8679845199528230000, 7.365999999999999700, 2.095499999999999900 ) ) ;
#6203 = CARTESIAN_POINT ( 'NONE',  ( -1.406723687731072200E-015, 7.315200000000000800, 2.095500000000000400 ) ) ;
#6204 = CARTESIAN_POINT ( 'NONE',  ( 0.8679845199528201100, 7.264400000000000200, 2.095499999999999900 ) ) ;
#6205 = CARTESIAN_POINT ( 'NONE',  ( 1.481742259976409000, 7.213600000000000500, 1.481742259976410300 ) ) ;
#6206 = CARTESIAN_POINT ( 'NONE',  ( 2.095499999999998100, 7.162799999999999800, 0.8679845199528205500 ) ) ;
#6207 = CARTESIAN_POINT ( 'NONE',  ( 2.095499999999998600, 7.112000000000001000, -2.566162614434791800E-016 ) ) ;
#6208 = CARTESIAN_POINT ( 'NONE',  ( 2.095499999999998100, 7.061200000000001300, -0.8679845199528210000 ) ) ;
#6209 = CARTESIAN_POINT ( 'NONE',  ( 1.481742259976408500, 7.010400000000000600, -1.481742259976410500 ) ) ;
#6210 = CARTESIAN_POINT ( 'NONE',  ( 0.8679845199528190000, 6.959600000000001800, -2.095500000000000400 ) ) ;
#6211 = CARTESIAN_POINT ( 'NONE',  ( -1.820420206179347500E-015, 6.908800000000000300, -2.095500000000000400 ) ) ;
#6212 = CARTESIAN_POINT ( 'NONE',  ( -0.8679845199528224400, 6.857999999999999700, -2.095500000000000400 ) ) ;
#6213 = CARTESIAN_POINT ( 'NONE',  ( -1.481742259976412100, 6.807199999999999900, -1.481742259976410300 ) ) ;
#6214 = CARTESIAN_POINT ( 'NONE',  ( -2.095500000000001700, 6.756400000000001100, -0.8679845199528208900 ) ) ;
#6215 = CARTESIAN_POINT ( 'NONE',  ( -2.095500000000001700, 6.705599999999999600, 0.0000000000000000000 ) ) ;
#6216 = CARTESIAN_POINT ( 'NONE',  ( -2.095500000000001300, 6.654800000000000700, 0.8679845199528224400 ) ) ;
#6217 = CARTESIAN_POINT ( 'NONE',  ( -1.481742259976411600, 6.603999999999999200, 1.481742259976410700 ) ) ;
#6218 = CARTESIAN_POINT ( 'NONE',  ( -0.8679845199528227800, 6.553200000000000400, 2.095499999999999900 ) ) ;
#6219 = CARTESIAN_POINT ( 'NONE',  ( -1.207651678853706700E-015, 6.502400000000000600, 2.095500000000000400 ) ) ;
#6220 = CARTESIAN_POINT ( 'NONE',  ( -1.104227549241639200E-016, 2.260600000000000600, 2.412999999999999800 ) ) ;
#6221 = CARTESIAN_POINT ( 'NONE',  ( 0.9994973260062793900, 2.209800000000000400, 2.412999999999999400 ) ) ;
#6222 = CARTESIAN_POINT ( 'NONE',  ( 1.706248663003139000, 2.159000000000000700, 1.706248663003138800 ) ) ;
#6223 = CARTESIAN_POINT ( 'NONE',  ( 2.412999999999999400, 2.108200000000001000, 0.9994973260062779400 ) ) ;
#6224 = CARTESIAN_POINT ( 'NONE',  ( 2.412999999999999400, 2.057400000000000800, -2.954975131773396100E-016 ) ) ;
#6225 = CARTESIAN_POINT ( 'NONE',  ( 2.412999999999999400, 2.006600000000001000, -0.9994973260062783900 ) ) ;
#6226 = CARTESIAN_POINT ( 'NONE',  ( 1.706248663003138400, 1.955800000000000600, -1.706248663003139300 ) ) ;
#6227 = CARTESIAN_POINT ( 'NONE',  ( 0.9994973260062778300, 1.905000000000000700, -2.412999999999999800 ) ) ;
#6228 = CARTESIAN_POINT ( 'NONE',  ( -6.018817768401601600E-016, 1.854200000000000300, -2.412999999999999800 ) ) ;
#6229 = CARTESIAN_POINT ( 'NONE',  ( -0.9994973260062789400, 1.803400000000000100, -2.412999999999999800 ) ) ;
#6230 = CARTESIAN_POINT ( 'NONE',  ( -1.706248663003139700, 1.752599999999999900, -1.706248663003138800 ) ) ;
#6231 = CARTESIAN_POINT ( 'NONE',  ( -2.413000000000000300, 1.701799999999999500, -0.9994973260062781600 ) ) ;
#6232 = CARTESIAN_POINT ( 'NONE',  ( -2.413000000000000300, 1.650999999999999800, 0.0000000000000000000 ) ) ;
#6233 = CARTESIAN_POINT ( 'NONE',  ( -2.412999999999999800, 1.600199999999999800, 0.9994973260062799400 ) ) ;
#6234 = CARTESIAN_POINT ( 'NONE',  ( -1.706248663003139000, 1.549399999999999900, 1.706248663003139500 ) ) ;
#6235 = CARTESIAN_POINT ( 'NONE',  ( -0.9994973260062793900, 1.498600000000000200, 2.412999999999999400 ) ) ;
#6236 = CARTESIAN_POINT ( 'NONE',  ( 8.864925395320177500E-017, 1.447800000000000400, 2.412999999999999800 ) ) ;
#6237 = CARTESIAN_POINT ( 'NONE',  ( 0.9994973260062793900, 1.397000000000000900, 2.412999999999999400 ) ) ;
#6238 = CARTESIAN_POINT ( 'NONE',  ( 1.706248663003139300, 1.346200000000000700, 1.706248663003138800 ) ) ;
#6239 = CARTESIAN_POINT ( 'NONE',  ( 2.412999999999999400, 1.295400000000001000, 0.9994973260062779400 ) ) ;
#6240 = CARTESIAN_POINT ( 'NONE',  ( 2.412999999999999400, 1.244600000000001000, -2.954975131773396100E-016 ) ) ;
#6241 = CARTESIAN_POINT ( 'NONE',  ( 2.412999999999999400, 1.193800000000001100, -0.9994973260062783900 ) ) ;
#6242 = CARTESIAN_POINT ( 'NONE',  ( 1.706248663003138600, 1.143000000000000700, -1.706248663003139300 ) ) ;
#6243 = CARTESIAN_POINT ( 'NONE',  ( 0.9994973260062779400, 1.092200000000000700, -2.412999999999999800 ) ) ;
#6244 = CARTESIAN_POINT ( 'NONE',  ( -4.028097679627946400E-016, 1.041400000000000300, -2.412999999999999800 ) ) ;
#6245 = CARTESIAN_POINT ( 'NONE',  ( -0.9994973260062786100, 0.9906000000000000400, -2.412999999999999800 ) ) ;
#6246 = CARTESIAN_POINT ( 'NONE',  ( -1.706248663003139500, 0.9397999999999998600, -1.706248663003138800 ) ) ;
#6247 = CARTESIAN_POINT ( 'NONE',  ( -2.412999999999999800, 0.8889999999999997900, -0.9994973260062781600 ) ) ;
#6248 = CARTESIAN_POINT ( 'NONE',  ( -2.412999999999999800, 0.8381999999999997200, 0.0000000000000000000 ) ) ;
#6249 = CARTESIAN_POINT ( 'NONE',  ( -2.412999999999999400, 0.7873999999999998800, 0.9994973260062799400 ) ) ;
#6250 = CARTESIAN_POINT ( 'NONE',  ( -1.706248663003138800, 0.7365999999999999200, 1.706248663003139500 ) ) ;
#6251 = CARTESIAN_POINT ( 'NONE',  ( -0.9994973260062791600, 0.6858000000000001900, 2.412999999999999400 ) ) ;
#6252 = CARTESIAN_POINT ( 'NONE',  ( 2.877212628305673700E-016, 0.6350000000000003400, 2.412999999999999800 ) ) ;
#6253 = CARTESIAN_POINT ( 'NONE',  ( 0.9994973260062795000, 0.5842000000000006100, 2.412999999999999400 ) ) ;
#6254 = CARTESIAN_POINT ( 'NONE',  ( 1.706248663003139300, 0.5334000000000007600, 1.706248663003138800 ) ) ;
#6255 = CARTESIAN_POINT ( 'NONE',  ( 2.412999999999999800, 0.4826000000000009200, 0.9994973260062779400 ) ) ;
#6256 = CARTESIAN_POINT ( 'NONE',  ( 2.412999999999999800, 0.4318000000000009100, -2.954975131773396100E-016 ) ) ;
#6257 = CARTESIAN_POINT ( 'NONE',  ( 2.412999999999999800, 0.3810000000000008900, -0.9994973260062783900 ) ) ;
#6258 = CARTESIAN_POINT ( 'NONE',  ( 1.706248663003138800, 0.3302000000000007700, -1.706248663003139300 ) ) ;
#6259 = CARTESIAN_POINT ( 'NONE',  ( 0.9994973260062781600, 0.2794000000000005400, -2.412999999999999800 ) ) ;
#6260 = CARTESIAN_POINT ( 'NONE',  ( -2.037377590854289700E-016, 0.2286000000000003000, -2.412999999999999800 ) ) ;
#6261 = CARTESIAN_POINT ( 'NONE',  ( -0.9994973260062783900, 0.1778000000000001000, -2.412999999999999800 ) ) ;
#6262 = CARTESIAN_POINT ( 'NONE',  ( -1.706248663003139300, 0.1269999999999998900, -1.706248663003138800 ) ) ;
#6263 = CARTESIAN_POINT ( 'NONE',  ( -2.412999999999999800, 0.07619999999999971200, -0.9994973260062781600 ) ) ;
#6264 = CARTESIAN_POINT ( 'NONE',  ( -2.412999999999999800, 0.02539999999999970800, 0.0000000000000000000 ) ) ;
#6265 = CARTESIAN_POINT ( 'NONE',  ( -2.095500000000002100, 9.144000000000001900, 0.0000000000000000000 ) ) ;
#6266 = CARTESIAN_POINT ( 'NONE',  ( -2.095500000000001700, 9.093200000000001300, 0.8679845199528224400 ) ) ;
#6267 = CARTESIAN_POINT ( 'NONE',  ( -2.413000000000000700, 4.851399999999999900, 0.9994973260062799400 ) ) ;
#6268 = CARTESIAN_POINT ( 'NONE',  ( -1.706248663003139700, 4.800600000000000200, 1.706248663003139500 ) ) ;
#6269 = CARTESIAN_POINT ( 'NONE',  ( -0.9994973260062799400, 4.749800000000000500, 2.412999999999999400 ) ) ;
#6270 = CARTESIAN_POINT ( 'NONE',  ( -7.076387815562607700E-016, 4.698999999999999800, 2.412999999999999800 ) ) ;
#6271 = CARTESIAN_POINT ( 'NONE',  ( 0.9994973260062786100, 4.648200000000001000, 2.412999999999999400 ) ) ;
#6272 = CARTESIAN_POINT ( 'NONE',  ( 1.706248663003138400, 4.597400000000001300, 1.706248663003138800 ) ) ;
#6273 = CARTESIAN_POINT ( 'NONE',  ( 2.412999999999999400, 4.546600000000001500, 0.9994973260062779400 ) ) ;
#6274 = CARTESIAN_POINT ( 'NONE',  ( 2.412999999999998500, 4.495800000000000900, -2.954975131773396100E-016 ) ) ;
#6275 = CARTESIAN_POINT ( 'NONE',  ( 2.412999999999999400, 4.445000000000001200, -0.9994973260062783900 ) ) ;
#6276 = CARTESIAN_POINT ( 'NONE',  ( 1.706248663003137700, 4.394200000000000500, -1.706248663003139300 ) ) ;
#6277 = CARTESIAN_POINT ( 'NONE',  ( 0.9994973260062770500, 4.343400000000000800, -2.412999999999999800 ) ) ;
#6278 = CARTESIAN_POINT ( 'NONE',  ( -1.199097803472257400E-015, 4.292600000000000200, -2.412999999999999800 ) ) ;
#6279 = CARTESIAN_POINT ( 'NONE',  ( -0.9994973260062795000, 4.241800000000000500, -2.412999999999999800 ) ) ;
#6280 = CARTESIAN_POINT ( 'NONE',  ( -1.706248663003140400, 4.191000000000000700, -1.706248663003138800 ) ) ;
#6281 = CARTESIAN_POINT ( 'NONE',  ( -2.413000000000000700, 4.140200000000000100, -0.9994973260062781600 ) ) ;
#6282 = CARTESIAN_POINT ( 'NONE',  ( -2.413000000000000700, 4.089400000000000400, 0.0000000000000000000 ) ) ;
#6283 = CARTESIAN_POINT ( 'NONE',  ( -2.413000000000000300, 4.038599999999999700, 0.9994973260062799400 ) ) ;
#6284 = CARTESIAN_POINT ( 'NONE',  ( -1.706248663003139500, 3.987800000000000500, 1.706248663003139500 ) ) ;
#6285 = CARTESIAN_POINT ( 'NONE',  ( -0.9994973260062797200, 3.937000000000000300, 2.412999999999999400 ) ) ;
#6286 = CARTESIAN_POINT ( 'NONE',  ( -5.085667726788951000E-016, 3.886200000000000500, 2.412999999999999800 ) ) ;
#6287 = CARTESIAN_POINT ( 'NONE',  ( 0.9994973260062789400, 3.835400000000000400, 2.412999999999999400 ) ) ;
#6288 = CARTESIAN_POINT ( 'NONE',  ( 1.706248663003138600, 3.784600000000000600, 1.706248663003138800 ) ) ;
#6289 = CARTESIAN_POINT ( 'NONE',  ( 2.412999999999999400, 3.733800000000000900, 0.9994973260062779400 ) ) ;
#6290 = CARTESIAN_POINT ( 'NONE',  ( 2.412999999999998900, 3.683000000000001200, -2.954975131773396100E-016 ) ) ;
#6291 = CARTESIAN_POINT ( 'NONE',  ( 2.412999999999999400, 3.632200000000001400, -0.9994973260062783900 ) ) ;
#6292 = CARTESIAN_POINT ( 'NONE',  ( 1.706248663003137900, 3.581400000000000800, -1.706248663003139300 ) ) ;
#6293 = CARTESIAN_POINT ( 'NONE',  ( 0.9994973260062772800, 3.530600000000000600, -2.412999999999999800 ) ) ;
#6294 = CARTESIAN_POINT ( 'NONE',  ( -1.000025794594891700E-015, 3.479800000000000900, -2.412999999999999800 ) ) ;
#6295 = CARTESIAN_POINT ( 'NONE',  ( -0.9994973260062793900, 3.429000000000000700, -2.412999999999999800 ) ) ;
#6296 = CARTESIAN_POINT ( 'NONE',  ( -1.706248663003140200, 3.378200000000000100, -1.706248663003138800 ) ) ;
#6297 = CARTESIAN_POINT ( 'NONE',  ( -2.413000000000000700, 3.327400000000000400, -0.9994973260062781600 ) ) ;
#6298 = CARTESIAN_POINT ( 'NONE',  ( -2.413000000000000700, 3.276599999999999700, 0.0000000000000000000 ) ) ;
#6299 = CARTESIAN_POINT ( 'NONE',  ( -2.413000000000000300, 3.225799999999999600, 0.9994973260062799400 ) ) ;
#6300 = CARTESIAN_POINT ( 'NONE',  ( -1.706248663003139500, 3.175000000000000300, 1.706248663003139500 ) ) ;
#6301 = CARTESIAN_POINT ( 'NONE',  ( -0.9994973260062797200, 3.124199999999999600, 2.412999999999999400 ) ) ;
#6302 = CARTESIAN_POINT ( 'NONE',  ( -3.094947638015294900E-016, 3.073400000000000400, 2.412999999999999800 ) ) ;
#6303 = CARTESIAN_POINT ( 'NONE',  ( 0.9994973260062791600, 3.022600000000000600, 2.412999999999999400 ) ) ;
#6304 = CARTESIAN_POINT ( 'NONE',  ( 1.706248663003138800, 2.971800000000000400, 1.706248663003138800 ) ) ;
#6305 = CARTESIAN_POINT ( 'NONE',  ( 2.412999999999999400, 2.921000000000001200, 0.9994973260062779400 ) ) ;
#6306 = CARTESIAN_POINT ( 'NONE',  ( 2.412999999999998900, 2.870200000000001000, -2.954975131773396100E-016 ) ) ;
#6307 = CARTESIAN_POINT ( 'NONE',  ( 2.412999999999999400, 2.819400000000001200, -0.9994973260062783900 ) ) ;
#6308 = CARTESIAN_POINT ( 'NONE',  ( 1.706248663003138200, 2.768600000000000600, -1.706248663003139300 ) ) ;
#6309 = CARTESIAN_POINT ( 'NONE',  ( 0.9994973260062776100, 2.717800000000001300, -2.412999999999999800 ) ) ;
#6310 = CARTESIAN_POINT ( 'NONE',  ( -8.009537857175258300E-016, 2.667000000000000700, -2.412999999999999800 ) ) ;
#6311 = CARTESIAN_POINT ( 'NONE',  ( -0.9994973260062791600, 2.616200000000000500, -2.412999999999999800 ) ) ;
#6312 = CARTESIAN_POINT ( 'NONE',  ( -1.706248663003139900, 2.565400000000000300, -1.706248663003138800 ) ) ;
#6313 = CARTESIAN_POINT ( 'NONE',  ( -2.413000000000000300, 2.514600000000000200, -0.9994973260062781600 ) ) ;
#6314 = CARTESIAN_POINT ( 'NONE',  ( -2.413000000000000300, 2.463800000000000000, 0.0000000000000000000 ) ) ;
#6315 = CARTESIAN_POINT ( 'NONE',  ( -2.412999999999999800, 2.412999999999999800, 0.9994973260062799400 ) ) ;
#6316 = CARTESIAN_POINT ( 'NONE',  ( -1.706248663003139300, 2.362200000000000100, 1.706248663003139500 ) ) ;
#6317 = CARTESIAN_POINT ( 'NONE',  ( -0.9994973260062795000, 2.311400000000000300, 2.412999999999999400 ) ) ;
#6318 = CARTESIAN_POINT ( 'NONE',  ( -1.706248663003141000, 7.442200000000000600, -1.706248663003138800 ) ) ;
#6319 = CARTESIAN_POINT ( 'NONE',  ( -2.413000000000001600, 7.391400000000000000, -0.9994973260062781600 ) ) ;
#6320 = CARTESIAN_POINT ( 'NONE',  ( -2.413000000000001600, 7.340600000000000200, 0.0000000000000000000 ) ) ;
#6321 = CARTESIAN_POINT ( 'NONE',  ( -2.413000000000001100, 7.289799999999999600, 0.9994973260062799400 ) ) ;
#6322 = CARTESIAN_POINT ( 'NONE',  ( -1.706248663003140400, 7.239000000000000800, 1.706248663003139500 ) ) ;
#6323 = CARTESIAN_POINT ( 'NONE',  ( -0.9994973260062806100, 7.188200000000000100, 2.412999999999999400 ) ) ;
#6324 = CARTESIAN_POINT ( 'NONE',  ( -1.304854808188357700E-015, 7.137400000000000400, 2.412999999999999800 ) ) ;
#6325 = CARTESIAN_POINT ( 'NONE',  ( 0.9994973260062779400, 7.086600000000000700, 2.412999999999999400 ) ) ;
#6326 = CARTESIAN_POINT ( 'NONE',  ( 1.706248663003137700, 7.035800000000000900, 1.706248663003138800 ) ) ;
#6327 = CARTESIAN_POINT ( 'NONE',  ( 2.412999999999998900, 6.985000000000000300, 0.9994973260062779400 ) ) ;
#6328 = CARTESIAN_POINT ( 'NONE',  ( 2.412999999999998000, 6.934200000000001500, -2.954975131773396100E-016 ) ) ;
#6329 = CARTESIAN_POINT ( 'NONE',  ( 2.412999999999998900, 6.883400000000002600, -0.9994973260062783900 ) ) ;
#6330 = CARTESIAN_POINT ( 'NONE',  ( 1.706248663003137000, 6.832600000000001100, -1.706248663003139300 ) ) ;
#6331 = CARTESIAN_POINT ( 'NONE',  ( 0.9994973260062765000, 6.781800000000002300, -2.412999999999999800 ) ) ;
#6332 = CARTESIAN_POINT ( 'NONE',  ( -1.796313830104354000E-015, 6.730999999999999900, -2.412999999999999800 ) ) ;
#6333 = CARTESIAN_POINT ( 'NONE',  ( -0.9994973260062801600, 6.680200000000001000, -2.412999999999999800 ) ) ;
#6334 = CARTESIAN_POINT ( 'NONE',  ( -1.706248663003140800, 6.629400000000000400, -1.706248663003138800 ) ) ;
#6335 = CARTESIAN_POINT ( 'NONE',  ( -2.413000000000001600, 6.578600000000000700, -0.9994973260062781600 ) ) ;
#6336 = CARTESIAN_POINT ( 'NONE',  ( -2.413000000000001600, 6.527800000000000000, 0.0000000000000000000 ) ) ;
#6337 = CARTESIAN_POINT ( 'NONE',  ( -2.413000000000001100, 6.476999999999999400, 0.9994973260062799400 ) ) ;
#6338 = CARTESIAN_POINT ( 'NONE',  ( -1.706248663003140200, 6.426199999999999700, 1.706248663003139500 ) ) ;
#6339 = CARTESIAN_POINT ( 'NONE',  ( -0.9994973260062803800, 6.375400000000000000, 2.412999999999999400 ) ) ;
#6340 = CARTESIAN_POINT ( 'NONE',  ( -1.105782799310992200E-015, 6.324600000000000200, 2.412999999999999800 ) ) ;
#6341 = CARTESIAN_POINT ( 'NONE',  ( 0.9994973260062781600, 6.273800000000000500, 2.412999999999999400 ) ) ;
#6342 = CARTESIAN_POINT ( 'NONE',  ( 1.706248663003137900, 6.223000000000000800, 1.706248663003138800 ) ) ;
#6343 = CARTESIAN_POINT ( 'NONE',  ( 2.412999999999999400, 6.172200000000000100, 0.9994973260062779400 ) ) ;
#6344 = CARTESIAN_POINT ( 'NONE',  ( 2.412999999999998500, 6.121400000000000400, -2.954975131773396100E-016 ) ) ;
#6345 = CARTESIAN_POINT ( 'NONE',  ( 2.412999999999999400, 6.070600000000000700, -0.9994973260062783900 ) ) ;
#6346 = CARTESIAN_POINT ( 'NONE',  ( 1.706248663003137300, 6.019800000000000900, -1.706248663003139300 ) ) ;
#6347 = CARTESIAN_POINT ( 'NONE',  ( 0.9994973260062766100, 5.969000000000002100, -2.412999999999999800 ) ) ;
#6348 = CARTESIAN_POINT ( 'NONE',  ( -1.597241821226988700E-015, 5.918200000000000600, -2.412999999999999800 ) ) ;
#6349 = CARTESIAN_POINT ( 'NONE',  ( -0.9994973260062799400, 5.867399999999999900, -2.412999999999999800 ) ) ;
#6350 = CARTESIAN_POINT ( 'NONE',  ( -1.706248663003140800, 5.816600000000000200, -1.706248663003138800 ) ) ;
#6351 = CARTESIAN_POINT ( 'NONE',  ( -2.413000000000001100, 5.765800000000001400, -0.9994973260062781600 ) ) ;
#6352 = CARTESIAN_POINT ( 'NONE',  ( -2.413000000000001100, 5.715000000000000700, 0.0000000000000000000 ) ) ;
#6353 = CARTESIAN_POINT ( 'NONE',  ( -2.413000000000000700, 5.664200000000001000, 0.9994973260062799400 ) ) ;
#6354 = CARTESIAN_POINT ( 'NONE',  ( -1.706248663003139900, 5.613400000000000400, 1.706248663003139500 ) ) ;
#6355 = CARTESIAN_POINT ( 'NONE',  ( -0.9994973260062801600, 5.562600000000000700, 2.412999999999999400 ) ) ;
#6356 = CARTESIAN_POINT ( 'NONE',  ( -9.067107904336265400E-016, 5.511800000000000000, 2.412999999999999800 ) ) ;
#6357 = CARTESIAN_POINT ( 'NONE',  ( 0.9994973260062783900, 5.461000000000003000, 2.412999999999999400 ) ) ;
#6358 = CARTESIAN_POINT ( 'NONE',  ( 1.706248663003138200, 5.410200000000001500, 1.706248663003138800 ) ) ;
#6359 = CARTESIAN_POINT ( 'NONE',  ( 2.412999999999999400, 5.359400000000002600, 0.9994973260062779400 ) ) ;
#6360 = CARTESIAN_POINT ( 'NONE',  ( 2.412999999999998500, 5.308600000000001100, -2.954975131773396100E-016 ) ) ;
#6361 = CARTESIAN_POINT ( 'NONE',  ( 2.412999999999999400, 5.257800000000002200, -0.9994973260062783900 ) ) ;
#6362 = CARTESIAN_POINT ( 'NONE',  ( 1.706248663003137500, 5.207000000000000700, -1.706248663003139300 ) ) ;
#6363 = CARTESIAN_POINT ( 'NONE',  ( 0.9994973260062768300, 5.156200000000001000, -2.412999999999999800 ) ) ;
#6364 = CARTESIAN_POINT ( 'NONE',  ( -1.398169812349623000E-015, 5.105400000000000400, -2.412999999999999800 ) ) ;
#6365 = CARTESIAN_POINT ( 'NONE',  ( -0.9994973260062797200, 5.054599999999999800, -2.412999999999999800 ) ) ;
#6366 = CARTESIAN_POINT ( 'NONE',  ( -1.706248663003140600, 5.003800000000000000, -1.706248663003138800 ) ) ;
#6367 = CARTESIAN_POINT ( 'NONE',  ( -2.413000000000001100, 4.952999999999999400, -0.9994973260062781600 ) ) ;
#6368 = CARTESIAN_POINT ( 'NONE',  ( -2.413000000000001100, 4.902200000000000600, 0.0000000000000000000 ) ) ;
#6369 = CARTESIAN_POINT ( 'NONE',  ( -2.413000000000002000, 8.966200000000000600, 0.0000000000000000000 ) ) ;
#6370 = CARTESIAN_POINT ( 'NONE',  ( -2.413000000000001600, 8.915400000000001800, 0.9994973260062799400 ) ) ;
#6371 = CARTESIAN_POINT ( 'NONE',  ( -1.706248663003140800, 8.864599999999999400, 1.706248663003139500 ) ) ;
#6372 = CARTESIAN_POINT ( 'NONE',  ( -0.9994973260062809400, 8.813800000000000500, 2.412999999999999400 ) ) ;
#6373 = CARTESIAN_POINT ( 'NONE',  ( -1.702998825943089000E-015, 8.762999999999999900, 2.412999999999999800 ) ) ;
#6374 = CARTESIAN_POINT ( 'NONE',  ( 0.9994973260062776100, 8.712199999999999300, 2.412999999999999400 ) ) ;
#6375 = CARTESIAN_POINT ( 'NONE',  ( 1.706248663003137300, 8.661400000000000400, 1.706248663003138800 ) ) ;
#6376 = CARTESIAN_POINT ( 'NONE',  ( 2.412999999999997600, 8.610599999999999800, 0.9994973260062779400 ) ) ;
#6377 = CARTESIAN_POINT ( 'NONE',  ( 2.412999999999997600, 8.559800000000001000, -2.954975131773396100E-016 ) ) ;
#6378 = CARTESIAN_POINT ( 'NONE',  ( 2.412999999999997600, 8.509000000000000300, -0.9994973260062783900 ) ) ;
#6379 = CARTESIAN_POINT ( 'NONE',  ( 1.706248663003136600, 8.458200000000001500, -1.706248663003139300 ) ) ;
#6380 = CARTESIAN_POINT ( 'NONE',  ( 0.9994973260062762800, 8.407400000000000900, -2.412999999999999800 ) ) ;
#6381 = CARTESIAN_POINT ( 'NONE',  ( -2.194457847859085300E-015, 8.356600000000000300, -2.412999999999999800 ) ) ;
#6382 = CARTESIAN_POINT ( 'NONE',  ( -0.9994973260062803800, 8.305800000000001400, -2.412999999999999800 ) ) ;
#6383 = CARTESIAN_POINT ( 'NONE',  ( -1.706248663003141300, 8.255000000000000800, -1.706248663003138800 ) ) ;
#6384 = CARTESIAN_POINT ( 'NONE',  ( -2.413000000000002000, 8.204200000000000200, -0.9994973260062781600 ) ) ;
#6385 = CARTESIAN_POINT ( 'NONE',  ( -2.413000000000002000, 8.153399999999999500, 0.0000000000000000000 ) ) ;
#6386 = CARTESIAN_POINT ( 'NONE',  ( -2.413000000000001600, 8.102600000000000700, 0.9994973260062799400 ) ) ;
#6387 = CARTESIAN_POINT ( 'NONE',  ( -1.706248663003140600, 8.051800000000000100, 1.706248663003139500 ) ) ;
#6388 = CARTESIAN_POINT ( 'NONE',  ( -0.9994973260062807200, 8.001000000000001200, 2.412999999999999400 ) ) ;
#6389 = CARTESIAN_POINT ( 'NONE',  ( -1.503926817065723500E-015, 7.950200000000000600, 2.412999999999999800 ) ) ;
#6390 = CARTESIAN_POINT ( 'NONE',  ( 0.9994973260062778300, 7.899400000000000000, 2.412999999999999400 ) ) ;
#6391 = CARTESIAN_POINT ( 'NONE',  ( 1.706248663003137500, 7.848600000000001100, 1.706248663003138800 ) ) ;
#6392 = CARTESIAN_POINT ( 'NONE',  ( 2.412999999999998900, 7.797800000000001400, 0.9994973260062779400 ) ) ;
#6393 = CARTESIAN_POINT ( 'NONE',  ( 2.412999999999998000, 7.747000000000001700, -2.954975131773396100E-016 ) ) ;
#6394 = CARTESIAN_POINT ( 'NONE',  ( 2.412999999999998900, 7.696200000000001000, -0.9994973260062783900 ) ) ;
#6395 = CARTESIAN_POINT ( 'NONE',  ( 1.706248663003136800, 7.645400000000001300, -1.706248663003139300 ) ) ;
#6396 = CARTESIAN_POINT ( 'NONE',  ( 0.9994973260062762800, 7.594600000000000700, -2.412999999999999800 ) ) ;
#6397 = CARTESIAN_POINT ( 'NONE',  ( -1.995385838981720000E-015, 7.543800000000000900, -2.412999999999999800 ) ) ;
#6398 = CARTESIAN_POINT ( 'NONE',  ( -0.9994973260062801600, 7.493000000000000300, -2.412999999999999800 ) ) ;
#6399 = FACE_OUTER_BOUND ( 'NONE', #1533, .T. ) ;
#6400 = DIRECTION ( 'NONE',  ( 0.0000000000000000000, 0.0000000000000000000, 1.000000000000000000 ) ) ;
#6401 = DIRECTION ( 'NONE',  ( 0.0000000000000000000, 1.000000000000000000, 0.0000000000000000000 ) ) ;
#6402 = CARTESIAN_POINT ( 'NONE',  ( 0.0000000000000000000, -0.05527277796440674400, 0.0000000000000000000 ) ) ;
#6403 = AXIS2_PLACEMENT_3D ( 'NONE', #6402, #6401, #6400 ) ;
#6404 = CONICAL_SURFACE ( 'NONE', #6403, 1.780622422260474300, 0.6451252161652798500 ) ;
#6405 = DIRECTION ( 'NONE',  ( 0.0000000000000000000, 0.0000000000000000000, -1.000000000000000000 ) ) ;
#6406 = DIRECTION ( 'NONE',  ( -0.0000000000000000000, -1.000000000000000000, -0.0000000000000000000 ) ) ;
#6407 = CARTESIAN_POINT ( 'NONE',  ( 0.0000000000000000000, 0.3406409295698253300, 0.0000000000000000000 ) ) ;
#6408 = AXIS2_PLACEMENT_3D ( 'NONE', #6407, #6406, #6405 ) ;
#6409 = CIRCLE ( 'NONE', #6408, 2.078563626546405400 ) ;
#6410 = FACE_OUTER_BOUND ( 'NONE', #1526, .T. ) ;
#6411 = CARTESIAN_POINT ( 'NONE',  ( -0.4444999999999996700, 11.43000000000000000, 0.4445000000000002300 ) ) ;
#6412 = CARTESIAN_POINT ( 'NONE',  ( 1.843044061850421100, 0.3406409295698255000, -1.557484377474747300 ) ) ;
#6413 = CARTESIAN_POINT ( 'NONE',  ( 1.656142824042257300, 0.3406409295698255600, -1.740854184789591500 ) ) ;
#6414 = CARTESIAN_POINT ( 'NONE',  ( 1.442495722844866900, 0.3406409295698253300, -1.891743599765001800 ) ) ;
#6415 = CARTESIAN_POINT ( 'NONE',  ( 1.091159883125861500, 0.3406409295698252200, -2.058415594001363300 ) ) ;
#6416 = CARTESIAN_POINT ( 'NONE',  ( 0.9676876277308603700, 0.3406409295698255000, -2.104575820564787300 ) ) ;
#6417 = CARTESIAN_POINT ( 'NONE',  ( 0.7181839854135674300, 0.3406409295698255600, -2.174330193786462300 ) ) ;
#6418 = CARTESIAN_POINT ( 'NONE',  ( 0.5912082420265221100, 0.3406409295698263300, -2.198506040042082200 ) ) ;
#6419 = CARTESIAN_POINT ( 'NONE',  ( 0.3327701985731255100, 0.3406409295698262800, -2.225268771646855100 ) ) ;
#6420 = CARTESIAN_POINT ( 'NONE',  ( 0.2011788406291727400, 0.3406409295698418200, -2.227595071689071600 ) ) ;
#6421 = CARTESIAN_POINT ( 'NONE',  ( -0.05710629378565240700, 0.3406409295698417700, -2.210228547658542800 ) ) ;
#6422 = CARTESIAN_POINT ( 'NONE',  ( -0.1849642679815635400, 0.3406409295698252800, -2.190423926876454700 ) ) ;
#6423 = CARTESIAN_POINT ( 'NONE',  ( -0.5642950676620096500, 0.3406409295698251100, -2.094275245216394400 ) ) ;
#6424 = CARTESIAN_POINT ( 'NONE',  ( -0.8012386773883590800, 0.3406409295698490400, -1.985089667570832900 ) ) ;
#6425 = CARTESIAN_POINT ( 'NONE',  ( -1.014969456279577000, 0.3406409295698490400, -1.833291371500869600 ) ) ;
#6426 = DIRECTION ( 'NONE',  ( 0.0000000000000000000, -1.000000000000000000, 0.0000000000000000000 ) ) ;
#6427 = VECTOR ( 'NONE', #6426, 1000.000000000000000 ) ;
#6428 = CARTESIAN_POINT ( 'NONE',  ( -0.4444999999999996700, 21.42999999999999600, 0.4445000000000002300 ) ) ;
#6429 = B_SPLINE_CURVE_WITH_KNOTS ( 'NONE', 3,
 ( #6425, #6424, #6423, #6422, #6421, #6420, #6419, #6418, #6417, #6416, #6415, #6414, #6413, #6412 ),
 .UNSPECIFIED., .F., .F.,
 ( 4, 2, 2, 2, 2, 2, 4 ),
 ( 0.0000000000000000000, 0.0007752958122568057200, 0.001162943718385208600, 0.001550591624513611400, 0.001938239530642014300, 0.002325887436770417100, 0.003101183249027222900 ),
 .UNSPECIFIED. ) ;
#6430 = CARTESIAN_POINT ( 'NONE',  ( 1.843044061850421100, 0.3406409295698255000, -1.557484377474747300 ) ) ;
#6431 = LINE ( 'NONE', #6428, #6427 ) ;
#6432 = PLANE ( 'NONE',  #6435 ) ;
#6433 = FACE_OUTER_BOUND ( 'NONE', #1553, .T. ) ;
#6434 = CARTESIAN_POINT ( 'NONE',  ( 2.095500000000000400, 9.525000000000000400, 0.0000000000000000000 ) ) ;
#6435 = AXIS2_PLACEMENT_3D ( 'NONE', #6434, #6497, #6496 ) ;
#6436 = FACE_BOUND ( 'NONE', #1471, .T. ) ;
#6437 = FACE_OUTER_BOUND ( 'NONE', #1550, .T. ) ;
#6438 = DIRECTION ( 'NONE',  ( 1.000000000000000000, 3.742257525567484800E-016, 0.0000000000000000000 ) ) ;
#6439 = DIRECTION ( 'NONE',  ( 2.449212707644754500E-016, -1.000000000000000000, -0.0000000000000000000 ) ) ;
#6440 = CARTESIAN_POINT ( 'NONE',  ( -2.332875104031628500E-015, 9.524999999999998600, 0.0000000000000000000 ) ) ;
#6441 = AXIS2_PLACEMENT_3D ( 'NONE', #6440, #6439, #6438 ) ;
#6442 = CIRCLE ( 'NONE', #6441, 4.635499999999998600 ) ;
#6443 = DIRECTION ( 'NONE',  ( 1.000000000000000000, 3.742257525567484800E-016, 0.0000000000000000000 ) ) ;
#6444 = DIRECTION ( 'NONE',  ( 2.449212707644754500E-016, -1.000000000000000000, -0.0000000000000000000 ) ) ;
#6445 = AXIS2_PLACEMENT_3D ( 'NONE', #6446, #6444, #6443 ) ;
#6446 = CARTESIAN_POINT ( 'NONE',  ( -2.332875104031628500E-015, 9.524999999999998600, 0.0000000000000000000 ) ) ;
#6447 = CONICAL_SURFACE ( 'NONE', #6445, 4.635499999999998600, 0.1396263401595531100 ) ;
#6448 = FACE_OUTER_BOUND ( 'NONE', #1543, .T. ) ;
#6449 = DIRECTION ( 'NONE',  ( 1.000000000000000000, 3.902934616337729900E-016, 0.0000000000000000000 ) ) ;
#6450 = DIRECTION ( 'NONE',  ( 2.449212707644754500E-016, -1.000000000000000000, -0.0000000000000000000 ) ) ;
#6451 = AXIS2_PLACEMENT_3D ( 'NONE', #6455, #6450, #6449 ) ;
#6452 = CIRCLE ( 'NONE', #6451, 4.444664455087806100 ) ;
#6453 = DIRECTION ( 'NONE',  ( 0.0000000000000000000, 0.0000000000000000000, -1.000000000000000000 ) ) ;
#6454 = DIRECTION ( 'NONE',  ( 0.0000000000000000000, -1.000000000000000000, -0.0000000000000000000 ) ) ;
#6455 = CARTESIAN_POINT ( 'NONE',  ( -2.665445237586753800E-015, 10.88286545822284200, 0.0000000000000000000 ) ) ;
#6456 = CARTESIAN_POINT ( 'NONE',  ( -2.078563626546405400, 0.3406409295698253300, 0.0000000000000000000 ) ) ;
#6457 = AXIS2_PLACEMENT_3D ( 'NONE', #6456, #6454, #6453 ) ;
#6458 = FACE_BOUND ( 'NONE', #1521, .T. ) ;
#6459 = FACE_OUTER_BOUND ( 'NONE', #1539, .T. ) ;
#6460 = DIRECTION ( 'NONE',  ( -1.000000000000000000, 0.0000000000000000000, -0.0000000000000000000 ) ) ;
#6461 = DIRECTION ( 'NONE',  ( 0.0000000000000000000, 0.0000000000000000000, -1.000000000000000000 ) ) ;
#6462 = CARTESIAN_POINT ( 'NONE',  ( -2.254250000000002100, 8.826500000000001100, 0.0000000000000000000 ) ) ;
#6463 = AXIS2_PLACEMENT_3D ( 'NONE', #6462, #6461, #6460 ) ;
#6464 = PLANE ( 'NONE',  #6463 ) ;
#6465 = PLANE ( 'NONE',  #6457 ) ;
#6466 = CARTESIAN_POINT ( 'NONE',  ( -2.158524327589499900, 11.43000000000000000, 0.4444999999999984500 ) ) ;
#6467 = DIRECTION ( 'NONE',  ( 1.000000000000000000, 0.0000000000000000000, 1.581369288396070100E-016 ) ) ;
#6468 = VECTOR ( 'NONE', #6467, 1000.000000000000000 ) ;
#6469 = CARTESIAN_POINT ( 'NONE',  ( -2.158524327589499900, 11.43000000000000000, 0.4444999999999999500 ) ) ;
#6470 = LINE ( 'NONE', #6469, #6468 ) ;
#6471 = DIRECTION ( 'NONE',  ( 0.0000000000000000000, 0.0000000000000000000, 1.000000000000000000 ) ) ;
#6472 = DIRECTION ( 'NONE',  ( 0.0000000000000000000, 1.000000000000000000, 0.0000000000000000000 ) ) ;
#6473 = CARTESIAN_POINT ( 'NONE',  ( 0.0000000000000000000, 11.43000000000000000, 0.0000000000000000000 ) ) ;
#6474 = AXIS2_PLACEMENT_3D ( 'NONE', #6473, #6472, #6471 ) ;
#6475 = CIRCLE ( 'NONE', #6474, 2.203816581023861200 ) ;
#6476 = CARTESIAN_POINT ( 'NONE',  ( 0.4445000000000007800, 11.43000000000000000, 2.158524327589499400 ) ) ;
#6477 = DIRECTION ( 'NONE',  ( 0.0000000000000000000, -1.000000000000000000, 0.0000000000000000000 ) ) ;
#6478 = VECTOR ( 'NONE', #6477, 1000.000000000000000 ) ;
#6479 = CARTESIAN_POINT ( 'NONE',  ( 0.4445000000000007800, 21.42999999999999600, 2.158524327589499400 ) ) ;
#6480 = LINE ( 'NONE', #6479, #6478 ) ;
#6481 = DIRECTION ( 'NONE',  ( 0.0000000000000000000, 0.0000000000000000000, -1.000000000000000000 ) ) ;
#6482 = DIRECTION ( 'NONE',  ( 0.0000000000000000000, -1.000000000000000000, 0.0000000000000000000 ) ) ;
#6483 = CARTESIAN_POINT ( 'NONE',  ( 0.0000000000000000000, 21.42999999999999600, 0.0000000000000000000 ) ) ;
#6484 = AXIS2_PLACEMENT_3D ( 'NONE', #6483, #6482, #6481 ) ;
#6485 = CYLINDRICAL_SURFACE ( 'NONE', #6484, 2.203816581023861200 ) ;
#6486 = FACE_OUTER_BOUND ( 'NONE', #1559, .T. ) ;
#6487 = DIRECTION ( 'NONE',  ( -2.213917003754499200E-016, -0.0000000000000000000, 1.000000000000000000 ) ) ;
#6488 = VECTOR ( 'NONE', #6487, 1000.000000000000000 ) ;
#6489 = CARTESIAN_POINT ( 'NONE',  ( -0.4445000000000000600, 11.43000000000000000, 2.158524327589499900 ) ) ;
#6490 = DIRECTION ( 'NONE',  ( -1.000000000000000000, 0.0000000000000000000, 1.581369288396071100E-016 ) ) ;
#6491 = DIRECTION ( 'NONE',  ( -1.581369288396071100E-016, 0.0000000000000000000, -1.000000000000000000 ) ) ;
#6492 = CARTESIAN_POINT ( 'NONE',  ( 0.4445000000000003400, 21.42999999999999600, 0.4445000000000002300 ) ) ;
#6493 = LINE ( 'NONE', #6489, #6488 ) ;
#6494 = AXIS2_PLACEMENT_3D ( 'NONE', #6492, #6491, #6490 ) ;
#6495 = PLANE ( 'NONE',  #6494 ) ;
#6496 = DIRECTION ( 'NONE',  ( 1.000000000000000000, 2.449212707644754500E-016, 0.0000000000000000000 ) ) ;
#6497 = DIRECTION ( 'NONE',  ( 2.449212707644754500E-016, -1.000000000000000000, -0.0000000000000000000 ) ) ;
#6498 = CARTESIAN_POINT ( 'NONE',  ( -2.158524327589499900, 21.42999999999999600, 0.4444999999999999500 ) ) ;
#6499 = AXIS2_PLACEMENT_3D ( 'NONE', #6498, #5982, #5981 ) ;
#6500 = FACE_OUTER_BOUND ( 'NONE', #1589, .T. ) ;
#6501 = DIRECTION ( 'NONE',  ( 1.000000000000000000, 2.449212707644754500E-016, 0.0000000000000000000 ) ) ;
#6502 = DIRECTION ( 'NONE',  ( 2.449212707644754500E-016, -1.000000000000000000, -0.0000000000000000000 ) ) ;
#6503 = CARTESIAN_POINT ( 'NONE',  ( 6.285078085156578300E-032, -2.566162614434791800E-016, 0.0000000000000000000 ) ) ;
#6504 = PLANE ( 'NONE',  #6499 ) ;
#6505 = AXIS2_PLACEMENT_3D ( 'NONE', #6503, #6502, #6501 ) ;
#6506 = PLANE ( 'NONE',  #6505 ) ;
#6507 = FACE_OUTER_BOUND ( 'NONE', #1585, .T. ) ;
#6508 = DIRECTION ( 'NONE',  ( 1.000000000000000000, 2.449212707644754500E-016, 0.0000000000000000000 ) ) ;
#6509 = DIRECTION ( 'NONE',  ( 2.449212707644754500E-016, -1.000000000000000000, -0.0000000000000000000 ) ) ;
#6510 = CARTESIAN_POINT ( 'NONE',  ( 3.358588012964039700E-016, -2.574980159653072000E-016, 0.0000000000000000000 ) ) ;
#6511 = AXIS2_PLACEMENT_3D ( 'NONE', #6510, #6509, #6508 ) ;
#6512 = CIRCLE ( 'NONE', #6511, 1.822217440865684800 ) ;
#6513 = CARTESIAN_POINT ( 'NONE',  ( -0.4445000000000000600, 11.43000000000000000, 2.158524327589499900 ) ) ;
#6514 = DIRECTION ( 'NONE',  ( 0.0000000000000000000, -1.000000000000000000, 0.0000000000000000000 ) ) ;
#6515 = VECTOR ( 'NONE', #6514, 1000.000000000000000 ) ;
#6516 = CARTESIAN_POINT ( 'NONE',  ( -0.4445000000000000600, 21.42999999999999600, 2.158524327589499900 ) ) ;
#6517 = DIRECTION ( 'NONE',  ( 2.213917003754499200E-016, 0.0000000000000000000, -1.000000000000000000 ) ) ;
#6518 = DIRECTION ( 'NONE',  ( 1.000000000000000000, 0.0000000000000000000, 2.213917003754499200E-016 ) ) ;
#6519 = CARTESIAN_POINT ( 'NONE',  ( -0.4445000000000000600, 21.42999999999999600, 2.158524327589499900 ) ) ;
#6520 = LINE ( 'NONE', #6516, #6515 ) ;
#6521 = AXIS2_PLACEMENT_3D ( 'NONE', #6519, #6518, #6517 ) ;
#6522 = PLANE ( 'NONE',  #6521 ) ;
#6523 = FACE_OUTER_BOUND ( 'NONE', #1575, .T. ) ;
#6524 = DIRECTION ( 'NONE',  ( 0.0000000000000000000, -1.000000000000000000, 0.0000000000000000000 ) ) ;
#6525 = VECTOR ( 'NONE', #6524, 1000.000000000000000 ) ;
#6526 = CARTESIAN_POINT ( 'NONE',  ( -2.158524327589499900, 21.42999999999999600, 0.4444999999999984500 ) ) ;
#6527 = LINE ( 'NONE', #6526, #6525 ) ;
#6528 = CARTESIAN_POINT ( 'NONE',  ( 2.158524327589499900, 11.43000000000000000, 0.4444999999999999500 ) ) ;
#6529 = DIRECTION ( 'NONE',  ( 0.0000000000000000000, -1.000000000000000000, 0.0000000000000000000 ) ) ;
#6530 = VECTOR ( 'NONE', #6529, 1000.000000000000000 ) ;
#6531 = CARTESIAN_POINT ( 'NONE',  ( 2.158524327589499900, 21.42999999999999600, 0.4444999999999999500 ) ) ;
#6532 = LINE ( 'NONE', #6531, #6530 ) ;
#6533 = DIRECTION ( 'NONE',  ( -1.000000000000000000, -0.0000000000000000000, 1.265095430716856700E-016 ) ) ;
#6534 = VECTOR ( 'NONE', #6533, 1000.000000000000000 ) ;
#6535 = CARTESIAN_POINT ( 'NONE',  ( 0.4445000000000002300, 11.43000000000000000, -0.4444999999999997800 ) ) ;
#6536 = LINE ( 'NONE', #6535, #6534 ) ;
#6537 = CARTESIAN_POINT ( 'NONE',  ( 0.4445000000000002300, 11.43000000000000000, -0.4444999999999997800 ) ) ;
#6538 = DIRECTION ( 'NONE',  ( 0.0000000000000000000, -1.000000000000000000, 0.0000000000000000000 ) ) ;
#6539 = VECTOR ( 'NONE', #6538, 1000.000000000000000 ) ;
#6540 = CARTESIAN_POINT ( 'NONE',  ( 0.4445000000000002300, 21.42999999999999600, -0.4444999999999997800 ) ) ;
#6541 = DIRECTION ( 'NONE',  ( 1.000000000000000000, 0.0000000000000000000, -1.265095430716856700E-016 ) ) ;
#6542 = DIRECTION ( 'NONE',  ( 1.265095430716856700E-016, 0.0000000000000000000, 1.000000000000000000 ) ) ;
#6543 = CARTESIAN_POINT ( 'NONE',  ( 0.4445000000000002300, 21.42999999999999600, -0.4444999999999997800 ) ) ;
#6544 = LINE ( 'NONE', #6540, #6539 ) ;
#6545 = AXIS2_PLACEMENT_3D ( 'NONE', #6543, #6542, #6541 ) ;
#6546 = PLANE ( 'NONE',  #6545 ) ;
#6547 = FACE_OUTER_BOUND ( 'NONE', #1602, .T. ) ;
#6548 = DIRECTION ( 'NONE',  ( 0.0000000000000000000, 0.0000000000000000000, 1.000000000000000000 ) ) ;
#6549 = DIRECTION ( 'NONE',  ( 0.0000000000000000000, 1.000000000000000000, 0.0000000000000000000 ) ) ;
#6550 = CARTESIAN_POINT ( 'NONE',  ( 0.0000000000000000000, 11.43000000000000000, 0.0000000000000000000 ) ) ;
#6551 = AXIS2_PLACEMENT_3D ( 'NONE', #6550, #6549, #6548 ) ;
#6552 = DIRECTION ( 'NONE',  ( 0.0000000000000000000, 0.0000000000000000000, -1.000000000000000000 ) ) ;
#6553 = DIRECTION ( 'NONE',  ( 0.0000000000000000000, -1.000000000000000000, 0.0000000000000000000 ) ) ;
#6554 = AXIS2_PLACEMENT_3D ( 'NONE', #6556, #6553, #6552 ) ;
#6555 = CIRCLE ( 'NONE', #6551, 2.203816581023861200 ) ;
#6556 = CARTESIAN_POINT ( 'NONE',  ( 0.0000000000000000000, 21.42999999999999600, 0.0000000000000000000 ) ) ;
#6557 = CYLINDRICAL_SURFACE ( 'NONE', #6554, 2.203816581023861200 ) ;
#6558 = FACE_OUTER_BOUND ( 'NONE', #1671, .T. ) ;
#6559 = DIRECTION ( 'NONE',  ( 1.897643146075285000E-016, 0.0000000000000000000, -1.000000000000000000 ) ) ;
#6560 = VECTOR ( 'NONE', #6559, 1000.000000000000000 ) ;
#6561 = CARTESIAN_POINT ( 'NONE',  ( 0.4445000000000000100, 11.43000000000000000, 2.158524327589499900 ) ) ;
#6562 = LINE ( 'NONE', #6561, #6560 ) ;
#6563 = CARTESIAN_POINT ( 'NONE',  ( 0.4445000000000003400, 11.43000000000000000, 0.4445000000000002300 ) ) ;
#6564 = DIRECTION ( 'NONE',  ( 0.0000000000000000000, -1.000000000000000000, 0.0000000000000000000 ) ) ;
#6565 = VECTOR ( 'NONE', #6564, 1000.000000000000000 ) ;
#6566 = CARTESIAN_POINT ( 'NONE',  ( 0.4445000000000003400, 21.42999999999999600, 0.4445000000000002300 ) ) ;
#6567 = LINE ( 'NONE', #6566, #6565 ) ;
#6568 = DIRECTION ( 'NONE',  ( -1.897643146075285200E-016, 0.0000000000000000000, 1.000000000000000000 ) ) ;
#6569 = DIRECTION ( 'NONE',  ( -1.000000000000000000, 0.0000000000000000000, -1.897643146075285200E-016 ) ) ;
#6570 = CARTESIAN_POINT ( 'NONE',  ( 0.4445000000000000100, 21.42999999999999600, 2.158524327589499900 ) ) ;
#6571 = AXIS2_PLACEMENT_3D ( 'NONE', #6570, #6569, #6568 ) ;
#6572 = PLANE ( 'NONE',  #6571 ) ;
#6573 = FACE_OUTER_BOUND ( 'NONE', #1622, .T. ) ;
#6574 = CARTESIAN_POINT ( 'NONE',  ( 2.158524327589499400, 11.43000000000000000, -0.4445000000000001200 ) ) ;
#6575 = DIRECTION ( 'NONE',  ( 0.0000000000000000000, -1.000000000000000000, 0.0000000000000000000 ) ) ;
#6576 = VECTOR ( 'NONE', #6575, 1000.000000000000000 ) ;
#6577 = CARTESIAN_POINT ( 'NONE',  ( 2.158524327589499400, 21.42999999999999600, -0.4445000000000001200 ) ) ;
#6578 = LINE ( 'NONE', #6577, #6576 ) ;
#6579 = DIRECTION ( 'NONE',  ( 0.0000000000000000000, 0.0000000000000000000, -1.000000000000000000 ) ) ;
#6580 = DIRECTION ( 'NONE',  ( 0.0000000000000000000, -1.000000000000000000, 0.0000000000000000000 ) ) ;
#6581 = AXIS2_PLACEMENT_3D ( 'NONE', #6582, #6580, #6579 ) ;
#6582 = CARTESIAN_POINT ( 'NONE',  ( 0.0000000000000000000, 21.42999999999999600, 0.0000000000000000000 ) ) ;
#6583 = CYLINDRICAL_SURFACE ( 'NONE', #6581, 2.203816581023861200 ) ;
#6584 = FACE_OUTER_BOUND ( 'NONE', #1617, .T. ) ;
#6585 = DIRECTION ( 'NONE',  ( 1.000000000000000000, 0.0000000000000000000, -1.581369288396071100E-016 ) ) ;
#6586 = VECTOR ( 'NONE', #6585, 1000.000000000000000 ) ;
#6587 = CARTESIAN_POINT ( 'NONE',  ( 0.4445000000000003400, 11.43000000000000000, 0.4445000000000002300 ) ) ;
#6588 = LINE ( 'NONE', #6587, #6586 ) ;
#6589 = CARTESIAN_POINT ( 'NONE',  ( -0.4444999999999995100, 11.43000000000000000, -2.158524327589499400 ) ) ;
#6590 = DIRECTION ( 'NONE',  ( 0.0000000000000000000, -1.000000000000000000, 0.0000000000000000000 ) ) ;
#6591 = VECTOR ( 'NONE', #6590, 1000.000000000000000 ) ;
#6592 = CARTESIAN_POINT ( 'NONE',  ( -0.4444999999999995100, 21.42999999999999600, -2.158524327589499400 ) ) ;
#6593 = LINE ( 'NONE', #6592, #6591 ) ;
#6594 = DIRECTION ( 'NONE',  ( -1.000000000000000000, -0.0000000000000000000, -1.897643146075284500E-016 ) ) ;
#6595 = VECTOR ( 'NONE', #6594, 1000.000000000000000 ) ;
#6596 = CARTESIAN_POINT ( 'NONE',  ( -2.158524327589499900, 11.43000000000000000, -0.4445000000000000100 ) ) ;
#6597 = LINE ( 'NONE', #6596, #6595 ) ;
#6598 = CARTESIAN_POINT ( 'NONE',  ( -2.158524327589499900, 11.43000000000000000, -0.4445000000000000100 ) ) ;
#6599 = DIRECTION ( 'NONE',  ( 0.0000000000000000000, -1.000000000000000000, 0.0000000000000000000 ) ) ;
#6600 = VECTOR ( 'NONE', #6599, 1000.000000000000000 ) ;
#6601 = CARTESIAN_POINT ( 'NONE',  ( -2.158524327589499900, 21.42999999999999600, -0.4445000000000000100 ) ) ;
#6602 = DIRECTION ( 'NONE',  ( 1.000000000000000000, 0.0000000000000000000, 1.897643146075284300E-016 ) ) ;
#6603 = DIRECTION ( 'NONE',  ( -1.897643146075284300E-016, 0.0000000000000000000, 1.000000000000000000 ) ) ;
#6604 = CARTESIAN_POINT ( 'NONE',  ( -2.158524327589499900, 21.42999999999999600, -0.4445000000000000100 ) ) ;
#6605 = LINE ( 'NONE', #6601, #6600 ) ;
#6606 = AXIS2_PLACEMENT_3D ( 'NONE', #6604, #6603, #6602 ) ;
#6607 = PLANE ( 'NONE',  #6606 ) ;
#6608 = DIRECTION ( 'NONE',  ( 0.0000000000000000000, -0.0000000000000000000, 1.000000000000000000 ) ) ;
#6609 = DIRECTION ( 'NONE',  ( 0.0000000000000000000, 1.000000000000000000, 0.0000000000000000000 ) ) ;
#6610 = CARTESIAN_POINT ( 'NONE',  ( 0.0000000000000000000, 11.43000000000000000, 0.0000000000000000000 ) ) ;
#6611 = FACE_OUTER_BOUND ( 'NONE', #1644, .T. ) ;
#6612 = AXIS2_PLACEMENT_3D ( 'NONE', #6610, #6609, #6608 ) ;
#6613 = PLANE ( 'NONE',  #6612 ) ;
#6614 = FACE_OUTER_BOUND ( 'NONE', #1702, .T. ) ;
#6615 = FACE_BOUND ( 'NONE', #1639, .T. ) ;
#6616 = DIRECTION ( 'NONE',  ( 0.0000000000000000000, 0.0000000000000000000, 1.000000000000000000 ) ) ;
#6617 = DIRECTION ( 'NONE',  ( 0.0000000000000000000, 1.000000000000000000, 0.0000000000000000000 ) ) ;
#6618 = CARTESIAN_POINT ( 'NONE',  ( 0.0000000000000000000, 11.43000000000000000, 0.0000000000000000000 ) ) ;
#6619 = AXIS2_PLACEMENT_3D ( 'NONE', #6618, #6617, #6616 ) ;
#6620 = CIRCLE ( 'NONE', #6619, 2.203816581023861200 ) ;
#6621 = FACE_OUTER_BOUND ( 'NONE', #1673, .T. ) ;
#6622 = AXIS2_PLACEMENT_3D ( 'NONE', #6682, #6681, #6680 ) ;
#6623 = PLANE ( 'NONE',  #6622 ) ;
#6624 = DIRECTION ( 'NONE',  ( 1.000000000000000000, -0.0000000000000000000, -0.0000000000000000000 ) ) ;
#6625 = VECTOR ( 'NONE', #6624, 1000.000000000000000 ) ;
#6626 = CARTESIAN_POINT ( 'NONE',  ( -5.714999999999999900, 5.308599999999999300, 1.498600000000000600 ) ) ;
#6627 = DIRECTION ( 'NONE',  ( 1.265095430716856400E-016, 0.0000000000000000000, 1.000000000000000000 ) ) ;
#6628 = DIRECTION ( 'NONE',  ( -1.000000000000000000, 0.0000000000000000000, 1.265095430716856400E-016 ) ) ;
#6629 = CARTESIAN_POINT ( 'NONE',  ( 0.4445000000000002300, 21.42999999999999600, -0.4444999999999997800 ) ) ;
#6630 = LINE ( 'NONE', #6626, #6625 ) ;
#6631 = AXIS2_PLACEMENT_3D ( 'NONE', #6629, #6628, #6627 ) ;
#6632 = PLANE ( 'NONE',  #6631 ) ;
#6633 = FACE_OUTER_BOUND ( 'NONE', #1669, .T. ) ;
#6634 = DIRECTION ( 'NONE',  ( 1.581369288396070100E-016, -0.0000000000000000000, 1.000000000000000000 ) ) ;
#6635 = VECTOR ( 'NONE', #6634, 1000.000000000000000 ) ;
#6636 = CARTESIAN_POINT ( 'NONE',  ( -0.4444999999999997800, 11.43000000000000000, -0.4444999999999996700 ) ) ;
#6637 = LINE ( 'NONE', #6636, #6635 ) ;
#6638 = CARTESIAN_POINT ( 'NONE',  ( -0.4444999999999997800, 11.43000000000000000, -0.4444999999999996700 ) ) ;
#6639 = DIRECTION ( 'NONE',  ( 0.0000000000000000000, -1.000000000000000000, 0.0000000000000000000 ) ) ;
#6640 = VECTOR ( 'NONE', #6639, 1000.000000000000000 ) ;
#6641 = CARTESIAN_POINT ( 'NONE',  ( -0.4444999999999997800, 21.42999999999999600, -0.4444999999999996700 ) ) ;
#6642 = LINE ( 'NONE', #6641, #6640 ) ;
#6643 = DIRECTION ( 'NONE',  ( -1.581369288396070100E-016, 0.0000000000000000000, -1.000000000000000000 ) ) ;
#6644 = DIRECTION ( 'NONE',  ( 1.000000000000000000, 0.0000000000000000000, -1.581369288396070100E-016 ) ) ;
#6645 = CARTESIAN_POINT ( 'NONE',  ( -0.4444999999999997800, 21.42999999999999600, -0.4444999999999996700 ) ) ;
#6646 = AXIS2_PLACEMENT_3D ( 'NONE', #6645, #6644, #6643 ) ;
#6647 = PLANE ( 'NONE',  #6646 ) ;
#6648 = DIRECTION ( 'NONE',  ( 0.0000000000000000000, 0.0000000000000000000, 1.000000000000000000 ) ) ;
#6649 = DIRECTION ( 'NONE',  ( 0.0000000000000000000, 1.000000000000000000, 0.0000000000000000000 ) ) ;
#6650 = CARTESIAN_POINT ( 'NONE',  ( 0.0000000000000000000, 11.43000000000000000, 0.0000000000000000000 ) ) ;
#6651 = AXIS2_PLACEMENT_3D ( 'NONE', #6650, #6649, #6648 ) ;
#6652 = CIRCLE ( 'NONE', #6651, 2.203816581023861200 ) ;
#6653 = FACE_OUTER_BOUND ( 'NONE', #1659, .T. ) ;
#6654 = DIRECTION ( 'NONE',  ( 0.0000000000000000000, -1.000000000000000000, 0.0000000000000000000 ) ) ;
#6655 = AXIS2_PLACEMENT_3D ( 'NONE', #6657, #6654, #6715 ) ;
#6656 = CARTESIAN_POINT ( 'NONE',  ( -4.254499999999999300, 2.444780825969147900, 1.498600000000001000 ) ) ;
#6657 = CARTESIAN_POINT ( 'NONE',  ( 0.0000000000000000000, 21.42999999999999600, 0.0000000000000000000 ) ) ;
#6658 = CYLINDRICAL_SURFACE ( 'NONE', #6655, 2.203816581023861200 ) ;
#6659 = FACE_OUTER_BOUND ( 'NONE', #1631, .T. ) ;
#6660 = DIRECTION ( 'NONE',  ( 0.0000000000000000000, 0.0000000000000000000, 1.000000000000000000 ) ) ;
#6661 = DIRECTION ( 'NONE',  ( 0.0000000000000000000, 1.000000000000000000, 0.0000000000000000000 ) ) ;
#6662 = CARTESIAN_POINT ( 'NONE',  ( -3.094578405003400200E-015, 11.43000000000000000, -1.768646937069031200E-016 ) ) ;
#6663 = AXIS2_PLACEMENT_3D ( 'NONE', #6662, #6661, #6660 ) ;
#6664 = CIRCLE ( 'NONE', #6663, 0.5754545270613811200 ) ;
#6665 = DIRECTION ( 'NONE',  ( -1.000000000000000000, 0.0000000000000000000, 0.0000000000000000000 ) ) ;
#6666 = DIRECTION ( 'NONE',  ( -2.449212707644754500E-016, 1.000000000000000000, 0.0000000000000000000 ) ) ;
#6667 = AXIS2_PLACEMENT_3D ( 'NONE', #6668, #6666, #6665 ) ;
#6668 = CARTESIAN_POINT ( 'NONE',  ( -3.094578405003400200E-015, 12.63499244203763400, 0.0000000000000000000 ) ) ;
#6669 = CONICAL_SURFACE ( 'NONE', #6667, 1.586563240746574200, 0.6981317007977339000 ) ;
#6670 = FACE_OUTER_BOUND ( 'NONE', #1694, .T. ) ;
#6671 = DIRECTION ( 'NONE',  ( 1.000000000000000000, 0.0000000000000000000, 0.0000000000000000000 ) ) ;
#6672 = DIRECTION ( 'NONE',  ( -0.0000000000000000000, -0.0000000000000000000, -1.000000000000000000 ) ) ;
#6673 = CARTESIAN_POINT ( 'NONE',  ( -4.737099999999999900, 1.790761651938295000, 6.502400000000000600 ) ) ;
#6674 = AXIS2_PLACEMENT_3D ( 'NONE', #6673, #6672, #6671 ) ;
#6675 = CIRCLE ( 'NONE', #6674, 0.8127999999999998600 ) ;
#6676 = DIRECTION ( 'NONE',  ( -1.000000000000000000, 0.0000000000000000000, 0.0000000000000000000 ) ) ;
#6677 = DIRECTION ( 'NONE',  ( -0.0000000000000000000, -0.0000000000000000000, 1.000000000000000000 ) ) ;
#6678 = CARTESIAN_POINT ( 'NONE',  ( -4.737099999999999900, 1.790761651938295000, 8.026399999999998900 ) ) ;
#6679 = AXIS2_PLACEMENT_3D ( 'NONE', #6678, #6677, #6676 ) ;
#6680 = DIRECTION ( 'NONE',  ( 1.000000000000000000, 0.0000000000000000000, -0.0000000000000000000 ) ) ;
#6681 = DIRECTION ( 'NONE',  ( 0.0000000000000000000, -0.0000000000000000000, 1.000000000000000000 ) ) ;
#6682 = CARTESIAN_POINT ( 'NONE',  ( -5.714999999999999900, 0.7620000000000006800, 1.498600000000000600 ) ) ;
#6683 = CIRCLE ( 'NONE', #6679, 0.8127999999999998600 ) ;
#6684 = DIRECTION ( 'NONE',  ( -0.0000000000000000000, -0.0000000000000000000, -1.000000000000000000 ) ) ;
#6685 = CYLINDRICAL_SURFACE ( 'NONE', #6688, 0.8127999999999994100 ) ;
#6686 = CARTESIAN_POINT ( 'NONE',  ( -3.924300000000000600, 1.790761651938295000, 3.022600000000000200 ) ) ;
#6687 = CARTESIAN_POINT ( 'NONE',  ( 3.771899999999998700, 3.098800000000000700, 9.525000000000000400 ) ) ;
#6688 = AXIS2_PLACEMENT_3D ( 'NONE', #6687, #6684, #6738 ) ;
#6689 = FACE_OUTER_BOUND ( 'NONE', #7059, .T. ) ;
#6690 = DIRECTION ( 'NONE',  ( 1.000000000000000000, 0.0000000000000000000, 0.0000000000000000000 ) ) ;
#6691 = DIRECTION ( 'NONE',  ( -0.0000000000000000000, 0.0000000000000000000, -1.000000000000000000 ) ) ;
#6692 = CARTESIAN_POINT ( 'NONE',  ( -3.771900000000000900, 3.098799999999999800, 1.498600000000001000 ) ) ;
#6693 = AXIS2_PLACEMENT_3D ( 'NONE', #6692, #6691, #6690 ) ;
#6694 = CIRCLE ( 'NONE', #6693, 0.8127999999999980800 ) ;
#6695 = DIRECTION ( 'NONE',  ( 1.000000000000000000, -1.867474214418930200E-015, 0.0000000000000000000 ) ) ;
#6696 = DIRECTION ( 'NONE',  ( -0.0000000000000000000, 0.0000000000000000000, -1.000000000000000000 ) ) ;
#6697 = CARTESIAN_POINT ( 'NONE',  ( 4.737099999999999900, 1.790761651938295200, 1.498600000000001000 ) ) ;
#6698 = AXIS2_PLACEMENT_3D ( 'NONE', #6697, #6696, #6695 ) ;
#6699 = CIRCLE ( 'NONE', #6698, 0.8127999999999998600 ) ;
#6700 = DIRECTION ( 'NONE',  ( -1.000000000000000000, 0.0000000000000000000, 0.0000000000000000000 ) ) ;
#6701 = DIRECTION ( 'NONE',  ( 0.0000000000000000000, 0.0000000000000000000, 1.000000000000000000 ) ) ;
#6702 = CARTESIAN_POINT ( 'NONE',  ( 3.771899999999998700, 3.098800000000000700, 3.022600000000000200 ) ) ;
#6703 = AXIS2_PLACEMENT_3D ( 'NONE', #6702, #6701, #6700 ) ;
#6704 = CIRCLE ( 'NONE', #6703, 0.8127999999999994100 ) ;
#6705 = CARTESIAN_POINT ( 'NONE',  ( 4.254499999999999300, 3.752819174030853000, 3.022600000000000200 ) ) ;
#6706 = CARTESIAN_POINT ( 'NONE',  ( 4.254499999999999300, 2.444780825969147900, 3.022600000000000200 ) ) ;
#6707 = DIRECTION ( 'NONE',  ( -0.0000000000000000000, -0.0000000000000000000, -1.000000000000000000 ) ) ;
#6708 = VECTOR ( 'NONE', #6707, 1000.000000000000000 ) ;
#6709 = CARTESIAN_POINT ( 'NONE',  ( -4.254499999999999300, 2.444780825969147900, 9.525000000000000400 ) ) ;
#6710 = LINE ( 'NONE', #6709, #6708 ) ;
#6711 = DIRECTION ( 'NONE',  ( -0.0000000000000000000, -0.0000000000000000000, -1.000000000000000000 ) ) ;
#6712 = VECTOR ( 'NONE', #6711, 1000.000000000000000 ) ;
#6713 = CARTESIAN_POINT ( 'NONE',  ( 4.254499999999999300, 3.752819174030853000, 9.525000000000000400 ) ) ;
#6714 = LINE ( 'NONE', #6713, #6712 ) ;
#6715 = DIRECTION ( 'NONE',  ( 0.0000000000000000000, 0.0000000000000000000, -1.000000000000000000 ) ) ;
#6716 = UNCERTAINTY_MEASURE_WITH_UNIT (LENGTH_MEASURE( 1.000000000000000100E-005 ), #6719, 'distance_accuracy_value', 'NONE');
#6717 =( NAMED_UNIT ( * ) SI_UNIT ( $, .STERADIAN. ) SOLID_ANGLE_UNIT ( ) );
#6718 =( NAMED_UNIT ( * ) PLANE_ANGLE_UNIT ( ) SI_UNIT ( $, .RADIAN. ) );
#6719 =( LENGTH_UNIT ( ) NAMED_UNIT ( * ) SI_UNIT ( .MILLI., .METRE. ) );
#6720 = LOCAL_TIME ( 13, 21, 54.00000000000000000, #6956 ) ;
#6721 = APPROVAL_DATE_TIME ( #6744, #6959 ) ;
#6722 = DIRECTION ( 'NONE',  ( 0.0000000000000000000, 0.0000000000000000000, 1.000000000000000000 ) ) ;
#6723 = VECTOR ( 'NONE', #6722, 1000.000000000000000 ) ;
#6724 = CARTESIAN_POINT ( 'NONE',  ( 4.254499999999999300, 2.444780825969148400, 9.525000000000000400 ) ) ;
#6725 = LINE ( 'NONE', #6724, #6723 ) ;
#6726 = CARTESIAN_POINT ( 'NONE',  ( -3.924300000000000600, 0.7620000000000006800, 1.498600000000000600 ) ) ;
#6727 = CARTESIAN_POINT ( 'NONE',  ( 4.254499999999999300, 2.444780825969147900, 1.498600000000001000 ) ) ;
#6728 = DIRECTION ( 'NONE',  ( 0.0000000000000000000, 0.0000000000000000000, 1.000000000000000000 ) ) ;
#6729 = DIRECTION ( 'NONE',  ( 1.000000000000000000, -0.0000000000000000000, -0.0000000000000000000 ) ) ;
#6730 = CARTESIAN_POINT ( 'NONE',  ( -4.737099999999999900, 0.7620000000000004500, 2.260600000000000600 ) ) ;
#6731 = AXIS2_PLACEMENT_3D ( 'NONE', #6730, #6729, #6728 ) ;
#6732 = CIRCLE ( 'NONE', #6731, 0.7619999999999996800 ) ;
#6733 = DIRECTION ( 'NONE',  ( 0.0000000000000000000, 0.0000000000000000000, 1.000000000000000000 ) ) ;
#6734 = DIRECTION ( 'NONE',  ( 1.000000000000000000, 0.0000000000000000000, -0.0000000000000000000 ) ) ;
#6735 = CARTESIAN_POINT ( 'NONE',  ( -3.924300000000000600, 0.7620000000000004500, 2.260600000000000600 ) ) ;
#6736 = AXIS2_PLACEMENT_3D ( 'NONE', #6735, #6734, #6733 ) ;
#6737 = CIRCLE ( 'NONE', #6736, 0.7619999999999996800 ) ;
#6738 = DIRECTION ( 'NONE',  ( -1.000000000000000000, 0.0000000000000000000, 0.0000000000000000000 ) ) ;
#6739 = UNCERTAINTY_MEASURE_WITH_UNIT (LENGTH_MEASURE( 1.000000000000000100E-005 ), #6745, 'distance_accuracy_value', 'NONE');
#6740 =( NAMED_UNIT ( * ) SI_UNIT ( $, .STERADIAN. ) SOLID_ANGLE_UNIT ( ) );
#6741 =( NAMED_UNIT ( * ) PLANE_ANGLE_UNIT ( ) SI_UNIT ( $, .RADIAN. ) );
#6742 = CC_DESIGN_SECURITY_CLASSIFICATION ( #6971, ( #6990 ) ) ;
#6743 = CC_DESIGN_APPROVAL ( #6959, ( #6971 ) ) ;
#6744 = DATE_AND_TIME ( #6746, #6720 ) ;
#6745 =( LENGTH_UNIT ( ) NAMED_UNIT ( * ) SI_UNIT ( .MILLI., .METRE. ) );
#6746 = CALENDAR_DATE ( 2011, 14, 6 ) ;
#6747 = SHAPE_REPRESENTATION_RELATIONSHIP ( 'NONE' , 'NONE' ,  #6748, #6753 ) ;
#6748 = SHAPE_REPRESENTATION ( '9909', ( #6752 ), #6754 ) ;
#6749 = DIRECTION ( 'NONE',  ( 1.000000000000000000, 0.0000000000000000000, 0.0000000000000000000 ) ) ;
#6750 = DIRECTION ( 'NONE',  ( 0.0000000000000000000, 0.0000000000000000000, 1.000000000000000000 ) ) ;
#6751 = CARTESIAN_POINT ( 'NONE',  ( 0.0000000000000000000, 0.0000000000000000000, 0.0000000000000000000 ) ) ;
#6752 = AXIS2_PLACEMENT_3D ( 'NONE', #6751, #6750, #6749 ) ;
#6753 = ADVANCED_BREP_SHAPE_REPRESENTATION ( '', ( #1038, #6752 ), #6754 ) ;
#6754 =( GEOMETRIC_REPRESENTATION_CONTEXT ( 3 ) GLOBAL_UNCERTAINTY_ASSIGNED_CONTEXT ( ( #6716 ) ) GLOBAL_UNIT_ASSIGNED_CONTEXT ( ( #6719, #6718, #6717 ) ) REPRESENTATION_CONTEXT ( 'NONE', 'WORKASPACE' ) );
#6755 = UNCERTAINTY_MEASURE_WITH_UNIT (LENGTH_MEASURE( 1.000000000000000100E-005 ), #6758, 'distance_accuracy_value', 'NONE');
#6756 =( NAMED_UNIT ( * ) SI_UNIT ( $, .STERADIAN. ) SOLID_ANGLE_UNIT ( ) );
#6757 =( NAMED_UNIT ( * ) PLANE_ANGLE_UNIT ( ) SI_UNIT ( $, .RADIAN. ) );
#6758 =( LENGTH_UNIT ( ) NAMED_UNIT ( * ) SI_UNIT ( .MILLI., .METRE. ) );
#6759 = DIRECTION ( 'NONE',  ( 0.9999174425554820900, -2.022007422236348500E-020, -0.01284943863770203100 ) ) ;
#6760 = DIRECTION ( 'NONE',  ( 0.01284943863770203100, 3.147100839756016000E-018, 0.9999174425554820900 ) ) ;
#6761 = CARTESIAN_POINT ( 'NONE',  ( 2.503161527954489900, 13.34277601405972100, 0.2975302175323929500 ) ) ;
#6762 = AXIS2_PLACEMENT_3D ( 'NONE', #6761, #6760, #6759 ) ;
#6763 = DIRECTION ( 'NONE',  ( 1.000000000000000000, 0.0000000000000000000, 0.0000000000000000000 ) ) ;
#6764 = DIRECTION ( 'NONE',  ( 0.0000000000000000000, 0.0000000000000000000, 1.000000000000000000 ) ) ;
#6765 = CARTESIAN_POINT ( 'NONE',  ( 2.503161527954489900, -6.755105778165478200, -4.464969782467607100 ) ) ;
#6766 = AXIS2_PLACEMENT_3D ( 'NONE', #6765, #6764, #6763 ) ;
#6767 = DIRECTION ( 'NONE',  ( 1.000000000000000000, 0.0000000000000000000, 0.0000000000000000000 ) ) ;
#6768 = DIRECTION ( 'NONE',  ( 0.0000000000000000000, 0.0000000000000000000, 1.000000000000000000 ) ) ;
#6769 = CARTESIAN_POINT ( 'NONE',  ( 0.0000000000000000000, 0.0000000000000000000, 0.0000000000000000000 ) ) ;
#6770 = AXIS2_PLACEMENT_3D ( 'NONE', #6769, #6768, #6767 ) ;
#6771 = AXIS2_PLACEMENT_3D ( 'NONE', #6774, #6773, #6782 ) ;
#6772 = SHAPE_REPRESENTATION ( '8174', ( #6771, #6766, #6762 ), #6784 ) ;
#6773 = DIRECTION ( 'NONE',  ( 0.0000000000000000000, 0.0000000000000000000, 1.000000000000000000 ) ) ;
#6774 = CARTESIAN_POINT ( 'NONE',  ( 0.0000000000000000000, 0.0000000000000000000, 0.0000000000000000000 ) ) ;
#6775 = SHAPE_REPRESENTATION_RELATIONSHIP ( 'NONE' , 'NONE' ,  #6776, #6777 ) ;
#6776 = SHAPE_REPRESENTATION ( '7791', ( #6752 ), #178 ) ;
#6777 = ADVANCED_BREP_SHAPE_REPRESENTATION ( '', ( #597, #6752 ), #178 ) ;
#6778 = PRODUCT ( '8174', '8174', '', ( #6779 ) ) ;
#6779 = MECHANICAL_CONTEXT ( 'NONE', #6783, 'mechanical' ) ;
#6780 = APPLICATION_PROTOCOL_DEFINITION ( 'international standard', 'config_control_design', 1994, #6783 ) ;
#6781 = SHAPE_DEFINITION_REPRESENTATION ( #6997, #6776 ) ;
#6782 = DIRECTION ( 'NONE',  ( 1.000000000000000000, 0.0000000000000000000, 0.0000000000000000000 ) ) ;
#6783 = APPLICATION_CONTEXT ( 'configuration controlled 3d designs of mechanical parts and assemblies' ) ;
#6784 =( GEOMETRIC_REPRESENTATION_CONTEXT ( 3 ) GLOBAL_UNCERTAINTY_ASSIGNED_CONTEXT ( ( #6755 ) ) GLOBAL_UNIT_ASSIGNED_CONTEXT ( ( #6758, #6757, #6756 ) ) REPRESENTATION_CONTEXT ( 'NONE', 'WORKASPACE' ) );
#6785 = DATE_TIME_ROLE ( 'creation_date' ) ;
#6786 = DATE_AND_TIME ( #6787, #6788 ) ;
#6787 = CALENDAR_DATE ( 2011, 14, 6 ) ;
#6788 = LOCAL_TIME ( 13, 21, 54.00000000000000000, #6789 ) ;
#6789 = COORDINATED_UNIVERSAL_TIME_OFFSET ( 5, 0, .BEHIND. ) ;
#6790 = CC_DESIGN_PERSON_AND_ORGANIZATION_ASSIGNMENT ( #6792, #6791, ( #6804 ) ) ;
#6791 = PERSON_AND_ORGANIZATION_ROLE ( 'creator' ) ;
#6792 = PERSON_AND_ORGANIZATION ( #6875, #6874 ) ;
#6793 = CC_DESIGN_APPROVAL ( #6801, ( #6804 ) ) ;
#6794 = APPROVAL_DATE_TIME ( #6795, #6801 ) ;
#6795 = DATE_AND_TIME ( #6796, #6797 ) ;
#6796 = CALENDAR_DATE ( 2011, 14, 6 ) ;
#6797 = LOCAL_TIME ( 13, 21, 54.00000000000000000, #6798 ) ;
#6798 = COORDINATED_UNIVERSAL_TIME_OFFSET ( 5, 0, .BEHIND. ) ;
#6799 = APPROVAL_PERSON_ORGANIZATION ( #6803, #6801, #6800 ) ;
#6800 = APPROVAL_ROLE ( '' ) ;
#6801 = APPROVAL ( #6802, 'UNSPECIFIED' ) ;
#6802 = APPROVAL_STATUS ( 'not_yet_approved' ) ;
#6803 = PERSON_AND_ORGANIZATION ( #6875, #6874 ) ;
#6804 = PRODUCT_DEFINITION ( 'UNKNOWN', '', #6954, #6805 ) ;
#6805 = DESIGN_CONTEXT ( 'detailed design', #6807, 'design' ) ;
#6806 = APPLICATION_PROTOCOL_DEFINITION ( 'international standard', 'config_control_design', 1994, #6807 ) ;
#6807 = APPLICATION_CONTEXT ( 'configuration controlled 3d designs of mechanical parts and assemblies' ) ;
#6808 = CC_DESIGN_PERSON_AND_ORGANIZATION_ASSIGNMENT ( #6810, #6809, ( #6811 ) ) ;
#6809 = PERSON_AND_ORGANIZATION_ROLE ( 'design_owner' ) ;
#6810 = PERSON_AND_ORGANIZATION ( #6875, #6874 ) ;
#6811 = PRODUCT ( '7791', '7791', '', ( #6812 ) ) ;
#6812 = MECHANICAL_CONTEXT ( 'NONE', #6845, 'mechanical' ) ;
#6813 = APPLICATION_CONTEXT ( 'configuration controlled 3d designs of mechanical parts and assemblies' ) ;
#6814 = CC_DESIGN_PERSON_AND_ORGANIZATION_ASSIGNMENT ( #6816, #6815, ( #6828 ) ) ;
#6815 = PERSON_AND_ORGANIZATION_ROLE ( 'creator' ) ;
#6816 = PERSON_AND_ORGANIZATION ( #6875, #6874 ) ;
#6817 = CC_DESIGN_APPROVAL ( #6825, ( #6828 ) ) ;
#6818 = APPROVAL_DATE_TIME ( #6819, #6825 ) ;
#6819 = DATE_AND_TIME ( #6820, #6821 ) ;
#6820 = CALENDAR_DATE ( 2011, 14, 6 ) ;
#6821 = LOCAL_TIME ( 13, 21, 54.00000000000000000, #6822 ) ;
#6822 = COORDINATED_UNIVERSAL_TIME_OFFSET ( 5, 0, .BEHIND. ) ;
#6823 = APPROVAL_PERSON_ORGANIZATION ( #6827, #6825, #6824 ) ;
#6824 = APPROVAL_ROLE ( '' ) ;
#6825 = APPROVAL ( #6826, 'UNSPECIFIED' ) ;
#6826 = APPROVAL_STATUS ( 'not_yet_approved' ) ;
#6827 = PERSON_AND_ORGANIZATION ( #6875, #6874 ) ;
#6828 = PRODUCT_DEFINITION ( 'UNKNOWN', '', #6990, #6829 ) ;
#6829 = DESIGN_CONTEXT ( 'detailed design', #6831, 'design' ) ;
#6830 = APPLICATION_PROTOCOL_DEFINITION ( 'international standard', 'config_control_design', 1994, #6831 ) ;
#6831 = APPLICATION_CONTEXT ( 'configuration controlled 3d designs of mechanical parts and assemblies' ) ;
#6832 = CC_DESIGN_PERSON_AND_ORGANIZATION_ASSIGNMENT ( #6834, #6833, ( #6835 ) ) ;
#6833 = PERSON_AND_ORGANIZATION_ROLE ( 'design_owner' ) ;
#6834 = PERSON_AND_ORGANIZATION ( #6875, #6874 ) ;
#6835 = PRODUCT ( '9909', '9909', '', ( #6836 ) ) ;
#6836 = MECHANICAL_CONTEXT ( 'NONE', #6813, 'mechanical' ) ;
#6837 = APPLICATION_PROTOCOL_DEFINITION ( 'international standard', 'config_control_design', 1994, #6813 ) ;
#6838 = APPLICATION_PROTOCOL_DEFINITION ( 'international standard', 'config_control_design', 1994, #6845 ) ;
#6839 = APPROVAL_PERSON_ORGANIZATION ( #6843, #6841, #6840 ) ;
#6840 = APPROVAL_ROLE ( '' ) ;
#6841 = APPROVAL ( #6842, 'UNSPECIFIED' ) ;
#6842 = APPROVAL_STATUS ( 'not_yet_approved' ) ;
#6843 = PERSON_AND_ORGANIZATION ( #6875, #6874 ) ;
#6844 = PRODUCT_DEFINITION_FORMATION_WITH_SPECIFIED_SOURCE ( 'ANY', '', #6778, .NOT_KNOWN. ) ;
#6845 = APPLICATION_CONTEXT ( 'configuration controlled 3d designs of mechanical parts and assemblies' ) ;
#6846 = CC_DESIGN_DATE_AND_TIME_ASSIGNMENT ( #6848, #6847, ( #6866 ) ) ;
#6847 = DATE_TIME_ROLE ( 'creation_date' ) ;
#6848 = DATE_AND_TIME ( #6849, #6850 ) ;
#6849 = CALENDAR_DATE ( 2011, 14, 6 ) ;
#6850 = LOCAL_TIME ( 13, 21, 54.00000000000000000, #6851 ) ;
#6851 = COORDINATED_UNIVERSAL_TIME_OFFSET ( 5, 0, .BEHIND. ) ;
#6852 = CC_DESIGN_PERSON_AND_ORGANIZATION_ASSIGNMENT ( #6854, #6853, ( #6866 ) ) ;
#6853 = PERSON_AND_ORGANIZATION_ROLE ( 'creator' ) ;
#6854 = PERSON_AND_ORGANIZATION ( #6875, #6874 ) ;
#6855 = CC_DESIGN_APPROVAL ( #6863, ( #6866 ) ) ;
#6856 = APPROVAL_DATE_TIME ( #6857, #6863 ) ;
#6857 = DATE_AND_TIME ( #6858, #6859 ) ;
#6858 = CALENDAR_DATE ( 2011, 14, 6 ) ;
#6859 = LOCAL_TIME ( 13, 21, 54.00000000000000000, #6860 ) ;
#6860 = COORDINATED_UNIVERSAL_TIME_OFFSET ( 5, 0, .BEHIND. ) ;
#6861 = APPROVAL_PERSON_ORGANIZATION ( #6865, #6863, #6862 ) ;
#6862 = APPROVAL_ROLE ( '' ) ;
#6863 = APPROVAL ( #6864, 'UNSPECIFIED' ) ;
#6864 = APPROVAL_STATUS ( 'not_yet_approved' ) ;
#6865 = PERSON_AND_ORGANIZATION ( #6875, #6874 ) ;
#6866 = PRODUCT_DEFINITION ( 'UNKNOWN', '', #6844, #6867 ) ;
#6867 = DESIGN_CONTEXT ( 'detailed design', #6869, 'design' ) ;
#6868 = APPLICATION_PROTOCOL_DEFINITION ( 'international standard', 'config_control_design', 1994, #6869 ) ;
#6869 = APPLICATION_CONTEXT ( 'configuration controlled 3d designs of mechanical parts and assemblies' ) ;
#6870 = SHAPE_DEFINITION_REPRESENTATION ( #6876, #6772 ) ;
#6871 = CC_DESIGN_PERSON_AND_ORGANIZATION_ASSIGNMENT ( #6873, #6872, ( #6778 ) ) ;
#6872 = PERSON_AND_ORGANIZATION_ROLE ( 'design_owner' ) ;
#6873 = PERSON_AND_ORGANIZATION ( #6875, #6874 ) ;
#6874 = ORGANIZATION ( 'UNSPECIFIED', 'UNSPECIFIED', '' ) ;
#6875 = PERSON ( 'UNSPECIFIED', 'UNSPECIFIED', 'UNSPECIFIED', ('UNSPECIFIED'), ('UNSPECIFIED'), ('UNSPECIFIED') ) ;
#6876 = PRODUCT_DEFINITION_SHAPE ( 'NONE', 'NONE',  #6866 ) ;
#6877 = PRODUCT_RELATED_PRODUCT_CATEGORY ( 'detail', '', ( #6778 ) ) ;
#6878 = CC_DESIGN_SECURITY_CLASSIFICATION ( #6899, ( #6844 ) ) ;
#6879 = CC_DESIGN_APPROVAL ( #6887, ( #6899 ) ) ;
#6880 = APPROVAL_DATE_TIME ( #6881, #6887 ) ;
#6881 = DATE_AND_TIME ( #6882, #6883 ) ;
#6882 = CALENDAR_DATE ( 2011, 14, 6 ) ;
#6883 = LOCAL_TIME ( 13, 21, 54.00000000000000000, #6884 ) ;
#6884 = COORDINATED_UNIVERSAL_TIME_OFFSET ( 5, 0, .BEHIND. ) ;
#6885 = APPROVAL_PERSON_ORGANIZATION ( #6889, #6887, #6886 ) ;
#6886 = APPROVAL_ROLE ( '' ) ;
#6887 = APPROVAL ( #6888, 'UNSPECIFIED' ) ;
#6888 = APPROVAL_STATUS ( 'not_yet_approved' ) ;
#6889 = PERSON_AND_ORGANIZATION ( #6875, #6874 ) ;
#6890 = CC_DESIGN_DATE_AND_TIME_ASSIGNMENT ( #6892, #6891, ( #6899 ) ) ;
#6891 = DATE_TIME_ROLE ( 'classification_date' ) ;
#6892 = DATE_AND_TIME ( #6893, #6894 ) ;
#6893 = CALENDAR_DATE ( 2011, 14, 6 ) ;
#6894 = LOCAL_TIME ( 13, 21, 54.00000000000000000, #6895 ) ;
#6895 = COORDINATED_UNIVERSAL_TIME_OFFSET ( 5, 0, .BEHIND. ) ;
#6896 = CC_DESIGN_PERSON_AND_ORGANIZATION_ASSIGNMENT ( #6898, #6897, ( #6899 ) ) ;
#6897 = PERSON_AND_ORGANIZATION_ROLE ( 'classification_officer' ) ;
#6898 = PERSON_AND_ORGANIZATION ( #6875, #6874 ) ;
#6899 = SECURITY_CLASSIFICATION ( '', '', #6900 ) ;
#6900 = SECURITY_CLASSIFICATION_LEVEL ( 'unclassified' ) ;
#6901 = CC_DESIGN_PERSON_AND_ORGANIZATION_ASSIGNMENT ( #6903, #6902, ( #6844 ) ) ;
#6902 = PERSON_AND_ORGANIZATION_ROLE ( 'design_supplier' ) ;
#6903 = PERSON_AND_ORGANIZATION ( #6875, #6874 ) ;
#6904 = CC_DESIGN_PERSON_AND_ORGANIZATION_ASSIGNMENT ( #6906, #6905, ( #6844 ) ) ;
#6905 = PERSON_AND_ORGANIZATION_ROLE ( 'creator' ) ;
#6906 = PERSON_AND_ORGANIZATION ( #6875, #6874 ) ;
#6907 = CC_DESIGN_APPROVAL ( #6841, ( #6844 ) ) ;
#6908 = APPROVAL_DATE_TIME ( #6909, #6841 ) ;
#6909 = DATE_AND_TIME ( #6910, #6911 ) ;
#6910 = CALENDAR_DATE ( 2011, 14, 6 ) ;
#6911 = LOCAL_TIME ( 13, 21, 54.00000000000000000, #6912 ) ;
#6912 = COORDINATED_UNIVERSAL_TIME_OFFSET ( 5, 0, .BEHIND. ) ;
#6913 = PRODUCT_RELATED_PRODUCT_CATEGORY ( 'detail', '', ( #6811 ) ) ;
#6914 = CC_DESIGN_SECURITY_CLASSIFICATION ( #6935, ( #6954 ) ) ;
#6915 = CC_DESIGN_APPROVAL ( #6923, ( #6935 ) ) ;
#6916 = APPROVAL_DATE_TIME ( #6917, #6923 ) ;
#6917 = DATE_AND_TIME ( #6918, #6919 ) ;
#6918 = CALENDAR_DATE ( 2011, 14, 6 ) ;
#6919 = LOCAL_TIME ( 13, 21, 54.00000000000000000, #6920 ) ;
#6920 = COORDINATED_UNIVERSAL_TIME_OFFSET ( 5, 0, .BEHIND. ) ;
#6921 = APPROVAL_PERSON_ORGANIZATION ( #6925, #6923, #6922 ) ;
#6922 = APPROVAL_ROLE ( '' ) ;
#6923 = APPROVAL ( #6924, 'UNSPECIFIED' ) ;
#6924 = APPROVAL_STATUS ( 'not_yet_approved' ) ;
#6925 = PERSON_AND_ORGANIZATION ( #6875, #6874 ) ;
#6926 = CC_DESIGN_DATE_AND_TIME_ASSIGNMENT ( #6928, #6927, ( #6935 ) ) ;
#6927 = DATE_TIME_ROLE ( 'classification_date' ) ;
#6928 = DATE_AND_TIME ( #6929, #6930 ) ;
#6929 = CALENDAR_DATE ( 2011, 14, 6 ) ;
#6930 = LOCAL_TIME ( 13, 21, 54.00000000000000000, #6931 ) ;
#6931 = COORDINATED_UNIVERSAL_TIME_OFFSET ( 5, 0, .BEHIND. ) ;
#6932 = CC_DESIGN_PERSON_AND_ORGANIZATION_ASSIGNMENT ( #6934, #6933, ( #6935 ) ) ;
#6933 = PERSON_AND_ORGANIZATION_ROLE ( 'classification_officer' ) ;
#6934 = PERSON_AND_ORGANIZATION ( #6875, #6874 ) ;
#6935 = SECURITY_CLASSIFICATION ( '', '', #6936 ) ;
#6936 = SECURITY_CLASSIFICATION_LEVEL ( 'unclassified' ) ;
#6937 = CC_DESIGN_PERSON_AND_ORGANIZATION_ASSIGNMENT ( #6939, #6938, ( #6954 ) ) ;
#6938 = PERSON_AND_ORGANIZATION_ROLE ( 'design_supplier' ) ;
#6939 = PERSON_AND_ORGANIZATION ( #6875, #6874 ) ;
#6940 = CC_DESIGN_PERSON_AND_ORGANIZATION_ASSIGNMENT ( #6942, #6941, ( #6954 ) ) ;
#6941 = PERSON_AND_ORGANIZATION_ROLE ( 'creator' ) ;
#6942 = PERSON_AND_ORGANIZATION ( #6875, #6874 ) ;
#6943 = CC_DESIGN_APPROVAL ( #6951, ( #6954 ) ) ;
#6944 = APPROVAL_DATE_TIME ( #6945, #6951 ) ;
#6945 = DATE_AND_TIME ( #6946, #6947 ) ;
#6946 = CALENDAR_DATE ( 2011, 14, 6 ) ;
#6947 = LOCAL_TIME ( 13, 21, 54.00000000000000000, #6948 ) ;
#6948 = COORDINATED_UNIVERSAL_TIME_OFFSET ( 5, 0, .BEHIND. ) ;
#6949 = APPROVAL_PERSON_ORGANIZATION ( #6953, #6951, #6950 ) ;
#6950 = APPROVAL_ROLE ( '' ) ;
#6951 = APPROVAL ( #6952, 'UNSPECIFIED' ) ;
#6952 = APPROVAL_STATUS ( 'not_yet_approved' ) ;
#6953 = PERSON_AND_ORGANIZATION ( #6875, #6874 ) ;
#6954 = PRODUCT_DEFINITION_FORMATION_WITH_SPECIFIED_SOURCE ( 'ANY', '', #6811, .NOT_KNOWN. ) ;
#6955 = CC_DESIGN_DATE_AND_TIME_ASSIGNMENT ( #6786, #6785, ( #6804 ) ) ;
#6956 = COORDINATED_UNIVERSAL_TIME_OFFSET ( 5, 0, .BEHIND. ) ;
#6957 = APPROVAL_PERSON_ORGANIZATION ( #6961, #6959, #6958 ) ;
#6958 = APPROVAL_ROLE ( '' ) ;
#6959 = APPROVAL ( #6960, 'UNSPECIFIED' ) ;
#6960 = APPROVAL_STATUS ( 'not_yet_approved' ) ;
#6961 = PERSON_AND_ORGANIZATION ( #6875, #6874 ) ;
#6962 = CC_DESIGN_DATE_AND_TIME_ASSIGNMENT ( #6964, #6963, ( #6971 ) ) ;
#6963 = DATE_TIME_ROLE ( 'classification_date' ) ;
#6964 = DATE_AND_TIME ( #6965, #6966 ) ;
#6965 = CALENDAR_DATE ( 2011, 14, 6 ) ;
#6966 = LOCAL_TIME ( 13, 21, 54.00000000000000000, #6967 ) ;
#6967 = COORDINATED_UNIVERSAL_TIME_OFFSET ( 5, 0, .BEHIND. ) ;
#6968 = CC_DESIGN_PERSON_AND_ORGANIZATION_ASSIGNMENT ( #6970, #6969, ( #6971 ) ) ;
#6969 = PERSON_AND_ORGANIZATION_ROLE ( 'classification_officer' ) ;
#6970 = PERSON_AND_ORGANIZATION ( #6875, #6874 ) ;
#6971 = SECURITY_CLASSIFICATION ( '', '', #6972 ) ;
#6972 = SECURITY_CLASSIFICATION_LEVEL ( 'unclassified' ) ;
#6973 = CC_DESIGN_PERSON_AND_ORGANIZATION_ASSIGNMENT ( #6975, #6974, ( #6990 ) ) ;
#6974 = PERSON_AND_ORGANIZATION_ROLE ( 'design_supplier' ) ;
#6975 = PERSON_AND_ORGANIZATION ( #6875, #6874 ) ;
#6976 = CC_DESIGN_PERSON_AND_ORGANIZATION_ASSIGNMENT ( #6978, #6977, ( #6990 ) ) ;
#6977 = PERSON_AND_ORGANIZATION_ROLE ( 'creator' ) ;
#6978 = PERSON_AND_ORGANIZATION ( #6875, #6874 ) ;
#6979 = CC_DESIGN_APPROVAL ( #6987, ( #6990 ) ) ;
#6980 = APPROVAL_DATE_TIME ( #6981, #6987 ) ;
#6981 = DATE_AND_TIME ( #6982, #6983 ) ;
#6982 = CALENDAR_DATE ( 2011, 14, 6 ) ;
#6983 = LOCAL_TIME ( 13, 21, 54.00000000000000000, #6984 ) ;
#6984 = COORDINATED_UNIVERSAL_TIME_OFFSET ( 5, 0, .BEHIND. ) ;
#6985 = APPROVAL_PERSON_ORGANIZATION ( #6989, #6987, #6986 ) ;
#6986 = APPROVAL_ROLE ( '' ) ;
#6987 = APPROVAL ( #6988, 'UNSPECIFIED' ) ;
#6988 = APPROVAL_STATUS ( 'not_yet_approved' ) ;
#6989 = PERSON_AND_ORGANIZATION ( #6875, #6874 ) ;
#6990 = PRODUCT_DEFINITION_FORMATION_WITH_SPECIFIED_SOURCE ( 'ANY', '', #6835, .NOT_KNOWN. ) ;
#6991 = CC_DESIGN_DATE_AND_TIME_ASSIGNMENT ( #6993, #6992, ( #6828 ) ) ;
#6992 = DATE_TIME_ROLE ( 'creation_date' ) ;
#6993 = DATE_AND_TIME ( #6994, #6995 ) ;
#6994 = CALENDAR_DATE ( 2011, 14, 6 ) ;
#6995 = LOCAL_TIME ( 13, 21, 54.00000000000000000, #6996 ) ;
#6996 = COORDINATED_UNIVERSAL_TIME_OFFSET ( 5, 0, .BEHIND. ) ;
#6997 = PRODUCT_DEFINITION_SHAPE ( 'NONE', 'NONE',  #6804 ) ;
#6998 = CC_DESIGN_PERSON_AND_ORGANIZATION_ASSIGNMENT ( #7003, #7000, ( #7020 ) ) ;
#6999 = CC_DESIGN_DATE_AND_TIME_ASSIGNMENT ( #7012, #7001, ( #7020 ) ) ;
#7000 = PERSON_AND_ORGANIZATION_ROLE ( 'classification_officer' ) ;
#7001 = DATE_TIME_ROLE ( 'classification_date' ) ;
#7002 = APPROVAL_PERSON_ORGANIZATION ( #7003, #7017, #7006 ) ;
#7003 = PERSON_AND_ORGANIZATION ( #7005, #7004 ) ;
#7004 = ORGANIZATION ( 'NAUO-ORG1', 'UNSPECIFIED', 'UNSPECIFIED' ) ;
#7005 = PERSON ( 'NAUO-PER1', 'UNSPECIFIED', 'UNSPECIFIED', ('UNSPECIFIED'), ('UNSPECIFIED'), ('UNSPECIFIED') ) ;
#7006 = APPROVAL_ROLE ( '' ) ;
#7007 = APPROVAL_DATE_TIME ( #7008, #7017 ) ;
#7008 = DATE_AND_TIME ( #7009, #7010 ) ;
#7009 = CALENDAR_DATE ( 2011, 14, 6 ) ;
#7010 = LOCAL_TIME ( 13, 21, 54.00000000000000000, #7011 ) ;
#7011 = COORDINATED_UNIVERSAL_TIME_OFFSET ( 5, 0, .BEHIND. ) ;
#7012 = DATE_AND_TIME ( #7013, #7014 ) ;
#7013 = CALENDAR_DATE ( 2011, 14, 6 ) ;
#7014 = LOCAL_TIME ( 13, 21, 54.00000000000000000, #7015 ) ;
#7015 = COORDINATED_UNIVERSAL_TIME_OFFSET ( 5, 0, .BEHIND. ) ;
#7016 = CC_DESIGN_APPROVAL ( #7017, ( #7020 ) ) ;
#7017 = APPROVAL ( #7018, 'UNKNOWN' ) ;
#7018 = APPROVAL_STATUS ( 'not_yet_approved' ) ;
#7019 = CC_DESIGN_SECURITY_CLASSIFICATION ( #7020, ( #7022 ) ) ;
#7020 = SECURITY_CLASSIFICATION ( '', '', #7021 ) ;
#7021 = SECURITY_CLASSIFICATION_LEVEL ( 'unclassified' ) ;
#7022 = NEXT_ASSEMBLY_USAGE_OCCURRENCE ( 'NAUO1', ' ', ' ', #6866, #6804, $ ) ;
#7023 = PRODUCT_DEFINITION_SHAPE ( 'NONE', 'NONE',  #7022 ) ;
#7024 =( REPRESENTATION_RELATIONSHIP ('NONE','NONE', #6772, #6776 ) REPRESENTATION_RELATIONSHIP_WITH_TRANSFORMATION ( #7025 )SHAPE_REPRESENTATION_RELATIONSHIP( ) );
#7025 = ITEM_DEFINED_TRANSFORMATION ( 'NONE', 'NONE', #6766,  #6752 ) ;
#7026 = SHAPE_DEFINITION_REPRESENTATION ( #7027, #6748 ) ;
#7027 = PRODUCT_DEFINITION_SHAPE ( 'NONE', 'NONE',  #6828 ) ;
#7028 = CC_DESIGN_PERSON_AND_ORGANIZATION_ASSIGNMENT ( #7033, #7030, ( #7050 ) ) ;
#7029 = CC_DESIGN_DATE_AND_TIME_ASSIGNMENT ( #7042, #7031, ( #7050 ) ) ;
#7030 = PERSON_AND_ORGANIZATION_ROLE ( 'classification_officer' ) ;
#7031 = DATE_TIME_ROLE ( 'classification_date' ) ;
#7032 = APPROVAL_PERSON_ORGANIZATION ( #7033, #7047, #7036 ) ;
#7033 = PERSON_AND_ORGANIZATION ( #7035, #7034 ) ;
#7034 = ORGANIZATION ( 'NAUO-ORG2', 'UNSPECIFIED', 'UNSPECIFIED' ) ;
#7035 = PERSON ( 'NAUO-PER2', 'UNSPECIFIED', 'UNSPECIFIED', ('UNSPECIFIED'), ('UNSPECIFIED'), ('UNSPECIFIED') ) ;
#7036 = APPROVAL_ROLE ( '' ) ;
#7037 = APPROVAL_DATE_TIME ( #7038, #7047 ) ;
#7038 = DATE_AND_TIME ( #7039, #7040 ) ;
#7039 = CALENDAR_DATE ( 2011, 14, 6 ) ;
#7040 = LOCAL_TIME ( 13, 21, 54.00000000000000000, #7041 ) ;
#7041 = COORDINATED_UNIVERSAL_TIME_OFFSET ( 5, 0, .BEHIND. ) ;
#7042 = DATE_AND_TIME ( #7043, #7044 ) ;
#7043 = CALENDAR_DATE ( 2011, 14, 6 ) ;
#7044 = LOCAL_TIME ( 13, 21, 54.00000000000000000, #7045 ) ;
#7045 = COORDINATED_UNIVERSAL_TIME_OFFSET ( 5, 0, .BEHIND. ) ;
#7046 = CC_DESIGN_APPROVAL ( #7047, ( #7050 ) ) ;
#7047 = APPROVAL ( #7048, 'UNKNOWN' ) ;
#7048 = APPROVAL_STATUS ( 'not_yet_approved' ) ;
#7049 = CC_DESIGN_SECURITY_CLASSIFICATION ( #7050, ( #7052 ) ) ;
#7050 = SECURITY_CLASSIFICATION ( '', '', #7051 ) ;
#7051 = SECURITY_CLASSIFICATION_LEVEL ( 'unclassified' ) ;
#7052 = NEXT_ASSEMBLY_USAGE_OCCURRENCE ( 'NAUO2', ' ', ' ', #6866, #6828, $ ) ;
#7053 = PRODUCT_DEFINITION_SHAPE ( 'NONE', 'NONE',  #7052 ) ;
#7054 =( REPRESENTATION_RELATIONSHIP ('NONE','NONE', #6772, #6748 ) REPRESENTATION_RELATIONSHIP_WITH_TRANSFORMATION ( #7055 )SHAPE_REPRESENTATION_RELATIONSHIP( ) );
#7055 = ITEM_DEFINED_TRANSFORMATION ( 'NONE', 'NONE', #6762,  #6752 ) ;
#7056 = CONTEXT_DEPENDENT_SHAPE_REPRESENTATION ( #7024, #7023 ) ;
#7057 = CONTEXT_DEPENDENT_SHAPE_REPRESENTATION ( #7054, #7053 ) ;
#7058 = EDGE_CURVE ( 'NONE', #4306, #570, #6694, .T. ) ;
#7059 = EDGE_LOOP ( 'NONE', ( #7072, #4316, #4308, #129 ) ) ;
#7060 = ORIENTED_EDGE ( 'NONE', *, *, #354, .T. ) ;
#7061 = ADVANCED_FACE ( 'NONE', ( #6689 ), #6685, .F. ) ;
#7062 = ORIENTED_EDGE ( 'NONE', *, *, #7058, .T. ) ;
#7063 = VERTEX_POINT ( 'NONE', #6686 ) ;
#7064 = ORIENTED_EDGE ( 'NONE', *, *, #355, .T. ) ;
#7065 = EDGE_CURVE ( 'NONE', #225, #7069, #6737, .T. ) ;
#7066 = EDGE_CURVE ( 'NONE', #217, #221, #6732, .T. ) ;
#7067 = VERTEX_POINT ( 'NONE', #6727 ) ;
#7068 = ORIENTED_EDGE ( 'NONE', *, *, #7065, .T. ) ;
#7069 = VERTEX_POINT ( 'NONE', #6726 ) ;
#7070 = EDGE_CURVE ( 'NONE', #7067, #4310, #6725, .T. ) ;
#7071 = ORIENTED_EDGE ( 'NONE', *, *, #624, .F. ) ;
#7072 = ORIENTED_EDGE ( 'NONE', *, *, #7070, .T. ) ;
ENDSEC;
END-ISO-10303-21;
